user_000000	0 1,1 1,2 1,3 0,4 1,5 1,6 1,7 1,8 1,9 1,10 1,0 1,11 1,2 1,3 0,12 1,6 1,13 1,9 1,14 1,10 1,0 1,15 1,1 1,2 1,16 1,6 1,7 1,17 1,9 1,18 1,19 1,20 1,21 1,22 1,23 1,24 1,25 1,26 1,27 1,28 1,29 1,30 1,31 1,32 1,33 1,34 1,35 1,36 1,37 1,38 1,39 1,40 1,41 1,42 1,43 1,44 1,45 1,46 1,47 1,48 1,49 1,50 1,51 1,52 1,53 1,54 1,55 1,56 1,57 1,48 1,58 1,49 1,59 1,50 1,51 1,60 1,61 1,56 1,57 1,58 1,51 1,52 1,60 1,61 1,54 1,62 1,63 1,56 1,57 1,64 1,65 1,66 1,67 1,68 1,69 1,70 1,71 1,72 1,73 1,64 1,74 1,65 1,67 1,68 1,69 1,70 1,71 1,72 1,73 1,64 1,74 1,65 1,66 1,67 1,69 1,70 1,71 1,73 1,75 1,76 1,77 1,78 1,79 1,80 1,81 1,82 1,83 1,84 1,85 1,86 1,87 1,88 1,89 1,90 1,91 1,92 1,93 1,94 1,95 1,96 1,97 1,98 1,99 1,100 1,101 1,102 1,103 1,104 1,105 1,106 1,107 1,108 1,109 1,110 1,111 1,112 1,113 1,114 1,115 1,116 1,117 1,118 1,119 1,120 1,121 1,122 1,123 1,124 1,124 1,125 1,126 1,127 1,92 1,56 1,128 1,129 1,130 1,131 1,132 1,133 1,134 1,135 1,136 1,137 1,138 1,139 1,140 1,141 1,142 1
user_000001	143 1,144 1,0 1,11 1,15 1,16 1,17 0,8 1,13 1,9 0,144 1,0 1,11 1,15 1,4 1,16 1,5 1,7 1,17 1,8 1,145 1,18 1,146 1,19 1,147 0,23 1,148 1,149 1,150 1,151 1,152 1,146 1,21 1,147 1,22 1,148 1,153 1,149 1,150 1,25 1,18 1,19 1,21 1,147 1,22 1,23 1,148 1,153 1,150 1,27 1,28 1,29 1,30 1,31 1,32 1,33 1,34 1,35 1,36 1,37 1,38 1,154 1,155 1,41 1,42 1,156 1,157 1,158 1,159 1,47 1,58 1,49 1,59 1,50 1,53 1,61 1,62 1,63 1,56 1,57 1,64 1,74 1,67 1,68 1,69 1,70 1,71 1,72 1,73 1,75 1,160 1,161 1,162 1,77 1,79 1,163 1,164 1,165 1,87 1,125 1,166 1,167 1,168 1,169 1,90 1,127 1,91 1,170 1,171 1,93 1,96 1,100 1,101 1,102 1,103 1,104 1,105 1,172 1,107 1,173 1,108 1,109 1,111 1,112 1,113 1,174 1,115 1,118 1,119 1,121 1,175 1,176 1,177 1,122 1,123 1,178 1,124 1,124 1,77 1,87 1,125 1,126 1,127 1,42 1,67 1,128 1,179 1,180 1,130 1,181 1,182 1,183 1,184 1,135 1,185 1,137 1,139 1,186 1,142 1,187 1
user_000002	0 1,11 1,15 1,2 1,4 1,5 1,12 1,17 1,13 1,9 1,145 1,18 1,20 1,22 1,188 1,23 1,24 1,25 1,26 1,27 1,28 1,29 1,30 1,31 1,32 1,33 1,34 1,35 1,36 1,37 1,39 1,40 1,155 1,189 1,42 1,44 1,45 1,158 1,159 1,47 1,58 1,49 1,50 1,51 1,53 1,61 1,54 1,62 1,56 1,57 1,64 1,65 1,66 1,67 1,68 1,69 1,70 1,71 1,72 1,73 1,78 1,165 1,86 1,190 1,87 1,191 1,88 1,192 1,167 1,193 1,194 1,169 1,126 1,195 1,196 1,90 1,127 1,197 1,92 1,171 1,96 1,97 1,99 1,101 1,105 1,172 1,198 1,107 1,108 1,109 1,111 1,112 1,199 1,114 1,116 1,118 1,120 1,175 1,176 1,122 1,178 1,124 1,81 1,83 1,87 1,94 1,92 1,42 1,67 1,128 1,180 1,200 1,181 1,201 1,131 1,182 1,183 1,133 1,184 1,135 1,185 1,138 1,139 1,140 1,186 1,202 1,141 1,203 1,204 1,187 1
user_000003	143 1,11 1,15 1,1 1,3 1,16 1,5 1,12 1,6 1,14 1,152 1,145 1,19 1,20 1,188 1,148 1,24 1,149 1,25 1,27 1,19 1,20 1,21 1,22 1,188 1,148 1,153 1,149 1,25 1,26 1,28 1,29 1,30 1,31 1,32 1,33 1,34 1,35 1,36 1,37 1,28 1,29 1,30 1,31 1,32 1,33 1,34 1,35 1,36 1,37 1,39 1,205 1,154 1,40 1,155 1,157 1,206 1,158 1,46 1,159 1,38 1,39 1,207 1,40 1,42 1,43 1,156 1,206 1,45 1,158 1,48 1,58 1,51 1,52 1,53 1,61 1,54 1,63 1,56 1,57 1,74 1,65 1,66 1,67 1,68 1,70 1,71 1,72 1,73 1,75 1,160 1,161 1,162 1,79 1,80 1,208 1,165 1,83 1,84 1,167 1,89 1,209 1,210 1,127 1,211 1,197 1,212 1,171 1,94 1,95 1,96 1,97 1,98 1,99 1,213 1,103 1,106 1,172 1,198 1,108 1,110 1,111 1,112 1,199 1,114 1,174 1,117 1,120 1,121 1,122 1,123 1,178 1,124 1,81 1,83 1,87 1,214 1,126 1,94 1,207 1,42 1,56 1,67 1,128 1,179 1,200 1,130 1,181 1,201 1,182 1,215 1,135 1,136 1,185 1,139 1,140 1,141 1,203 1,216 1,187 1
user_000004	144 1,0 1,1 1,2 1,4 1,16 1,5 1,12 1,9 1,14 1,152 1,19 1,21 1,147 1,188 1,148 1,24 1,150 1,26 1,27 1,28 1,29 1,30 1,31 1,32 1,33 1,34 1,35 1,36 1,37 1,38 1,39 1,207 1,40 1,41 1,44 1,156 1,157 1,158 1,159 1,48 1,58 1,49 0,59 1,50 1,51 1,52 0,60 1,54 1,63 1,58 1,49 1,59 1,50 1,51 1,62 1,55 1,63 1,56 1,57 1,64 1,74 0,66 1,67 1,68 1,69 1,71 1,72 1,73 1,75 1,64 1,74 1,65 1,66 1,67 1,68 1,70 0,71 1,72 1,73 1,64 1,74 1,65 1,67 1,68 1,69 1,70 1,71 1,72 1,73 1,160 1,77 1,78 1,79 1,163 1,80 1,81 1,86 1,87 1,166 1,168 1,193 1,214 1,126 1,210 1,196 1,127 1,211 1,92 1,171 1,98 1,213 1,101 1,102 1,103 1,105 1,172 1,198 1,173 1,110 1,111 1,112 1,113 1,174 1,115 1,116 1,118 1,120 1,176 1,177 1,122 1,124 1,124 1,77 1,83 1,87 1,125 1,214 1,127 1,94 1,92 1,207 1,52 1,56 1,128 1,179 1,129 1,200 1,217 1,181 1,201 1,131 1,134 1,184 1,136 1,138 1,202 1,142 1,216 1,187 1
user_000005	143 1,144 1,0 1,1 1,3 1,5 1,12 1,6 1,7 1,14 1,18 0,146 1,20 1,21 1,188 1,23 1,24 1,150 1,151 1,27 1,19 1,20 1,21 1,147 1,188 1,24 1,153 1,150 1,26 1,27 1,28 1,29 1,30 1,31 1,32 1,33 1,34 1,35 1,36 1,37 1,38 1,39 0,154 1,41 1,42 1,43 1,44 1,156 1,157 1,206 1,207 1,205 1,154 1,155 1,189 1,44 1,156 1,157 1,158 1,159 1,48 1,49 1,59 1,50 1,60 1,61 1,54 1,62 1,56 1,57 1,64 1,74 1,66 1,67 1,68 1,69 1,70 1,72 1,73 1,75 1,160 1,76 1,78 1,80 1,81 1,165 1,84 1,192 1,125 1,89 1,218 1,214 1,195 1,210 1,196 1,127 1,197 1,170 1,171 1,94 1,96 1,98 1,100 1,213 1,105 1,106 1,172 1,173 1,108 1,109 1,112 1,199 1,114 1,174 1,115 1,116 1,117 1,118 1,120 1,122 1,178 1,124 1,77 1,83 1,87 1,125 1,214 1,127 1,94 1,92 1,207 1,52 1,56 1,73 1,128 1,179 1,180 1,130 1,217 1,181 1,201 1,131 1,132 1,134 1,136 1,137 1,138 1,139 1,202 1,204 1
user_000006	10 1,143 1,144 1,11 1,3 1,5 1,6 1,17 1,9 1,14 1,10 1,143 1,144 1,2 1,3 1,16 0,5 0,7 1,17 1,14 1,145 1,18 1,146 1,21 1,147 1,23 1,150 1,26 1,151 1,27 1,152 1,145 1,18 1,146 1,147 1,148 1,149 1,25 1,26 1,27 1,18 1,19 1,20 1,147 1,22 1,24 1,153 1,25 1,26 1,27 1,28 1,29 1,30 1,31 1,32 1,33 1,34 1,35 1,36 1,37 1,207 1,40 1,155 1,41 1,42 1,206 1,45 1,158 1,46 1,47 1,38 1,154 1,40 1,189 1,41 1,206 1,45 1,46 1,159 1,47 1,207 1,154 1,155 1,189 1,41 1,43 1,156 1,157 1,206 1,46 1,48 1,59 1,50 1,51 1,52 1,60 1,62 1,63 1,56 1,57 1,58 1,59 1,51 1,52 1,60 1,53 1,62 1,55 1,56 1,57 1,48 1,49 1,50 1,52 1,60 1,53 1,61 1,55 1,63 1,57 1,64 1,65 1,66 1,67 1,68 1,69 1,70 1,72 1,73 1,75 1,64 1,74 1,66 1,67 1,68 1,69 1,70 1,72 1,73 1,75 1,64 1,74 1,65 1,66 1,69 1,70 1,71 1,72 1,73 1,75 1,160 1,161 1,162 1,77 1,78 1,80 1,208 1,83 1,84 1,85 1,86 1,191 1,192 1,166 1,214 1,126 1,210 1,91 1,170 1,93 1,96 1,98 1,99 1,100 1,213 1,104 1,105 1,106 1,198 1,107 1,173 1,109 1,112 1,199 1,113 1,114 1,174 1,117 1,118 1,120 1,121 1,175 1,176 1,122 1,178 1,124 1,77 1,87 1,125 1,126 1,127 1,94 1,92 1,59 1,52 1,128 1,179 1,129 1,200 1,132 1,184 1,135 1,136 1,185 1,137 1,138 1,139 1,142 1,216 1,204 1
user_000007	143 1,11 1,15 1,2 1,4 1,5 1,12 1,6 1,8 1,9 1,146 1,20 1,147 1,22 1,188 1,149 1,150 1,25 1,26 1,27 1,28 1,29 1,30 1,31 1,32 1,33 1,34 1,35 1,36 1,37 1,205 1,40 1,155 1,41 1,42 1,43 1,157 1,206 1,46 1,159 1,59 1,50 1,52 1,60 1,53 1,61 1,54 1,62 1,55 1,63 1,64 1,74 1,65 1,67 1,68 1,69 1,70 1,71 1,73 1,75 1,160 1,76 1,77 1,78 1,79 1,163 1,165 1,84 1,166 1,168 1,218 1,194 1,214 1,169 1,196 1,197 1,212 1,93 1,94 1,95 1,97 1,98 1,99 1,100 1,101 1,102 1,103 1,109 1,114 1,116 1,117 1,118 1,119 1,120 1,175 1,176 1,177 1,122 1,123 1,124 1,124 1,77 1,83 1,214 1,126 1,127 1,94 1,92 1,42 1,59 1,67 1,128 1,179 1,129 1,200 1,130 1,131 1,182 1,183 1,132 1,133 1,134 1,184 1,135 1,136 1,185 1,138 1,186 1,202 1,187 1
user_000008	10 1,143 1,1 1,2 1,3 1,7 1,17 1,13 1,9 1,14 1,18 1,146 1,19 1,20 1,21 1,24 1,153 1,25 1,26 1,27 1,28 1,29 1,30 1,31 1,32 1,33 1,34 1,35 1,36 1,37 1,38 1,39 1,154 1,41 1,42 1,156 1,158 1,46 1,159 1,47 1,49 1,59 1,51 1,52 1,60 1,61 1,54 1,62 1,55 1,63 1,64 1,74 1,65 1,66 1,67 1,68 1,69 1,70 1,72 1,73 1,77 1,164 1,83 1,84 1,85 1,88 1,125 1,168 1,89 1,193 1,214 1,209 1,126 1,210 1,127 1,91 1,211 1,170 1,212 1,95 1,97 1,101 1,103 1,104 1,105 1,172 1,198 1,173 1,108 1,109 1,112 1,199 1,113 1,114 1,174 1,115 1,116 1,117 1,118 1,120 1,175 1,176 1,177 1,122 1,123 1,124 1,124 1,81 1,87 1,125 1,214 1,127 1,42 1,73 1,219 1,179 1,129 1,200 1,201 1,131 1,183 1,132 1,134 1,136 1,185 1,137 1,139 1,140 1,202 1,204 1
user_000009	143 1,11 1,2 1,3 1,4 0,7 1,17 1,8 1,13 1,14 1,143 1,0 1,15 1,3 1,4 1,5 1,12 1,6 1,7 1,8 1,152 0,18 0,20 1,147 1,22 1,24 1,153 1,25 1,151 1,27 1,152 1,145 1,19 1,147 1,22 1,23 1,153 1,149 1,150 1,151 1,28 1,29 1,30 1,31 1,32 1,33 1,34 1,35 1,36 1,37 1,38 1,207 1,154 1,155 1,42 1,206 1,158 1,46 1,159 1,47 1,48 1,58 1,49 1,59 1,50 1,51 1,53 1,61 1,62 1,55 1,64 0,74 1,66 1,67 1,69 1,70 1,71 1,72 1,73 1,75 1,74 1,65 1,66 1,67 1,68 1,70 1,71 1,72 1,73 1,75 1,161 1,77 1,163 1,164 1,208 1,165 1,84 1,86 1,191 1,88 1,166 1,168 1,209 1,195 1,210 1,127 1,197 1,92 1,171 1,94 1,96 1,97 1,98 1,213 1,103 1,172 1,107 1,173 1,108 1,109 1,110 1,111 1,112 1,199 1,114 1,174 1,115 1,118 1,119 1,120 1,121 1,175 1,122 1,123 1,178 1,124 1,87 1,125 1,214 1,126 1,94 1,207 1,42 1,56 1,67 1,128 1,200 1,130 1,181 1,201 1,183 1,134 1,215 1,135 1,136 1,137 1,140 1,141 1,204 1,187 1
user_000010	143 1,0 1,11 1,1 1,2 1,12 1,6 1,7 1,9 1,14 1,146 1,20 1,147 1,22 1,188 1,24 1,153 1,149 1,150 1,151 1,28 1,29 1,30 1,31 1,32 1,33 1,34 1,35 1,36 1,37 1,38 1,39 1,207 1,41 1,42 1,43 1,156 1,158 1,46 1,159 1,39 1,207 1,155 1,189 1,42 1,43 1,157 1,45 1,158 1,159 1,207 1,205 1,189 1,41 1,42 1,43 1,44 1,156 1,158 1,159 1,58 1,49 1,50 1,51 1,52 1,53 1,61 1,54 1,63 1,57 1,48 1,58 1,59 1,51 1,60 1,53 1,54 1,62 1,63 1,56 1,48 1,58 1,49 1,59 1,51 1,52 1,60 1,61 1,62 1,63 1,64 1,65 1,66 1,67 1,68 1,69 1,70 1,72 1,73 1,75 1,64 1,74 1,65 1,66 1,67 1,68 1,69 1,70 1,73 1,75 1,74 1,65 1,66 1,67 1,69 1,70 1,71 1,72 1,73 1,75 1,161 1,162 1,86 1,87 1,125 1,166 1,167 1,218 1,209 1,169 1,210 1,196 1,90 1,91 1,197 1,92 1,170 1,212 1,94 1,95 1,97 1,98 1,99 1,213 1,102 1,104 1,105 1,106 1,172 1,173 1,111 1,112 1,114 1,174 1,116 1,118 1,120 1,175 1,176 1,122 1,123 1,124 1,83 1,125 1,127 1,94 1,92 1,207 1,42 1,59 1,52 1,67 1,73 1,128 1,219 1,200 1,130 1,201 1,131 1,182 1,183 1,133 1,137 1,138 1,139 1,140 1,186 1,142 1,204 1,187 1
user_000011	10 1,143 1,144 1,11 1,4 1,16 1,5 1,12 1,7 1,17 1,145 0,18 1,146 1,147 1,22 1,23 1,148 1,153 0,26 1,27 1,152 1,145 1,18 1,19 1,147 0,24 1,149 1,150 0,25 1,151 1,145 1,19 1,21 1,22 1,188 1,24 1,153 1,150 1,26 1,27 1,28 1,29 1,30 1,31 1,32 1,33 0,34 1,35 0,36 1,37 1,28 1,29 1,30 1,31 1,32 1,33 1,34 1,35 1,36 1,37 1,38 1,205 1,155 1,189 1,42 1,44 1,156 1,158 1,46 1,159 1,48 1,58 1,59 1,50 1,51 1,60 1,53 1,61 1,62 0,56 1,58 1,49 0,50 1,52 1,60 1,61 1,62 1,55 1,63 1,56 1,58 1,59 1,50 1,51 1,60 1,53 1,54 1,62 1,55 1,56 1,64 1,74 1,65 1,66 1,68 1,69 1,71 1,72 1,73 1,75 1,161 1,76 1,162 1,78 1,79 1,80 1,81 1,164 1,191 1,88 1,192 1,125 1,167 1,89 1,193 1,126 1,195 1,197 1,93 1,94 1,96 1,213 1,102 1,105 1,172 1,107 1,173 1,108 1,109 1,110 1,113 1,114 1,115 1,116 1,118 1,119 1,120 1,121 1,122 1,123 1,178 1,124 1,124 1,81 1,83 1,94 1,42 1,59 1,52 1,67 1,73 1,219 1,179 1,129 1,180 1,200 1,130 1,217 1,181 1,201 1,182 1,183 1,132 1,133 1,134 1,135 1,185 1,138 1,203 1,187 1
user_000012	144 1,0 1,11 1,15 1,1 1,16 1,6 1,8 1,9 1,14 1,19 1,21 1,147 1,22 1,188 1,148 1,149 1,150 0,26 1,27 1,145 1,146 1,21 1,147 1,22 1,148 1,150 1,25 1,26 1,27 1,28 1,29 1,30 1,31 1,32 1,33 1,34 1,35 1,36 1,37 1,207 1,154 1,40 1,155 1,42 1,43 1,156 1,157 1,45 1,46 1,48 1,58 1,59 1,50 1,52 1,53 1,61 1,54 1,62 1,56 1,64 1,74 1,65 1,68 1,69 1,70 1,71 1,72 1,73 1,75 1,160 1,79 1,163 1,81 1,208 1,165 1,83 1,84 1,168 1,89 1,218 1,193 1,194 1,209 1,195 1,127 1,91 1,211 1,170 1,94 1,96 1,99 1,100 1,213 1,103 1,105 1,106 1,172 1,107 1,110 1,111 1,199 1,113 1,114 1,120 1,178 1,124 1,77 1,83 1,87 1,126 1,127 1,92 1,207 1,42 1,59 1,56 1,73 1,219 1,180 1,200 1,130 1,181 1,201 1,131 1,182 1,132 1,133 1,134 1,215 1,135 1,185 1,137 1,186 1,202 1,141 1,203 1,216 1,204 1,187 1
user_000013	144 1,1 1,2 1,3 1,4 1,12 1,6 1,7 1,17 1,14 1,145 1,18 1,20 1,21 1,147 1,23 1,24 1,153 1,26 1,27 1,28 1,29 1,30 1,31 1,32 1,33 1,34 1,35 1,36 1,37 1,38 1,207 1,40 0,189 1,42 1,43 1,44 1,206 1,159 1,47 1,38 1,207 1,40 1,155 1,42 1,44 1,156 1,157 1,45 1,46 1,48 1,59 1,50 1,51 1,60 1,53 1,62 1,55 1,63 1,56 1,64 1,74 1,65 1,66 1,68 1,69 1,70 1,71 1,73 1,75 1,77 1,163 1,81 1,82 1,208 1,83 1,86 1,190 1,87 1,191 1,125 1,89 1,218 1,214 1,126 1,196 1,91 1,197 1,171 1,95 1,96 1,97 1,98 1,99 1,213 1,101 1,102 1,104 1,105 1,173 1,108 1,109 1,111 1,112 1,114 1,115 1,117 1,119 1,120 1,121 1,175 1,123 1,178 1,83 1,125 1,94 1,207 1,59 1,56 1,67 1,73 1,128 1,179 1,129 1,180 1,130 1,181 1,201 1,131 1,134 1,184 1,135 1,138 1,139 1,202 1,141 1,203 1,216 1,204 1,187 1
user_000014	144 1,15 1,1 1,2 1,4 1,5 1,12 1,7 1,17 1,8 1,10 1,15 1,2 1,3 1,4 1,16 1,5 1,6 1,9 1,14 1,145 1,18 1,146 1,20 1,21 1,150 1,25 1,26 1,151 1,27 1,152 1,145 1,18 1,21 1,147 1,23 1,148 1,153 1,149 1,25 1,28 1,29 1,30 1,31 1,32 1,33 1,34 1,35 1,36 1,37 1,28 1,29 1,30 1,31 1,32 1,33 1,34 1,35 1,36 1,37 1,207 1,205 1,154 1,155 1,41 1,43 1,157 1,206 1,45 1,46 1,207 1,154 1,40 1,155 1,41 1,43 1,156 1,157 1,206 1,45 1,48 1,49 1,50 1,51 1,52 1,60 1,62 1,55 1,63 1,56 1,48 1,58 1,50 1,52 1,53 1,62 1,55 1,63 1,56 1,57 1,58 1,49 1,59 1,50 1,52 1,60 1,54 1,63 1,56 1,57 1,64 1,74 1,65 1,67 1,68 1,69 1,71 1,72 1,73 1,75 1,74 1,65 1,66 1,67 1,69 1,70 1,71 1,72 1,73 1,75 1,64 1,74 1,65 1,66 1,67 1,69 1,70 1,71 1,72 1,73 1,160 1,161 1,162 1,163 1,164 1,208 1,84 1,87 1,191 1,167 1,218 1,193 1,194 1,169 1,195 1,90 1,127 1,91 1,211 1,212 1,96 1,97 1,98 1,99 1,213 1,101 1,102 1,103 1,104 1,173 1,108 1,109 1,110 1,112 1,199 1,116 1,119 1,121 1,176 1,122 1,123 1,124 1,124 1,77 1,81 1,83 1,87 1,125 1,214 1,127 1,92 1,207 1,59 1,52 1,73 1,129 1,200 1,130 1,181 1,201 1,131 1,135 1,185 1,140 1,186 1,141 1,142 1,203 1,216 1,204 1
user_000015	144 1,0 1,2 1,3 1,4 1,5 1,12 1,7 1,17 1,14 1,152 1,19 1,20 1,147 0,22 1,23 1,148 1,153 1,149 1,150 1,152 1,19 1,21 1,147 1,188 1,148 1,24 1,153 1,150 1,27 1,18 1,19 1,20 1,21 1,188 1,148 1,150 1,25 1,151 1,27 1,28 1,29 1,30 1,31 1,32 1,33 1,34 1,35 1,36 1,37 1,207 1,205 1,155 1,189 1,42 1,156 1,206 1,45 1,158 1,46 1,48 1,59 1,50 1,51 1,52 1,60 1,61 1,55 1,63 1,56 1,64 1,74 1,65 1,66 1,68 1,69 1,71 1,72 1,73 1,75 1,64 1,74 1,65 1,66 1,67 1,68 1,70 1,71 1,73 1,75 1,74 1,65 1,66 1,67 1,68 1,69 1,70 1,72 1,73 1,75 1,80 1,81 1,82 1,83 1,84 1,87 1,88 1,166 1,167 1,89 1,218 1,214 1,169 1,195 1,210 1,90 1,91 1,211 1,92 1,93 1,97 1,99 1,101 1,102 1,103 1,104 1,105 1,198 1,107 1,173 1,110 1,111 1,114 1,174 1,115 1,117 1,120 1,176 1,122 1,123 1,124 1,77 1,81 1,83 1,214 1,127 1,92 1,42 1,59 1,52 1,67 1,73 1,219 1,129 1,200 1,181 1,201 1,132 1,133 1,184 1,215 1,136 1,185 1,137 1,138 1,140 1,141 1,203 1,216 1,204 1
user_000016	143 1,144 1,0 1,15 1,4 1,16 1,12 1,17 1,13 1,14 1,152 1,145 1,18 1,146 1,21 1,23 1,150 1,25 1,151 1,27 1,28 1,29 1,30 1,31 1,32 1,33 1,34 1,35 1,36 1,37 1,39 1,205 1,40 1,189 1,41 1,44 1,156 1,206 1,45 1,46 1,58 1,49 1,59 1,50 1,51 1,60 1,53 1,54 1,56 1,57 1,74 1,66 1,67 1,68 1,69 1,70 1,71 1,72 1,73 1,75 1,160 1,76 1,163 1,82 1,85 1,190 1,87 1,191 1,88 1,125 1,168 1,218 1,209 1,169 1,196 1,127 1,91 1,211 1,170 1,95 1,96 1,97 1,99 1,103 1,104 1,105 1,172 1,198 1,107 1,173 1,108 1,111 1,199 1,113 1,174 1,116 1,118 1,120 1,175 1,176 1,177 1,124 1,77 1,83 1,87 1,125 1,214 1,126 1,127 1,94 1,92 1,207 1,219 1,180 1,200 1,181 1,201 1,182 1,133 1,134 1,135 1,136 1,185 1,139 1,140 1,202 1,142 1,216 1,204 1,187 1
user_000017	143 1,144 1,11 1,3 1,4 1,6 1,7 1,17 1,8 1,9 1,145 1,19 1,20 1,147 1,188 1,23 1,24 1,153 1,149 1,150 1,28 1,29 1,30 1,31 1,32 1,33 1,34 1,35 1,36 1,37 1,154 1,40 1,155 1,189 1,41 1,44 1,157 1,206 1,158 1,47 1,48 1,49 1,59 1,51 1,52 1,53 1,62 1,63 1,56 1,57 1,64 0,74 1,66 1,67 1,68 1,69 1,71 1,72 1,73 1,75 1,64 1,74 1,65 1,66 1,67 1,68 1,69 1,70 1,71 1,75 1,161 1,76 1,77 1,81 1,86 1,190 1,191 1,192 1,166 1,167 1,168 1,218 1,193 1,209 1,169 1,195 1,196 1,91 1,211 1,171 1,96 1,97 1,99 1,102 1,103 1,104 1,172 1,107 1,108 1,109 1,112 1,199 1,113 1,174 1,117 1,119 1,175 1,176 1,177 1,122 1,123 1,178 1,124 1,81 1,83 1,125 1,214 1,94 1,92 1,207 1,52 1,73 1,128 1,219 1,130 1,181 1,131 1,182 1,183 1,133 1,134 1,135 1,136 1,185 1,139 1,140 1,202 1,203 1,216 1,187 1
user_000018	10 0,143 0,0 1,1 1,4 0,12 1,17 0,8 0,13 1,9 0,0 1,15 0,1 1,2 1,3 1,5 1,7 1,8 1,13 1,14 1,10 1,143 1,15 1,1 1,3 1,6 1,7 1,8 1,13 1,9 1,18 0,146 1,21 1,22 0,188 1,24 1,149 0,25 1,151 1,27 1,152 1,145 1,19 1,20 0,22 1,23 1,148 1,153 0,25 1,151 0,152 1,20 1,21 1,147 1,188 1,23 1,150 1,26 1,151 1,27 1,28 1,29 1,30 1,31 1,32 1,33 1,34 1,35 1,36 1,37 1,207 1,205 1,154 1,40 1,189 1,43 1,156 1,206 1,159 1,47 1,58 1,50 1,51 1,52 1,60 1,53 1,62 0,55 1,63 1,57 1,58 0,49 1,59 1,51 1,52 1,60 1,54 1,62 1,55 1,56 1,48 1,58 1,49 1,59 1,50 1,52 1,60 1,53 1,61 1,57 1,64 1,74 1,66 1,67 1,68 1,69 1,71 1,72 1,73 1,75 1,161 1,76 1,77 1,164 1,83 1,84 1,85 1,191 1,192 1,89 1,218 1,209 1,126 1,195 1,196 1,90 1,127 1,211 1,197 1,170 1,96 1,100 1,213 1,101 1,103 1,104 1,172 1,107 1,173 1,110 1,111 1,199 1,115 1,119 1,120 1,121 1,175 1,176 1,177 1,123 1,178 1,124 1,124 1,77 1,83 1,214 1,127 1,94 1,92 1,42 1,59 1,52 1,67 1,73 1,180 1,200 1,130 1,201 1,131 1,183 1,133 1,184 1,185 1,137 1,138 1,139 1,203 1,216 1,204 1,187 1
user_000019	10 1,143 0,144 1,2 0,4 0,5 1,12 1,6 0,7 1,9 1,143 1,11 1,2 1,3 1,4 1,5 1,12 1,7 1,8 0,14 1,10 1,144 1,0 1,1 1,3 1,16 1,12 1,7 1,8 1,9 1,145 1,18 1,146 1,20 1,147 1,23 1,24 1,149 1,25 1,27 1,28 1,29 1,30 1,31 1,32 1,33 1,34 1,35 1,36 1,37 1,38 1,207 1,205 1,154 1,42 1,43 1,44 1,156 1,206 1,45 1,58 1,59 1,51 1,52 1,53 1,61 1,54 1,62 1,63 1,57 1,64 1,65 1,66 1,67 1,68 1,69 1,71 1,72 1,73 1,75 1,161 1,76 1,78 1,79 1,80 1,208 1,83 1,84 1,85 1,86 1,190 1,87 1,125 1,89 1,218 1,194 1,214 1,169 1,91 1,212 1,96 1,97 1,98 1,99 1,100 1,101 1,103 1,105 1,107 1,173 1,109 1,112 1,199 1,114 1,116 1,117 1,120 1,175 1,177 1,123 1,178 1,124 1,77 1,81 1,83 1,87 1,125 1,127 1,94 1,92 1,207 1,56 1,67 1,73 1,128 1,129 1,200 1,130 1,201 1,182 1,132 1,134 1,184 1,215 1,185 1,138 1,140 1,186 1,216 1,187 1
user_000020	10 1,0 1,1 1,3 1,4 0,5 1,12 1,6 1,17 1,14 1,10 1,143 1,15 1,1 1,2 1,12 1,6 1,7 1,17 1,8 1,146 1,19 1,20 1,21 1,147 1,23 1,148 1,149 1,25 1,26 1,28 1,29 1,30 1,31 1,32 1,33 1,34 1,35 1,36 1,37 1,38 1,39 1,205 1,155 1,42 1,43 1,157 1,45 1,158 1,47 1,48 0,58 0,50 1,51 0,60 1,61 1,62 1,55 1,56 1,57 1,48 1,58 1,59 1,50 1,60 1,53 1,54 1,62 1,56 1,57 1,64 1,74 1,65 1,66 1,68 1,69 1,70 1,71 1,73 1,75 1,160 1,161 1,79 1,80 1,81 1,82 1,190 1,87 1,167 1,168 1,218 1,214 1,169 1,210 1,196 1,127 1,91 1,197 1,170 1,93 1,96 1,99 1,213 1,101 1,102 1,105 1,106 1,109 1,110 1,111 1,199 1,114 1,117 1,119 1,121 1,175 1,122 1,124 1,124 1,83 1,87 1,125 1,214 1,126 1,94 1,92 1,59 1,52 1,56 1,73 1,128 1,219 1,179 1,129 1,200 1,217 1,131 1,132 1,133 1,184 1,135 1,136 1,185 1,137 1,139 1,186 1,202 1,141 1,142 1,216 1
user_000021	144 1,0 1,15 1,2 1,3 1,16 1,12 1,6 1,13 1,14 1,18 0,146 1,21 1,22 1,188 1,153 1,149 1,150 1,26 1,27 1,152 1,145 1,19 0,147 1,188 1,148 1,153 1,150 1,25 1,151 1,145 1,146 1,20 1,147 1,188 1,23 1,24 1,153 1,25 1,27 1,28 1,29 1,30 1,31 1,32 1,33 1,34 1,35 1,36 1,37 1,39 1,154 0,155 1,41 1,42 1,44 1,156 1,158 1,46 1,47 1,38 1,207 1,154 1,41 1,42 1,43 1,44 1,156 1,45 1,158 1,48 1,58 1,49 1,59 0,50 1,53 1,61 1,55 1,63 1,56 1,58 1,49 1,59 1,50 1,51 1,60 1,53 1,55 1,56 1,57 1,48 1,58 1,49 1,60 1,53 1,61 1,54 1,62 1,63 1,57 1,64 1,66 1,67 0,68 1,69 1,70 1,71 1,72 1,73 1,75 1,64 1,74 1,65 1,66 1,67 1,69 1,70 1,71 1,72 1,73 1,161 1,77 1,78 1,79 1,81 1,164 1,85 1,86 1,190 1,191 1,88 1,192 1,218 1,90 1,91 1,197 1,92 1,170 1,171 1,95 1,98 1,100 1,101 1,105 1,172 1,107 1,108 1,109 1,110 1,111 1,112 1,113 1,115 1,116 1,119 1,120 1,176 1,123 1,178 1,124 1,77 1,83 1,125 1,126 1,127 1,92 1,52 1,56 1,73 1,128 1,219 1,179 1,180 1,217 1,201 1,183 1,132 1,184 1,215 1,135 1,185 1,137 1,138 1,140 1,186 1,202 1,141 1,216 1,204 1,187 1
user_000022	10 1,143 1,0 1,15 1,3 1,16 1,6 1,8 1,9 1,14 1,152 1,18 1,146 1,21 1,22 1,148 1,24 1,150 1,26 1,27 1,28 1,29 1,30 1,31 1,32 1,33 1,34 0,35 1,36 1,37 1,28 1,29 1,30 1,31 1,32 1,33 1,34 1,35 1,36 1,37 1,207 1,205 1,154 1,40 1,42 1,43 1,157 1,206 1,45 1,158 1,48 1,58 1,49 1,51 1,52 1,53 1,62 1,63 1,56 1,57 0,48 1,58 1,49 1,51 1,61 1,54 1,55 1,63 1,56 1,57 1,64 1,74 1,65 1,67 1,68 1,69 1,70 1,71 1,72 1,73 1,160 1,163 1,81 1,82 1,83 1,84 1,191 1,88 1,125 1,166 1,89 1,218 1,193 1,214 1,209 1,126 1,210 1,211 1,171 1,93 1,96 1,97 1,98 1,99 1,100 1,213 1,101 1,102 1,104 1,172 1,107 1,173 1,199 1,113 1,114 1,174 1,118 1,119 1,175 1,123 1,178 1,124 1,77 1,81 1,83 1,87 1,214 1,127 1,92 1,42 1,67 1,73 1,179 1,180 1,200 1,130 1,217 1,183 1,134 1,215 1,135 1,136 1,185 1,140 1,186 1,202 1,141 1,203 1,204 1,187 1
user_000023	10 1,144 1,0 1,11 1,15 1,12 1,6 1,17 1,8 1,13 1,145 1,19 1,21 1,147 1,22 1,148 1,24 1,150 1,26 1,151 0,152 1,19 1,21 1,147 1,188 1,23 1,148 1,153 1,150 1,25 1,28 1,29 1,30 1,31 1,32 1,33 0,34 1,35 1,36 1,37 1,28 1,29 1,30 1,31 1,32 1,33 1,34 1,35 1,36 1,37 1,207 1,205 1,40 1,155 1,42 1,44 1,156 1,206 1,158 1,159 1,48 1,49 0,59 1,60 1,53 1,61 1,54 1,55 1,63 1,56 1,48 1,58 1,59 1,60 1,61 1,54 1,55 1,63 1,56 1,57 1,64 1,74 1,65 1,67 1,68 1,69 1,70 1,71 1,73 1,75 1,78 1,163 1,80 1,164 1,208 1,165 1,86 1,87 1,191 1,88 1,168 1,218 1,209 1,126 1,210 1,196 1,211 1,92 1,93 1,95 1,96 1,99 1,100 1,101 1,104 1,172 1,198 1,107 1,173 1,109 1,111 1,112 1,114 1,174 1,115 1,117 1,118 1,120 1,175 1,177 1,123 1,178 1,124 1,77 1,87 1,125 1,214 1,94 1,207 1,56 1,67 1,219 1,130 1,201 1,131 1,132 1,133 1,134 1,184 1,135 1,137 1,138 1,139 1,140 1,186 1,202 1,141 1,142 1,204 1,187 1
user_000024	143 1,1 1,2 1,3 1,4 1,16 1,17 1,8 1,13 1,9 1,152 1,145 1,18 1,21 1,188 1,23 1,148 1,150 1,26 1,151 1,28 1,29 1,30 1,31 1,32 1,33 1,34 1,35 1,36 1,37 1,207 1,205 1,155 1,41 1,42 1,156 1,157 1,206 1,45 1,158 1,48 1,58 1,49 1,51 1,60 1,61 1,62 1,63 1,56 1,57 1,64 1,74 1,66 1,67 1,68 1,70 1,71 1,72 1,73 1,75 1,162 1,77 1,163 1,81 1,208 1,165 1,85 1,190 1,192 1,125 1,166 1,168 1,89 1,194 1,169 1,195 1,91 1,171 1,94 1,95 1,96 1,98 1,101 1,102 1,103 1,104 1,105 1,172 1,198 1,173 1,108 1,112 1,113 1,115 1,121 1,175 1,177 1,123 1,124 1,81 1,83 1,125 1,214 1,94 1,92 1,42 1,59 1,52 1,56 1,67 1,73 1,179 1,129 1,180 1,130 1,217 1,201 1,132 1,215 1,135 1,136 1,185 1,137 1,186 1,202 1,141 1,203 1,216 1,204 1,187 1
user_000025	143 1,0 1,15 1,1 1,4 1,5 1,7 1,17 1,8 1,9 1,10 1,144 1,11 0,2 0,3 1,16 0,6 0,17 0,8 0,13 0,145 1,146 1,19 1,147 1,188 0,153 1,149 1,25 1,26 1,27 1,152 1,145 1,146 1,19 1,188 1,148 1,24 1,149 1,26 1,27 1,28 1,29 0,30 1,31 1,32 1,33 0,34 1,35 0,36 1,37 1,28 1,29 1,30 1,31 1,32 1,33 1,34 1,35 1,36 1,37 1,38 1,39 1,205 1,155 1,42 1,43 0,44 1,157 1,206 1,46 1,38 1,207 1,155 1,41 1,42 1,44 1,156 1,206 1,158 1,46 1,48 1,58 1,49 1,59 1,52 0,53 1,54 1,63 1,56 1,57 1,58 1,50 1,51 1,52 1,60 1,61 1,54 1,62 1,55 1,63 1,64 1,74 1,65 1,67 1,69 1,70 1,71 1,72 0,73 1,75 1,64 1,74 1,65 1,66 1,68 0,69 1,70 1,71 1,73 1,75 1,65 1,66 1,67 1,68 1,69 1,70 1,71 1,72 1,73 1,75 1,161 1,78 1,163 1,80 1,190 1,191 1,192 1,168 1,89 1,193 1,194 1,214 1,169 1,196 1,90 1,127 1,91 1,211 1,212 1,171 1,97 1,99 1,100 1,213 1,101 1,102 1,103 1,105 1,108 1,111 1,199 1,113 1,114 1,174 1,115 1,116 1,119 1,122 1,124 1,124 1,77 1,83 1,87 1,214 1,127 1,42 1,56 1,67 1,73 1,128 1,219 1,200 1,130 1,217 1,181 1,201 1,131 1,182 1,134 1,184 1,136 1,185 1,186 1,202 1,141 1,142 1,203 1,216 1,204 1,187 1
user_000026	10 1,143 1,0 1,11 1,2 0,16 1,5 1,12 1,7 1,13 1,10 1,143 1,144 1,15 1,4 1,5 1,12 1,7 1,17 1,13 1,19 1,20 1,147 0,22 1,188 1,23 1,153 1,149 1,151 1,27 1,145 1,146 1,19 1,20 1,21 1,23 1,24 1,150 1,26 1,27 1,28 0,29 1,30 1,31 1,32 1,33 1,34 1,35 1,36 1,37 1,28 1,29 1,30 1,31 1,32 1,33 1,34 1,35 1,36 1,37 1,39 1,207 1,205 1,41 1,42 1,43 1,158 1,46 1,159 1,47 1,39 1,207 1,154 1,189 1,41 1,156 1,157 1,206 1,158 1,46 1,48 1,49 1,60 1,53 1,61 1,54 1,62 1,55 1,56 1,57 1,50 1,51 1,60 1,53 1,61 1,54 1,62 1,63 1,56 1,57 1,64 1,74 1,66 1,67 1,68 1,69 1,70 1,71 1,73 1,75 1,64 1,65 1,66 1,68 1,69 1,70 1,71 1,72 1,73 1,75 1,160 1,161 1,162 1,77 1,163 1,80 1,82 1,83 1,84 1,86 1,191 1,192 1,125 1,166 1,167 1,194 1,195 1,210 1,127 1,212 1,96 1,97 1,99 1,101 1,102 1,104 1,106 1,198 1,173 1,110 1,111 1,112 1,113 1,114 1,174 1,115 1,116 1,117 1,175 1,177 1,122 1,124 1,124 1,83 1,87 1,214 1,126 1,127 1,207 1,42 1,59 1,56 1,67 1,73 1,200 1,217 1,201 1,183 1,215 1,135 1,136 1,185 1,137 1,138 1,140 1,186 1,202 1,142 1,203 1,187 1
user_000027	10 1,143 1,0 1,15 1,1 1,16 1,6 1,7 1,13 1,9 1,152 0,145 0,21 0,22 0,188 1,23 1,149 1,150 1,26 1,27 1,145 1,146 1,19 1,21 1,147 0,23 1,24 1,150 1,25 1,26 1,145 1,18 1,146 1,21 1,188 1,23 1,149 1,150 1,26 1,27 1,28 1,29 1,30 1,31 1,32 1,33 1,34 1,35 1,36 1,37 1,38 1,205 1,154 1,41 1,42 1,44 1,157 1,206 1,46 1,47 1,48 1,58 1,49 1,59 1,52 1,60 1,53 1,54 1,63 1,56 1,64 1,74 1,65 1,66 1,67 1,68 1,69 1,71 1,72 1,75 1,76 1,78 1,81 1,165 1,84 1,85 1,86 1,192 1,166 1,89 1,193 1,126 1,195 1,210 1,127 1,197 1,92 1,170 1,93 1,95 1,98 1,100 1,101 1,102 1,103 1,104 1,105 1,106 1,172 1,198 1,108 1,109 1,111 1,199 1,174 1,117 1,119 1,120 1,175 1,176 1,122 1,178 1,124 1,77 1,81 1,83 1,87 1,126 1,127 1,94 1,52 1,73 1,128 1,129 1,180 1,130 1,182 1,183 1,132 1,133 1,184 1,135 1,185 1,137 1,139 1,140 1,186 1,202 1,204 1,187 1
user_000028	10 1,143 1,0 1,2 1,4 1,5 1,12 1,6 1,8 1,13 1,152 0,19 0,20 0,22 0,188 0,23 0,150 0,25 0,151 0,27 0,145 1,18 1,19 1,22 1,188 1,24 1,149 1,150 1,25 1,151 1,28 1,29 1,30 1,31 1,32 1,33 1,34 1,35 1,36 1,37 1,38 1,205 1,154 1,155 1,41 1,44 1,156 1,206 1,46 1,47 1,48 1,58 1,59 1,50 1,52 1,60 1,62 1,55 1,63 1,57 1,64 0,65 1,66 1,67 1,68 1,69 0,70 1,72 1,73 1,75 1,64 1,74 1,66 1,67 1,68 1,69 1,70 1,71 1,72 1,73 1,78 1,163 1,81 1,165 1,86 1,190 1,166 1,167 1,168 1,218 1,193 1,194 1,214 1,169 1,126 1,195 1,196 1,211 1,212 1,95 1,97 1,98 1,101 1,102 1,105 1,198 1,107 1,173 1,108 1,110 1,111 1,199 1,117 1,118 1,119 1,121 1,176 1,177 1,178 1,124 1,77 1,81 1,83 1,126 1,127 1,207 1,67 1,73 1,128 1,219 1,129 1,180 1,200 1,217 1,131 1,182 1,183 1,134 1,184 1,215 1,136 1,185 1,137 1,138 1,139 1,186 1,141 1,142 1,216 1,187 1
user_000029	10 1,144 1,11 1,1 1,2 1,12 1,6 1,8 1,13 1,14 1,145 1,19 1,21 1,147 1,188 1,24 1,149 1,150 1,25 1,151 1,28 1,29 1,30 1,31 1,32 1,33 1,34 1,35 1,36 1,37 1,39 1,207 1,189 1,41 1,42 1,43 1,44 1,156 1,157 1,158 1,48 1,58 1,49 1,59 1,50 1,51 1,53 1,54 1,55 1,56 1,64 1,74 1,67 1,68 1,69 1,70 1,71 1,72 1,73 1,75 1,78 1,163 1,81 1,82 1,165 1,83 1,84 1,85 1,86 1,191 1,88 1,166 1,168 1,89 1,193 1,90 1,127 1,211 1,170 1,95 1,101 1,102 1,103 1,198 1,173 1,108 1,111 1,112 1,113 1,114 1,174 1,117 1,119 1,120 1,121 1,122 1,124 1,77 1,81 1,83 1,125 1,214 1,126 1,127 1,94 1,92 1,59 1,52 1,67 1,128 1,219 1,179 1,129 1,180 1,130 1,182 1,183 1,132 1,133 1,134 1,184 1,215 1,136 1,137 1,138 1,140 1,202 1,141 1,204 1,187 1
user_000030	10 0,143 0,144 1,15 1,1 1,7 1,17 1,8 1,13 1,14 1,143 1,0 1,11 1,2 1,4 0,16 1,6 1,7 1,17 1,8 1,10 1,144 1,11 1,15 1,4 1,7 1,17 1,13 1,9 1,14 1,152 0,18 1,146 1,147 1,188 1,148 1,150 1,26 1,151 1,27 1,152 1,145 1,18 1,19 1,21 1,24 1,153 1,149 1,150 1,25 1,28 1,29 1,30 1,31 1,32 0,33 1,34 1,35 1,36 1,37 1,28 1,29 1,30 1,31 1,32 1,33 1,34 1,35 1,36 1,37 1,38 1,39 1,40 1,155 1,41 1,43 1,44 1,156 1,206 1,45 1,48 1,58 1,52 1,60 1,61 1,54 1,62 1,63 1,56 1,57 1,64 1,74 1,65 1,66 1,68 1,69 1,70 1,71 1,72 1,73 1,64 1,74 1,66 1,67 1,68 1,70 1,71 1,72 1,73 1,75 1,161 1,76 1,162 1,77 1,163 1,80 1,82 1,165 1,83 1,84 1,86 1,88 1,166 1,167 1,89 1,214 1,127 1,211 1,197 1,171 1,97 1,99 1,100 1,213 1,101 1,102 1,103 1,105 1,198 1,108 1,112 1,113 1,174 1,115 1,116 1,175 1,176 1,177 1,124 1,124 1,77 1,81 1,83 1,87 1,214 1,126 1,127 1,94 1,92 1,207 1,52 1,56 1,73 1,128 1,179 1,129 1,130 1,181 1,182 1,133 1,134 1,185 1,138 1,139 1,140 1,186 1,141 1,216 1,204 1,187 1
user_000031	10 1,0 1,15 1,1 1,4 1,16 1,5 1,7 1,17 1,8 1,152 1,145 1,18 1,147 1,188 1,23 1,148 1,25 1,26 1,151 1,28 1,29 1,30 1,31 1,32 1,33 1,34 1,35 1,36 1,37 1,205 1,40 1,155 1,189 1,42 1,44 1,156 1,206 1,45 1,158 1,48 1,50 1,51 1,52 1,60 1,53 1,61 1,55 1,56 1,57 1,58 1,59 1,50 1,52 1,60 1,53 1,62 1,55 1,63 1,57 1,74 1,65 1,67 1,68 1,69 1,70 1,71 1,72 1,73 1,75 1,74 1,65 1,66 1,67 1,69 1,70 1,71 1,72 1,73 1,75 1,160 1,77 1,78 1,163 1,80 1,164 1,83 1,84 1,190 1,191 1,88 1,192 1,166 1,167 1,218 1,214 1,126 1,210 1,197 1,94 1,97 1,98 1,99 1,101 1,103 1,106 1,173 1,108 1,109 1,110 1,112 1,199 1,114 1,117 1,119 1,120 1,121 1,176 1,123 1,81 1,83 1,87 1,214 1,127 1,94 1,207 1,42 1,59 1,52 1,67 1,219 1,180 1,200 1,130 1,181 1,201 1,131 1,183 1,132 1,133 1,134 1,184 1,137 1,138 1,139 1,140 1,202 1,141 1,142 1,216 1
user_000032	10 1,143 1,11 1,2 1,3 1,7 1,17 1,8 1,9 1,14 1,10 1,144 1,11 1,15 1,3 1,16 1,6 1,7 1,8 1,9 1,145 1,146 1,20 1,22 1,188 1,24 1,153 1,149 1,25 1,26 1,145 1,18 1,146 1,21 1,147 1,23 1,148 1,153 1,150 1,27 1,28 1,29 1,30 1,31 1,32 1,33 1,34 1,35 1,36 1,37 1,28 1,29 1,30 1,31 1,32 1,33 1,34 1,35 1,36 1,37 1,38 1,39 1,154 1,155 1,42 1,43 1,157 1,158 1,46 1,159 1,205 1,40 1,189 1,41 1,42 1,156 1,157 1,45 1,158 1,159 1,48 1,49 1,51 1,52 1,60 1,54 1,62 1,55 1,63 1,56 1,48 1,58 1,51 1,52 1,53 1,54 1,62 1,55 1,56 1,57 1,48 1,58 1,59 1,50 1,51 1,52 1,61 1,62 1,55 1,57 1,65 1,66 1,67 1,68 1,69 1,70 1,71 1,72 1,73 1,75 1,64 1,74 1,66 1,67 1,68 1,69 1,70 1,71 1,73 1,75 1,162 1,78 1,81 1,208 1,85 1,87 1,88 1,166 1,167 1,89 1,218 1,193 1,209 1,126 1,196 1,90 1,91 1,211 1,212 1,95 1,96 1,97 1,98 1,99 1,213 1,101 1,102 1,104 1,105 1,172 1,107 1,108 1,109 1,111 1,112 1,199 1,113 1,114 1,115 1,117 1,118 1,119 1,121 1,122 1,81 1,83 1,127 1,94 1,59 1,52 1,56 1,67 1,128 1,179 1,129 1,200 1,130 1,181 1,182 1,183 1,133 1,134 1,184 1,136 1,185 1,139 1,202 1,141 1,216 1,187 1
user_000033	143 1,11 1,15 1,2 1,4 1,5 1,6 1,7 1,17 1,8 1,152 1,20 1,21 1,22 1,188 0,23 1,148 1,24 1,153 1,149 1,145 1,146 1,19 1,21 1,147 1,23 1,24 1,153 1,25 1,151 1,28 1,29 1,30 1,31 1,32 1,33 1,34 1,35 1,36 1,37 1,205 1,154 1,155 1,189 1,41 1,43 1,44 1,45 1,158 1,47 1,58 1,49 1,59 1,50 1,51 1,60 1,53 1,61 1,54 1,57 1,64 1,74 1,65 1,66 1,67 1,68 1,69 1,70 1,72 1,75 1,79 1,80 1,81 1,164 1,208 1,84 1,190 1,87 1,192 1,166 1,89 1,218 1,214 1,209 1,195 1,196 1,127 1,92 1,170 1,93 1,97 1,98 1,102 1,106 1,172 1,198 1,110 1,112 1,199 1,116 1,118 1,120 1,175 1,177 1,122 1,178 1,124 1,124 1,77 1,81 1,83 1,125 1,126 1,127 1,94 1,207 1,42 1,59 1,52 1,128 1,219 1,179 1,129 1,180 1,200 1,130 1,131 1,132 1,133 1,184 1,136 1,137 1,138 1,139 1,140 1,186 1,202 1,142 1,216 1,187 1
user_000034	144 1,11 1,15 1,1 0,2 1,5 1,7 1,17 1,13 1,9 1,145 1,18 1,20 1,21 1,22 1,23 1,24 1,153 1,26 1,27 1,28 1,29 1,30 1,31 1,32 1,33 1,34 1,35 1,36 1,37 1,38 1,39 1,154 1,40 1,42 1,43 1,44 1,156 1,206 1,45 1,48 1,59 1,50 1,51 1,52 1,53 1,54 1,62 1,63 1,56 1,64 1,74 1,65 1,66 1,67 1,68 1,69 1,70 1,72 1,73 1,64 1,65 1,66 1,67 1,68 1,69 1,70 1,71 1,73 1,75 1,76 1,162 1,80 1,81 1,83 1,84 1,86 1,87 1,191 1,88 1,192 1,166 1,167 1,218 1,214 1,126 1,211 1,197 1,92 1,95 1,97 1,98 1,99 1,100 1,102 1,105 1,172 1,198 1,173 1,108 1,109 1,111 1,113 1,116 1,118 1,120 1,121 1,123 1,124 1,124 1,81 1,87 1,125 1,214 1,126 1,94 1,92 1,207 1,42 1,59 1,52 1,56 1,73 1,128 1,129 1,200 1,130 1,131 1,134 1,215 1,135 1,136 1,185 1,137 1,138 1,186 1,141 1,142 1,203 1,216 1
user_000035	10 1,144 1,15 1,1 1,3 1,16 1,5 1,6 1,17 1,13 1,145 1,19 1,147 0,22 1,188 1,148 1,153 1,149 1,150 1,151 1,152 0,146 1,19 1,21 1,188 0,148 1,24 1,149 1,25 1,27 0,152 0,18 0,146 1,19 1,147 0,148 1,24 1,153 1,26 1,151 1,28 1,29 1,30 1,31 1,32 1,33 1,34 1,35 1,36 1,37 1,39 1,207 1,205 1,154 1,40 1,206 1,158 1,46 1,159 1,47 1,48 1,58 1,49 1,59 1,50 1,52 1,53 1,61 1,62 1,55 1,64 1,74 1,65 1,67 1,68 1,69 1,70 1,71 1,72 1,73 1,160 1,76 1,163 1,164 1,208 1,85 1,191 1,125 1,166 1,168 1,89 1,194 1,214 1,195 1,127 1,91 1,211 1,212 1,171 1,94 1,96 1,97 1,98 1,99 1,102 1,103 1,105 1,106 1,172 1,198 1,173 1,109 1,110 1,111 1,112 1,113 1,115 1,117 1,118 1,119 1,175 1,178 1,77 1,81 1,83 1,87 1,94 1,59 1,52 1,73 1,128 1,219 1,129 1,180 1,200 1,130 1,217 1,201 1,131 1,182 1,183 1,184 1,215 1,136 1,137 1,139 1,202 1,203 1,216 1,204 1
user_000036	0 1,11 1,15 1,1 0,3 0,16 1,12 1,6 1,7 0,14 1,10 1,143 1,144 1,2 1,3 1,5 0,8 0,13 1,9 1,14 1,10 1,0 1,11 1,2 1,3 1,16 1,12 1,7 1,9 0,14 1,146 1,20 1,21 1,147 1,22 1,148 1,24 1,150 1,25 1,151 1,28 1,29 1,30 1,31 0,32 0,33 1,34 1,35 1,36 1,37 1,28 1,29 1,30 1,31 0,32 1,33 1,34 1,35 1,36 1,37 1,28 1,29 1,30 1,31 1,32 1,33 1,34 1,35 1,36 1,37 1,207 1,154 1,40 1,189 1,42 1,43 1,44 1,156 1,159 1,47 1,48 1,58 1,49 1,59 1,51 1,60 1,62 1,63 1,56 1,57 1,64 1,74 1,66 1,67 1,68 1,69 1,70 1,71 1,73 1,75 1,64 1,74 1,65 1,66 1,67 1,68 1,70 1,71 1,73 1,75 1,77 1,78 1,79 1,163 1,80 1,81 1,164 1,165 1,83 1,85 1,87 1,88 1,167 1,89 1,218 1,210 1,90 1,127 1,91 1,95 1,98 1,99 1,100 1,101 1,102 1,104 1,105 1,106 1,172 1,198 1,173 1,108 1,199 1,113 1,174 1,115 1,121 1,176 1,123 1,124 1,124 1,81 1,87 1,125 1,126 1,127 1,92 1,207 1,59 1,67 1,73 1,128 1,179 1,180 1,200 1,131 1,182 1,183 1,133 1,215 1,135 1,136 1,139 1,140 1,186 1,141 1,142 1,216 1,204 1,187 1
user_000037	143 1,144 1,15 1,2 0,4 0,5 1,6 1,13 1,9 1,14 1,144 1,11 1,1 1,2 1,3 1,12 1,6 1,8 0,13 1,9 1,10 1,143 1,15 1,3 1,4 1,16 1,17 1,8 0,13 1,9 1,152 1,18 0,19 1,147 1,22 1,23 0,148 1,149 1,150 1,151 1,145 1,146 1,19 1,20 1,21 1,148 1,24 1,153 1,149 1,27 1,28 1,29 1,30 1,31 1,32 1,33 1,34 1,35 1,36 1,37 1,38 1,205 1,155 1,189 1,41 1,44 1,206 1,158 1,46 1,47 1,48 1,49 1,51 1,52 1,60 1,53 1,61 1,63 1,56 1,57 1,64 1,74 0,67 0,68 1,69 1,70 1,71 1,72 1,73 1,75 1,64 1,65 1,66 1,67 1,68 1,70 1,71 1,72 1,73 1,75 1,160 1,161 1,78 1,79 1,81 1,208 1,83 1,84 1,86 1,191 1,125 1,168 1,169 1,196 1,90 1,91 1,92 1,171 1,94 1,95 1,96 1,98 1,103 1,104 1,105 1,106 1,172 1,198 1,107 1,173 1,108 1,199 1,113 1,114 1,174 1,116 1,117 1,118 1,119 1,120 1,121 1,177 1,122 1,77 1,81 1,83 1,87 1,126 1,207 1,42 1,59 1,56 1,128 1,179 1,217 1,181 1,201 1,131 1,132 1,134 1,184 1,215 1,135 1,136 1,185 1,138 1,139 1,141 1,142 1,204 1
user_000038	10 1,143 0,0 1,2 1,4 0,16 1,12 1,6 1,7 1,17 1,15 1,1 1,2 1,3 1,4 1,5 1,12 1,7 1,9 1,14 1,152 0,145 1,19 0,20 1,188 1,153 1,149 1,25 1,26 1,27 0,145 1,146 1,20 1,147 1,188 1,23 1,148 1,149 1,26 1,151 1,28 1,29 1,30 1,31 1,32 1,33 1,34 1,35 1,36 1,37 1,39 1,207 0,40 1,41 1,42 1,44 1,156 1,158 1,46 1,159 1,38 1,39 1,207 1,40 1,41 1,156 1,206 1,45 1,158 1,47 1,59 1,50 1,51 1,52 1,60 1,54 1,55 1,63 1,56 1,57 1,74 1,65 1,66 1,67 1,68 1,69 1,70 1,72 1,73 1,75 1,64 0,74 0,65 0,66 0,68 0,69 1,70 0,71 1,72 1,73 1,160 1,161 1,76 1,162 1,77 1,79 1,208 1,84 1,85 1,86 1,167 1,194 1,209 1,169 1,195 1,196 1,211 1,170 1,212 1,93 1,96 1,100 1,213 1,102 1,103 1,105 1,106 1,172 1,173 1,109 1,113 1,115 1,116 1,118 1,120 1,176 1,177 1,178 1,124 1,124 1,77 1,125 1,127 1,94 1,92 1,207 1,59 1,52 1,56 1,73 1,219 1,179 1,129 1,200 1,130 1,132 1,133 1,134 1,215 1,135 1,136 1,185 1,137 1,140 1,186 1,202 1,203 1,216 1,204 1,187 1
user_000039	10 1,143 1,15 1,3 1,4 0,16 1,12 0,8 1,13 1,9 1,143 1,0 1,1 1,2 1,4 1,5 1,12 1,6 1,7 1,17 1,146 1,19 0,147 1,22 1,188 1,148 1,24 1,153 1,150 1,25 1,145 1,18 0,19 1,20 1,22 1,23 1,148 1,149 1,25 1,27 1,28 1,29 1,30 1,31 1,32 1,33 1,34 1,35 1,36 1,37 1,38 1,39 1,205 1,155 1,189 1,156 1,206 1,45 1,158 1,159 1,58 1,49 1,59 1,51 1,52 1,60 1,61 1,62 1,55 1,56 1,64 1,74 1,65 1,66 1,67 1,69 1,70 1,71 1,73 1,75 1,161 1,76 1,79 1,163 1,82 1,165 1,83 1,84 1,85 1,88 1,168 1,193 1,214 1,126 1,91 1,211 1,197 1,212 1,93 1,95 1,96 1,98 1,99 1,213 1,101 1,102 1,103 1,104 1,106 1,172 1,107 1,173 1,108 1,109 1,112 1,114 1,115 1,118 1,119 1,175 1,177 1,123 1,178 1,124 1,124 1,77 1,87 1,125 1,214 1,127 1,92 1,207 1,42 1,52 1,67 1,73 1,179 1,180 1,200 1,130 1,181 1,183 1,132 1,133 1,135 1,137 1,140 1,142 1,203 1,204 1
user_000040	144 0,11 1,15 0,3 1,4 0,5 1,12 1,6 1,7 1,8 1,143 1,144 1,11 1,15 1,2 1,16 1,5 1,7 1,13 1,14 1,152 1,145 1,19 1,20 1,21 1,23 1,148 1,24 1,26 1,27 1,28 1,29 1,30 1,31 0,32 1,33 1,34 1,35 0,36 1,37 0,28 1,29 1,30 1,31 1,32 1,33 1,34 1,35 0,36 1,37 1,28 1,29 1,30 1,31 1,32 1,33 1,34 1,35 1,36 1,37 1,38 1,207 1,154 1,41 1,42 1,44 1,156 0,157 1,45 0,158 1,38 0,205 1,155 1,189 0,41 1,43 1,157 1,206 1,45 1,158 1,39 1,207 1,205 1,40 1,189 1,43 1,44 1,156 1,157 1,46 0,48 1,58 1,49 1,59 1,51 1,52 1,60 1,62 1,55 1,56 1,64 1,74 1,65 1,66 1,67 1,68 1,69 1,70 1,73 1,75 1,77 1,79 1,82 1,86 1,190 1,87 1,88 1,125 1,167 1,168 1,218 1,194 1,126 1,195 1,210 1,196 1,211 1,212 1,93 1,95 1,97 1,213 1,102 1,104 1,106 1,198 1,107 1,173 1,108 1,109 1,110 1,199 1,114 1,174 1,115 1,116 1,117 1,118 1,176 1,123 1,178 1,124 1,83 1,87 1,214 1,127 1,94 1,92 1,207 1,59 1,52 1,56 1,67 1,73 1,219 1,179 1,180 1,217 1,201 1,131 1,134 1,215 1,135 1,185 1,138 1,139 1,140 1,186 1,141 1,142 1
user_000041	0 1,11 1,1 0,2 0,3 1,12 1,17 1,13 1,9 1,14 1,144 1,0 1,2 1,3 1,4 0,16 1,5 1,6 1,8 1,14 1,143 1,0 1,15 1,1 1,2 1,16 0,6 1,17 1,8 1,13 1,152 1,21 1,147 1,22 1,188 1,23 1,153 1,150 1,25 1,151 1,145 1,146 1,20 1,147 1,188 1,23 1,24 1,150 1,151 1,27 1,152 1,18 1,19 1,147 1,22 1,148 1,24 1,150 1,25 1,26 1,28 1,29 1,30 1,31 1,32 1,33 1,34 1,35 1,36 1,37 1,28 1,29 1,30 1,31 1,32 1,33 1,34 1,35 1,36 1,37 1,28 1,29 1,30 1,31 1,32 1,33 1,34 1,35 1,36 1,37 1,205 1,154 1,40 1,155 1,189 1,43 1,44 1,156 1,157 1,47 1,39 1,154 1,40 1,155 1,189 1,44 1,157 1,206 1,159 1,47 1,39 1,207 1,205 1,189 1,41 1,157 1,206 1,45 1,159 1,47 1,59 1,50 1,51 1,53 1,61 1,54 1,62 1,63 1,56 1,57 1,48 1,58 1,50 1,51 1,52 1,53 1,62 1,55 1,63 1,56 1,48 1,58 1,49 1,59 1,50 1,51 1,54 1,55 1,56 1,57 1,64 1,74 1,66 1,67 1,68 1,69 1,70 1,71 1,73 1,75 1,64 1,74 1,65 1,66 1,67 1,69 1,70 1,71 1,73 1,75 1,64 1,74 1,65 1,66 1,67 1,70 1,71 1,72 1,73 1,75 1,76 1,78 1,80 1,81 1,164 1,208 1,165 1,83 1,192 1,167 1,168 1,214 1,126 1,195 1,210 1,197 1,92 1,170 1,94 1,95 1,97 1,99 1,100 1,213 1,101 1,102 1,103 1,104 1,105 1,172 1,108 1,109 1,111 1,112 1,113 1,114 1,119 1,120 1,121 1,122 1,123 1,124 1,77 1,81 1,87 1,125 1,214 1,126 1,127 1,94 1,92 1,207 1,42 1,67 1,73 1,128 1,200 1,181 1,201 1,131 1,183 1,133 1,134 1,138 1,139 1,186 1,202 1,141 1,142 1,187 1
user_000042	15 1,1 1,2 1,3 1,4 0,16 1,12 1,17 1,8 1,9 1,10 1,143 1,144 1,3 1,4 0,16 1,6 1,7 1,13 1,9 1,143 1,144 1,11 1,2 1,4 1,5 1,6 1,7 1,17 1,14 1,152 1,145 1,21 1,22 1,188 1,24 1,149 1,150 1,25 1,151 1,28 1,29 1,30 1,31 1,32 1,33 1,34 1,35 1,36 1,37 1,154 1,40 1,155 1,189 1,42 1,156 1,157 1,206 1,159 1,47 1,48 1,58 1,49 1,59 1,50 1,51 1,52 1,53 1,62 1,57 1,64 1,74 1,65 1,66 1,67 1,70 1,71 1,72 1,73 1,75 1,78 1,79 1,163 1,81 1,190 1,88 1,192 1,167 1,218 1,193 1,194 1,214 1,209 1,126 1,196 1,91 1,92 1,170 1,171 1,95 1,96 1,97 1,99 1,213 1,102 1,104 1,198 1,107 1,108 1,109 1,110 1,111 1,112 1,199 1,113 1,114 1,174 1,115 1,116 1,119 1,175 1,177 1,122 1,123 1,178 1,87 1,214 1,127 1,94 1,59 1,52 1,56 1,128 1,179 1,129 1,181 1,131 1,182 1,132 1,133 1,135 1,185 1,137 1,138 1,140 1,186 1,202 1,142 1,216 1,187 1
user_000043	10 1,0 1,15 1,2 1,4 1,16 0,6 1,7 1,17 1,14 1,10 1,0 1,15 1,2 1,4 1,5 0,12 1,7 1,17 1,13 1,10 1,144 1,11 1,1 1,2 1,5 0,12 1,7 1,9 1,14 1,152 1,146 1,19 1,21 1,147 1,24 1,149 1,25 1,151 1,27 1,146 1,20 1,21 1,147 1,188 1,23 1,148 1,153 1,26 1,151 1,152 1,146 1,147 1,22 1,188 1,148 1,153 1,149 1,150 1,26 1,28 1,29 1,30 1,31 1,32 1,33 1,34 1,35 1,36 1,37 1,28 1,29 1,30 1,31 1,32 1,33 1,34 1,35 1,36 1,37 1,28 1,29 1,30 1,31 1,32 1,33 1,34 1,35 1,36 1,37 1,38 1,39 1,207 1,154 1,40 1,43 1,44 1,45 1,158 1,47 1,207 1,205 1,154 1,41 1,42 1,157 1,158 1,46 1,159 1,47 1,39 1,154 1,155 1,189 1,42 1,43 1,44 1,45 1,158 1,46 1,58 1,59 1,50 1,51 1,52 1,53 1,62 1,63 1,56 1,57 1,48 1,49 1,59 1,50 1,52 1,53 1,61 1,54 1,55 1,56 1,48 1,49 1,59 1,50 1,51 1,53 1,61 1,54 1,62 1,56 1,64 1,74 1,65 1,66 1,68 1,70 1,71 1,72 1,73 1,75 1,64 1,65 1,66 1,68 1,69 1,70 1,71 1,72 1,73 1,75 1,64 1,74 1,65 1,66 1,67 1,68 1,69 1,70 1,71 1,72 1,76 1,78 1,208 1,85 1,87 1,88 1,192 1,125 1,167 1,168 1,89 1,193 1,214 1,196 1,90 1,91 1,92 1,170 1,93 1,95 1,96 1,97 1,99 1,100 1,213 1,101 1,102 1,106 1,172 1,198 1,109 1,110 1,111 1,112 1,114 1,174 1,115 1,116 1,117 1,120 1,121 1,175 1,177 1,124 1,83 1,87 1,214 1,127 1,94 1,92 1,207 1,52 1,73 1,128 1,219 1,180 1,130 1,181 1,201 1,131 1,215 1,185 1,137 1,138 1,139 1,186 1,202 1,141 1,142 1,216 1
user_000044	144 1,0 1,15 1,1 1,3 1,5 1,12 1,17 1,8 0,13 1,144 1,0 1,1 1,2 0,4 1,16 1,6 1,17 1,9 1,14 1,10 1,143 1,0 1,1 1,3 1,12 1,6 1,17 1,8 1,14 1,152 1,145 1,19 1,20 1,21 1,24 1,153 1,149 1,151 1,27 1,28 1,29 1,30 1,31 1,32 1,33 1,34 1,35 1,36 1,37 1,38 1,154 1,40 1,41 1,42 1,156 1,157 1,206 1,159 1,47 1,48 1,58 1,51 1,52 1,60 1,53 1,61 1,62 1,55 1,57 1,58 1,49 1,59 1,51 1,60 1,53 1,61 1,62 1,55 1,56 1,64 1,74 1,65 1,66 1,67 1,68 1,69 1,71 1,72 1,73 1,161 1,76 1,77 1,78 1,82 1,208 1,165 1,83 1,84 1,86 1,190 1,191 1,166 1,209 1,90 1,127 1,197 1,171 1,94 1,95 1,98 1,100 1,213 1,101 1,103 1,105 1,172 1,198 1,107 1,108 1,110 1,113 1,114 1,174 1,116 1,120 1,175 1,176 1,122 1,123 1,178 1,77 1,81 1,83 1,125 1,126 1,127 1,94 1,92 1,207 1,42 1,59 1,56 1,67 1,128 1,200 1,130 1,181 1,201 1,183 1,133 1,184 1,135 1,136 1,138 1,139 1,140 1,141 1,203 1,187 1
user_000045	10 1,0 1,11 1,2 0,4 1,5 1,12 1,6 1,17 1,8 0,10 1,143 1,0 1,15 1,3 1,12 1,7 1,8 1,13 1,9 1,152 1,145 1,18 1,20 1,188 1,148 1,25 1,26 1,151 1,27 1,28 0,29 0,30 0,31 0,32 0,33 0,34 0,35 0,36 0,37 0,28 1,29 1,30 1,31 1,32 0,33 0,34 1,35 1,36 1,37 1,28 1,29 1,30 1,31 1,32 1,33 1,34 1,35 1,36 1,37 1,38 1,207 1,205 1,40 1,41 0,43 1,44 1,156 1,206 1,46 1,205 1,154 1,155 1,189 1,42 1,43 1,156 1,157 1,158 1,159 1,48 1,58 1,50 1,51 1,52 1,54 0,62 1,55 1,63 1,57 1,48 1,58 1,49 1,59 1,50 1,52 1,53 1,62 1,63 1,56 1,74 1,66 1,67 1,68 1,69 1,70 1,71 1,72 1,73 1,75 1,161 1,76 1,162 1,77 1,79 1,81 1,82 1,84 1,88 1,125 1,168 1,89 1,193 1,209 1,195 1,210 1,127 1,197 1,170 1,212 1,213 1,102 1,105 1,106 1,172 1,198 1,109 1,199 1,114 1,115 1,116 1,117 1,118 1,120 1,121 1,175 1,176 1,177 1,122 1,124 1,77 1,87 1,214 1,127 1,207 1,59 1,52 1,56 1,67 1,73 1,128 1,179 1,200 1,130 1,183 1,133 1,134 1,184 1,215 1,135 1,136 1,185 1,140 1,186 1,202 1,141 1,142 1,203 1,216 1,187 1
user_000046	10 1,143 1,11 1,2 0,4 1,5 0,6 1,17 1,13 1,9 1,10 1,144 1,15 1,1 1,4 1,16 1,5 0,7 1,17 1,14 1,143 1,0 1,11 1,15 1,4 1,6 1,7 0,8 1,9 1,14 1,145 1,18 1,146 1,22 1,188 1,24 1,153 1,150 1,25 1,27 1,28 1,29 1,30 1,31 1,32 1,33 1,34 1,35 1,36 1,37 1,38 1,207 1,154 1,40 1,155 1,43 1,157 1,206 1,45 1,158 1,49 1,59 1,50 1,51 1,52 1,60 1,61 1,54 1,62 1,56 1,64 1,74 1,65 1,66 1,67 1,68 1,69 1,71 1,72 1,73 1,160 1,162 1,77 1,82 1,164 1,84 1,86 1,88 1,125 1,166 1,167 1,168 1,218 1,195 1,196 1,90 1,127 1,197 1,92 1,94 1,97 1,100 1,213 1,102 1,103 1,104 1,105 1,106 1,109 1,112 1,199 1,114 1,174 1,115 1,116 1,118 1,120 1,121 1,176 1,177 1,123 1,178 1,124 1,124 1,81 1,83 1,125 1,126 1,127 1,94 1,42 1,67 1,128 1,219 1,129 1,200 1,201 1,131 1,182 1,133 1,134 1,215 1,137 1,138 1,139 1,140 1,186 1,202 1,141 1,216 1
user_000047	143 1,144 1,0 1,1 1,3 1,12 0,8 0,13 1,9 1,14 1,10 1,143 1,0 1,2 1,3 1,16 1,12 1,6 1,7 1,17 1,145 1,19 1,20 0,21 1,147 1,24 1,153 1,149 1,26 1,27 1,19 1,21 1,147 1,22 1,188 1,23 1,148 1,149 1,150 1,151 1,28 1,29 0,30 0,31 0,32 1,33 1,34 0,35 1,36 1,37 1,28 1,29 1,30 1,31 1,32 1,33 1,34 1,35 1,36 1,37 1,38 1,207 0,40 1,41 1,42 1,157 1,206 1,45 1,158 1,46 1,38 1,207 1,205 1,40 1,189 1,44 1,156 1,206 1,158 1,46 1,48 1,59 0,50 1,60 1,53 1,61 1,55 1,63 1,56 1,57 1,64 1,65 1,66 1,67 1,68 1,69 1,70 1,71 1,72 1,73 1,160 1,77 1,78 1,79 1,208 1,165 1,83 1,84 1,191 1,192 1,167 1,168 1,218 1,209 1,169 1,90 1,127 1,212 1,93 1,94 1,98 1,100 1,101 1,102 1,103 1,104 1,105 1,172 1,173 1,110 1,111 1,112 1,113 1,174 1,115 1,116 1,117 1,118 1,119 1,175 1,178 1,124 1,124 1,77 1,81 1,83 1,87 1,125 1,214 1,126 1,92 1,207 1,42 1,56 1,73 1,128 1,219 1,130 1,181 1,182 1,183 1,132 1,184 1,136 1,137 1,186 1,142 1,203 1,216 1,204 1
user_000048	143 1,144 1,0 1,1 1,2 1,6 1,7 1,8 0,9 1,14 1,10 1,143 1,1 1,2 1,4 1,5 1,6 1,8 0,9 1,14 1,10 1,143 1,0 1,2 1,4 1,5 1,12 1,6 1,7 1,17 1,152 0,146 1,19 1,21 1,147 0,23 1,24 1,153 1,26 1,151 1,152 1,19 1,147 1,22 1,188 1,148 1,24 1,149 1,25 1,27 1,28 1,29 1,30 1,31 1,32 1,33 1,34 1,35 1,36 1,37 1,38 1,154 1,155 1,41 1,42 1,156 1,157 1,206 1,45 1,47 1,48 1,58 1,59 1,51 1,52 1,53 1,61 1,55 1,63 1,56 1,64 1,74 1,66 1,68 1,69 1,70 1,71 1,72 1,73 1,75 1,160 1,161 1,76 1,78 1,163 1,164 1,165 1,84 1,85 1,86 1,190 1,166 1,168 1,194 1,196 1,91 1,197 1,170 1,212 1,95 1,97 1,213 1,103 1,106 1,172 1,198 1,173 1,108 1,110 1,111 1,174 1,118 1,119 1,120 1,121 1,122 1,123 1,124 1,77 1,83 1,87 1,125 1,214 1,126 1,207 1,42 1,59 1,67 1,73 1,128 1,219 1,179 1,129 1,180 1,217 0,131 1,183 1,133 1,215 1,136 1,185 1,137 1,138 1,139 1,140 1,186 1,142 1,203 1,216 1,204 1
user_000049	10 1,143 0,0 1,11 1,15 1,5 1,17 1,8 1,13 1,14 1,10 1,143 1,144 0,0 1,11 1,5 1,6 1,17 1,9 1,14 1,144 1,11 1,1 1,3 1,4 1,5 1,6 1,8 1,9 1,14 1,152 1,145 1,18 1,146 1,20 1,23 1,153 1,149 1,150 1,26 1,28 1,29 1,30 1,31 1,32 1,33 1,34 1,35 1,36 1,37 1,154 1,40 1,155 1,41 1,42 1,156 1,157 1,206 1,45 1,159 1,48 1,58 1,49 1,52 1,61 1,54 1,62 1,55 1,63 1,57 1,64 1,66 1,67 0,68 1,69 1,70 1,71 1,72 1,73 1,75 1,64 1,74 1,65 1,66 1,68 1,69 1,70 1,71 1,72 1,75 1,160 1,161 1,77 1,79 1,80 1,81 1,208 1,165 1,85 1,87 1,88 1,193 1,169 1,126 1,90 1,127 1,92 1,170 1,212 1,95 1,98 1,100 1,101 1,103 1,104 1,106 1,173 1,108 1,113 1,114 1,174 1,115 1,116 1,117 1,119 1,120 1,175 1,176 1,177 1,123 1,178 1,124 1,124 1,77 1,81 1,87 1,127 1,94 1,92 1,207 1,42 1,59 1,52 1,73 1,219 1,129 1,200 1,217 0,182 1,183 1,133 1,134 1,184 1,136 1,138 1,202 1,141 1,142 1,216 1,187 1
user_000050	143 0,144 1,15 1,1 1,2 0,12 1,6 1,7 1,8 0,14 1,144 1,0 1,15 1,3 1,4 1,16 1,5 1,12 1,6 1,13 1,18 1,146 1,19 1,22 1,188 0,148 1,153 1,150 0,26 1,27 1,18 1,146 1,20 1,21 1,147 1,24 1,149 1,150 0,26 1,27 1,145 1,146 1,19 1,20 1,188 1,148 1,24 1,153 1,149 1,27 1,28 1,29 1,30 1,31 1,32 0,33 0,34 0,35 0,36 1,37 1,28 1,29 1,30 1,31 1,32 1,33 1,34 1,35 1,36 1,37 1,38 1,39 1,154 1,40 1,41 1,43 1,156 1,157 1,159 1,47 1,58 1,59 1,51 1,52 1,60 1,53 1,54 1,63 1,56 1,57 1,74 1,65 1,67 1,68 1,69 1,70 1,71 1,72 1,73 1,75 1,160 1,76 1,162 1,79 1,81 1,208 1,165 1,83 1,190 1,166 1,126 1,195 1,196 1,127 1,91 1,211 1,92 1,171 1,93 1,95 1,97 1,98 1,213 1,101 1,102 1,104 1,105 1,106 1,173 1,110 1,111 1,199 1,113 1,114 1,174 1,115 1,117 1,121 1,177 1,123 1,178 1,124 1,125 1,126 1,94 1,92 1,207 1,42 1,67 1,73 1,179 1,200 1,217 0,182 1,183 1,132 1,134 1,215 1,135 1,136 1,185 1,138 1,139 1,140 1,186 1,202 1,141 1,142 1,203 1,187 1
user_000051	143 1,0 1,11 1,15 1,1 1,16 1,7 1,17 1,8 1,13 1,152 1,145 1,18 0,146 1,22 1,24 1,153 1,149 1,151 1,27 1,152 1,18 1,19 1,147 0,188 1,23 1,153 1,150 0,26 1,27 1,152 1,19 1,20 1,21 1,188 1,23 1,153 1,149 1,25 1,26 1,28 1,29 1,30 1,31 1,32 1,33 1,34 1,35 1,36 1,37 1,38 1,205 1,155 1,189 1,41 1,156 1,206 1,45 1,158 1,47 1,48 1,58 1,49 1,52 1,61 1,54 1,62 1,55 1,63 0,57 1,48 1,49 1,51 1,52 1,60 1,53 1,61 1,62 1,56 1,57 1,64 1,74 1,65 0,66 1,68 1,69 1,70 1,71 1,72 1,75 1,64 1,74 1,65 1,67 1,68 0,70 1,71 1,72 1,73 1,75 1,74 1,65 1,66 1,67 1,68 1,69 1,70 1,71 1,72 1,75 1,161 1,76 1,162 1,80 1,82 1,87 1,191 1,88 1,166 1,167 1,168 1,214 1,169 1,195 1,196 1,90 1,127 1,91 1,171 1,95 1,96 1,98 1,99 1,101 1,106 1,107 1,173 1,108 1,109 1,110 1,111 1,174 1,115 1,116 1,118 1,120 1,121 1,175 1,177 1,124 1,77 1,81 1,83 1,214 1,126 0,92 1,207 1,42 1,59 1,52 1,67 1,73 1,219 1,179 1,129 1,200 1,130 1,217 1,181 1,184 1,215 1,135 1,185 1,137 1,139 1,140 1,186 1,202 1,142 1,204 1
user_000052	10 1,143 0,15 1,1 1,2 1,5 0,12 1,6 1,13 1,9 1,143 1,0 1,1 1,2 1,3 0,5 1,7 1,17 1,8 0,14 1,10 1,11 1,1 1,3 1,4 1,5 1,12 1,7 1,8 1,9 1,146 1,21 1,147 1,22 1,188 1,23 1,24 1,153 1,26 1,151 1,28 1,29 1,30 0,31 1,32 1,33 0,34 1,35 1,36 1,37 1,28 1,29 1,30 1,31 1,32 1,33 1,34 1,35 1,36 1,37 1,207 1,154 0,40 1,155 1,189 1,44 1,206 1,45 1,46 1,47 1,38 1,207 1,205 1,155 1,189 1,43 1,44 1,157 1,159 1,47 1,58 1,59 1,51 1,52 1,60 1,53 1,61 0,54 1,62 0,57 1,48 1,50 1,51 1,60 1,53 1,61 1,54 1,55 1,63 1,57 1,64 1,74 1,65 1,66 1,68 1,69 1,70 1,71 1,72 0,73 1,64 1,74 1,65 1,66 1,67 1,68 1,70 1,72 1,73 1,75 1,160 1,76 1,162 1,79 1,80 1,82 1,190 1,87 1,168 1,218 1,194 1,214 1,169 1,126 1,210 1,196 1,127 1,197 1,171 1,94 1,96 1,97 1,98 1,100 1,102 1,103 1,172 1,173 1,108 1,109 1,112 1,199 1,114 1,116 1,117 1,119 1,120 1,121 1,176 1,123 1,124 1,124 1,81 1,83 1,87 1,126 1,127 1,94 1,92 1,52 1,56 1,73 1,128 1,219 1,179 1,180 1,200 1,130 1,217 0,181 1,133 1,134 1,184 1,185 1,137 1,140 1,202 1,141 1,142 1,204 1
user_000053	11 1,15 1,1 1,2 1,4 1,6 1,7 1,8 0,13 1,14 1,143 1,0 1,15 1,1 1,2 1,16 1,5 1,6 1,17 1,14 1,152 1,145 1,20 1,21 1,22 1,23 1,153 1,26 1,151 1,27 1,28 0,29 0,30 0,31 0,32 0,33 0,34 0,35 0,36 0,37 0,28 1,29 1,30 1,31 1,32 1,33 1,34 1,35 0,36 1,37 1,28 1,29 1,30 1,31 1,32 1,33 1,34 1,35 1,36 1,37 1,207 1,205 1,40 1,41 1,42 1,43 1,156 1,158 1,46 1,47 1,49 0,59 1,52 1,60 1,53 1,54 1,62 0,55 1,63 1,57 1,48 1,58 1,49 1,50 1,52 1,60 1,61 1,54 1,62 1,56 1,64 1,74 1,65 1,66 1,69 0,70 1,71 1,72 0,73 1,75 1,64 1,65 1,66 1,67 1,68 1,70 1,71 1,72 1,73 1,75 1,162 1,79 1,81 1,165 1,83 1,86 1,190 1,87 1,88 1,166 1,167 1,218 1,193 1,214 1,209 1,126 1,90 1,212 1,171 1,94 1,96 1,97 1,100 1,213 1,101 1,102 1,103 1,105 1,106 1,172 1,198 1,173 1,108 1,110 1,112 1,199 1,114 1,174 1,115 1,119 1,122 1,178 1,124 1,77 1,81 0,125 1,94 1,92 1,42 1,59 1,56 1,67 1,128 1,129 1,130 1,217 1,181 1,182 1,183 1,133 1,134 1,184 1,185 1,137 1,139 1,140 1,202 1,142 1,204 1,187 1
user_000054	143 1,144 1,0 1,1 1,4 1,16 1,5 1,12 1,8 1,9 1,10 0,144 0,0 1,1 1,3 1,16 1,12 1,7 1,9 1,14 1,152 1,146 1,19 1,147 1,188 1,148 1,153 1,25 1,151 1,27 1,28 1,29 1,30 1,31 1,32 1,33 1,34 1,35 1,36 1,37 1,39 0,205 1,40 1,189 1,41 1,156 0,157 1,206 0,158 1,47 0,39 1,40 0,155 0,189 0,41 0,44 0,156 1,157 0,158 1,47 1,38 1,39 1,207 1,205 1,155 1,43 1,156 1,45 1,46 1,47 1,48 1,58 1,59 1,51 1,52 1,60 1,53 1,61 1,54 1,56 1,64 1,66 1,67 1,68 1,69 0,70 1,71 1,72 1,73 1,75 1,65 1,66 1,67 1,68 1,69 1,70 1,71 1,72 1,73 1,75 1,161 1,163 1,81 1,208 1,165 1,86 1,125 1,166 1,167 1,218 1,193 1,194 1,214 1,196 1,91 1,197 1,92 1,170 1,171 1,93 1,96 1,97 1,100 1,101 1,102 1,103 1,105 1,106 1,172 1,107 1,173 1,108 1,109 1,199 1,114 1,115 1,116 1,119 1,123 1,178 1,124 1,124 1,81 1,83 1,125 1,214 1,126 1,127 1,94 1,42 1,52 1,56 1,67 1,179 1,180 1,130 1,217 0,181 1,201 1,131 1,183 1,133 1,137 1,138 1,139 1,202 1,141 1,203 1,216 1,187 1
user_000055	10 1,143 1,144 1,0 1,4 1,16 1,12 1,6 1,8 1,9 1,19 1,20 1,21 0,147 0,22 1,23 1,148 1,25 1,151 1,27 1,145 1,146 1,19 1,21 1,147 1,23 1,153 1,150 1,26 1,151 1,28 1,29 1,30 1,31 1,32 1,33 1,34 1,35 1,36 1,37 1,38 1,39 1,205 1,189 1,41 1,44 1,157 1,45 1,158 1,46 1,58 1,59 1,51 1,52 1,60 1,61 1,54 1,55 1,56 1,57 1,64 1,74 1,66 1,67 1,68 1,69 1,71 1,72 1,73 1,75 1,162 1,77 1,163 1,80 1,82 1,164 1,208 1,83 1,85 1,86 1,125 1,194 1,214 1,169 1,127 1,91 1,92 1,170 1,171 1,93 1,96 1,98 1,99 1,102 1,103 1,104 1,172 1,107 1,173 1,109 1,110 1,111 1,112 1,114 0,174 1,115 1,116 1,121 1,175 1,176 1,122 1,124 1,124 1,77 1,81 1,83 1,87 1,214 1,126 1,127 1,94 1,42 1,56 1,67 1,180 1,130 1,217 1,181 1,182 1,133 1,134 1,135 1,136 1,185 1,137 1,138 1,140 1,186 1,204 1,187 1
user_000056	144 1,0 1,15 1,1 1,2 0,17 1,8 1,13 1,9 1,14 1,10 1,143 1,11 0,1 1,3 1,12 1,6 1,7 1,8 1,9 1,0 1,11 1,15 1,1 1,3 1,5 1,12 1,7 1,17 1,13 1,152 1,145 1,146 1,19 1,188 1,148 1,24 1,150 1,26 1,151 1,28 0,29 0,30 0,31 0,32 0,33 0,34 0,35 0,36 0,37 0,28 1,29 1,30 1,31 1,32 1,33 1,34 1,35 1,36 1,37 1,205 1,154 1,40 1,155 1,41 1,156 1,157 1,206 1,45 1,46 1,48 1,49 1,59 1,52 1,53 1,61 1,54 1,55 1,56 1,57 1,64 1,74 1,66 1,67 1,69 1,70 1,71 1,72 1,73 1,75 1,160 1,162 1,165 1,83 1,86 1,190 1,87 1,88 1,125 1,167 1,89 1,218 1,193 1,214 1,210 1,196 1,90 1,127 1,91 1,92 1,98 1,99 1,100 1,213 1,101 1,102 1,103 1,104 0,105 1,172 1,198 1,107 1,112 1,199 1,115 1,117 1,119 1,121 1,175 1,176 1,177 1,123 1,178 1,124 1,125 1,94 1,42 1,59 1,56 1,67 1,73 1,219 1,179 1,130 1,217 1,131 1,182 1,183 1,133 1,134 1,184 1,215 1,185 1,137 1,139 1,186 1,141 1,203 1,216 1,204 1
user_000057	143 1,1 1,2 1,3 1,4 1,5 1,12 1,6 1,17 1,8 1,152 1,18 1,19 1,21 1,147 1,148 1,153 1,149 1,26 1,27 1,28 1,29 1,30 1,31 0,32 1,33 1,34 1,35 0,36 1,37 1,28 1,29 1,30 1,31 1,32 1,33 1,34 1,35 1,36 1,37 1,207 1,205 1,40 1,189 1,41 1,43 1,206 1,158 1,46 1,47 1,58 1,50 1,51 0,53 1,61 1,54 1,62 1,63 1,56 1,57 1,48 1,49 1,50 1,52 1,60 1,53 1,61 1,54 1,62 1,57 1,64 1,66 1,67 1,68 1,69 1,70 1,71 1,72 1,73 1,75 1,160 1,163 1,82 1,164 1,83 1,86 1,190 1,192 1,125 1,166 1,218 1,194 1,214 1,209 1,210 1,127 1,170 1,212 1,93 1,95 1,96 1,98 1,99 1,213 1,101 1,102 1,103 1,104 1,105 1,198 1,107 1,173 1,108 1,109 1,111 1,112 1,199 1,113 1,115 1,118 1,120 1,176 1,122 1,123 0,178 1,124 1,124 1,77 1,125 1,126 1,127 1,92 1,207 1,42 1,59 1,56 1,73 1,217 1,181 1,201 1,183 1,184 1,215 1,136 1,137 1,139 1,140 1,202 1,141 1,204 1
user_000058	143 0,144 1,11 1,15 1,3 0,5 1,12 1,17 1,13 1,9 0,10 1,143 1,1 1,3 1,4 1,16 1,12 1,7 1,8 1,13 1,152 1,145 1,146 1,19 1,22 1,23 1,24 1,153 1,26 1,27 1,28 1,29 1,30 1,31 1,32 1,33 1,34 1,35 1,36 1,37 1,38 1,155 1,189 1,41 1,42 1,43 1,44 1,157 1,46 0,47 1,39 1,207 1,154 1,40 1,41 1,43 1,157 1,45 1,46 1,159 1,48 1,58 1,49 1,59 1,52 1,60 1,53 1,54 1,62 1,57 1,64 1,74 1,65 1,66 1,67 1,68 1,69 1,70 1,71 1,73 1,160 1,76 1,77 1,163 1,164 1,83 1,84 1,85 1,190 1,191 1,192 1,166 1,89 1,194 1,209 1,195 1,210 1,197 1,170 1,212 1,97 1,98 1,100 1,101 1,105 1,106 1,172 1,173 1,111 1,112 1,199 1,174 1,115 1,118 1,176 1,123 1,178 1,124 1,124 1,81 1,87 1,125 1,214 1,126 1,92 1,59 1,52 1,67 1,73 1,128 1,129 1,180 1,200 1,217 0,131 1,182 1,132 1,133 1,184 1,215 1,136 1,137 1,139 1,140 1,186 1,202 1,141 1,142 1,204 1,187 1
user_000059	10 1,143 1,15 1,2 1,3 1,16 1,12 1,7 1,17 1,9 1,152 1,146 1,20 1,22 1,188 1,148 1,150 1,25 1,26 1,27 1,28 1,29 1,30 1,31 1,32 1,33 1,34 1,35 1,36 1,37 1,38 1,39 1,205 1,154 1,189 1,43 1,44 1,158 1,46 1,47 1,58 1,49 1,59 1,50 1,51 1,52 1,61 1,54 1,55 1,56 1,64 1,74 1,65 1,67 1,68 1,70 1,71 1,72 1,73 1,75 1,76 1,78 1,79 1,80 1,164 1,165 1,83 1,85 1,190 1,166 1,167 1,89 1,193 1,169 1,210 1,90 1,92 1,212 1,171 1,95 1,97 1,98 1,213 1,103 1,105 1,106 1,172 1,198 1,107 1,173 1,109 1,110 1,111 1,199 1,114 1,115 1,117 1,121 1,175 1,176 1,77 1,81 1,125 1,214 1,94 1,207 1,59 1,52 1,56 1,73 1,128 1,179 1,129 1,180 1,130 1,217 0,131 1,182 1,132 1,133 1,134 1,136 1,185 1,137 1,140 1,186 1,202 1,142 1,204 1,187 1
user_000060	10 1,144 1,11 0,1 1,3 0,5 1,12 1,7 1,8 1,14 1,10 1,143 1,0 1,11 1,2 1,16 1,5 1,6 1,17 1,9 1,146 1,19 1,21 1,22 0,188 1,148 1,24 1,153 1,151 1,27 1,145 1,146 1,19 1,21 1,188 1,23 1,149 1,150 1,25 1,27 1,28 1,29 1,30 1,31 1,32 1,33 1,34 1,35 1,36 1,37 1,38 1,39 1,40 1,155 1,41 1,43 1,157 1,206 1,46 1,47 1,48 1,58 1,59 1,51 1,60 1,53 1,62 1,55 1,56 1,57 0,58 1,59 1,51 1,52 1,53 1,61 1,62 1,63 1,56 1,57 1,65 1,66 1,67 1,68 1,69 1,70 1,71 1,72 1,73 1,75 1,64 1,65 1,66 1,68 1,69 1,70 0,71 0,72 1,73 1,75 1,161 1,162 1,79 1,163 1,208 1,165 1,83 1,84 1,85 1,87 1,88 1,125 1,168 1,193 1,209 1,196 1,90 1,92 1,170 1,94 1,97 1,100 1,102 1,105 1,172 1,198 1,107 1,108 1,112 1,113 1,174 1,115 1,116 1,118 1,119 1,175 1,176 1,177 1,122 1,124 1,77 1,83 1,87 1,125 1,126 1,94 1,42 1,59 1,52 1,56 1,67 1,73 1,179 1,129 1,200 1,217 0,183 1,132 1,134 1,184 1,215 1,137 1,139 1,140 1,186 1,202 1,203 1,216 1,204 1,187 1
user_000061	10 1,11 1,1 0,2 0,3 0,16 1,5 1,8 1,13 1,14 1,0 1,11 1,1 1,2 1,4 1,16 1,12 1,17 1,8 1,13 1,18 1,19 1,20 1,22 1,188 1,148 1,24 1,149 1,25 1,26 1,28 1,29 0,30 1,31 0,32 1,33 1,34 0,35 0,36 1,37 1,28 1,29 1,30 1,31 1,32 1,33 1,34 1,35 1,36 1,37 1,38 1,154 1,40 1,155 1,41 1,44 0,206 0,158 1,159 1,47 1,38 1,207 1,154 1,40 1,155 1,156 1,157 1,45 1,158 1,47 1,48 1,59 1,50 1,51 1,53 1,62 1,55 1,63 1,56 1,57 1,64 1,74 1,65 1,66 1,67 1,68 1,70 1,71 1,73 1,75 1,76 1,162 1,77 1,79 1,84 1,85 1,191 1,192 1,166 1,167 1,193 1,194 1,209 1,195 1,210 1,91 1,197 1,93 1,94 1,95 1,96 1,97 1,98 1,103 1,106 1,172 1,173 1,110 1,111 1,112 1,113 1,114 1,174 1,117 1,118 1,120 1,121 1,175 1,177 1,122 1,124 1,124 1,77 1,81 1,125 1,126 1,94 1,42 1,56 1,73 1,128 1,219 1,179 1,129 1,180 1,200 1,181 1,131 1,182 1,133 1,184 1,215 1,135 1,136 1,138 1,140 0,141 1,142 1,216 1,204 1
user_000062	144 1,0 1,15 1,1 1,2 1,16 1,12 1,17 1,13 1,9 1,10 1,143 0,144 1,11 1,4 1,12 1,7 1,17 1,9 1,14 1,152 1,18 1,19 1,21 0,22 0,23 0,148 0,24 1,150 1,151 0,152 1,18 1,146 1,21 1,188 1,23 1,148 1,24 1,153 1,25 1,28 1,29 1,30 1,31 1,32 1,33 1,34 1,35 1,36 1,37 1,39 1,207 1,40 1,155 1,42 1,43 1,44 1,45 1,158 1,159 1,48 0,58 1,50 1,52 1,60 1,61 1,54 1,55 1,63 1,56 1,59 1,50 1,52 1,60 1,53 1,61 1,54 1,62 1,63 1,56 1,74 1,65 1,66 1,67 1,68 1,69 1,71 1,72 1,73 1,75 1,161 1,77 1,79 1,81 1,165 1,86 1,190 1,87 1,191 1,125 1,168 1,89 1,169 1,90 1,127 1,211 1,197 1,212 1,93 1,95 1,97 1,98 1,99 1,213 1,101 1,104 1,172 1,111 1,112 1,113 1,174 1,115 1,116 1,117 1,118 1,119 1,120 1,121 1,122 1,123 1,77 1,83 1,87 1,125 1,126 1,94 1,92 1,42 1,52 1,67 1,128 1,219 1,180 1,200 1,130 1,217 0,201 1,131 1,182 1,133 1,215 1,135 1,185 1,137 1,186 1,141 1,203 1,216 1,204 1,187 1
user_000063	10 1,144 1,0 1,1 1,4 1,6 1,7 1,17 1,8 1,13 1,144 1,0 1,11 0,3 1,4 0,16 1,6 1,7 1,17 1,9 1,152 1,19 1,147 0,22 0,188 1,153 1,149 1,150 1,26 1,27 1,145 1,18 1,21 1,22 1,188 1,153 1,150 1,25 1,26 1,27 1,28 1,29 1,30 1,31 1,32 1,33 1,34 1,35 1,36 1,37 1,39 1,40 1,189 1,41 1,42 1,43 1,157 1,158 1,46 1,159 1,48 1,58 1,50 1,51 1,52 1,61 1,54 1,63 1,56 1,57 1,74 1,65 1,66 1,67 1,68 1,69 1,70 1,71 1,72 1,75 1,160 1,161 1,77 1,81 1,165 1,84 1,85 1,86 1,190 1,87 1,192 1,125 1,166 1,169 1,126 1,90 1,91 1,197 1,171 1,94 1,97 1,100 1,102 1,103 1,104 1,106 1,172 1,173 1,108 1,109 1,110 0,112 1,199 1,113 1,174 1,115 1,116 1,118 1,121 1,175 1,176 1,177 1,122 1,124 1,124 1,83 1,125 1,214 1,127 1,92 1,207 1,42 1,56 1,73 1,219 1,180 1,130 1,181 1,182 1,183 1,135 1,137 1,138 1,140 1,186 1,142 1,203 1,216 1,204 1,187 1
user_000064	10 1,143 1,15 1,2 0,3 1,12 1,17 1,8 1,13 1,9 1,10 1,144 1,11 1,15 1,2 1,5 1,12 1,6 1,17 1,8 1,145 1,18 0,146 1,147 1,188 1,23 1,24 1,153 1,149 1,27 1,18 1,21 1,147 1,22 1,188 1,153 1,149 1,150 1,25 1,27 1,28 1,29 1,30 1,31 1,32 1,33 1,34 1,35 1,36 1,37 1,38 1,207 1,154 1,189 1,41 1,43 1,156 1,45 1,46 1,47 1,59 1,52 1,60 1,53 1,61 1,54 1,55 1,63 1,56 1,57 1,64 1,74 1,65 1,66 1,67 1,69 1,70 1,71 1,73 1,75 1,161 1,76 1,162 1,80 1,82 1,164 1,165 1,83 1,85 1,87 1,192 1,167 1,168 1,214 1,209 1,196 1,90 1,91 1,211 1,95 1,96 1,97 1,98 1,99 1,100 1,103 1,104 1,105 1,172 1,107 1,173 1,110 0,111 1,112 1,116 1,117 1,118 1,177 1,178 1,77 1,81 1,87 1,125 1,214 1,126 1,127 1,59 1,52 1,56 1,73 1,128 1,219 1,129 1,180 1,181 1,201 1,131 1,183 1,132 1,133 1,134 1,184 1,135 1,137 1,138 1,140 1,203 1,216 1,204 1,187 1
user_000065	10 1,144 1,0 1,2 0,4 1,16 1,5 0,12 1,7 1,13 1,143 0,0 1,11 1,2 1,4 0,5 1,7 1,17 1,13 1,9 1,143 1,0 1,11 1,1 1,2 1,16 1,6 1,7 1,13 1,14 1,152 1,145 1,18 1,20 1,188 0,23 1,24 1,153 1,26 1,27 1,145 1,19 1,147 0,22 1,188 1,23 1,149 0,150 1,151 1,27 1,18 1,19 1,147 1,22 1,188 1,24 1,150 1,25 1,151 1,27 1,28 1,29 1,30 1,31 1,32 1,33 1,34 1,35 1,36 1,37 1,38 1,39 1,207 1,40 1,155 1,43 1,44 1,156 1,158 1,159 1,58 1,49 1,50 1,52 1,53 1,61 1,54 1,55 1,63 1,57 1,64 1,74 1,65 1,66 1,67 1,68 1,69 1,71 1,73 1,75 1,76 1,162 1,77 1,80 1,81 1,164 1,165 1,84 1,85 1,88 1,192 1,125 1,167 1,168 1,194 1,214 1,195 1,196 1,90 1,211 1,97 1,99 1,103 1,104 1,198 1,107 1,173 1,108 1,109 1,113 1,114 1,174 1,115 1,117 1,119 1,120 1,121 1,175 1,176 1,122 1,123 1,178 1,124 0,124 1,77 1,81 1,83 1,214 1,92 1,56 1,73 1,128 1,179 1,129 1,200 1,217 1,181 1,201 1,131 1,182 1,183 1,132 1,133 1,134 1,184 1,215 1,138 1,139 1,186 1,187 1
user_000066	10 1,0 1,15 1,2 0,4 0,5 1,6 1,7 1,17 1,8 1,10 1,144 1,15 1,1 1,3 1,16 1,5 1,12 1,13 1,14 1,18 0,19 0,20 1,147 1,22 1,23 1,24 1,150 1,26 1,151 1,152 1,146 1,147 1,22 1,188 1,23 1,148 1,150 1,25 1,26 1,28 1,29 1,30 1,31 1,32 1,33 1,34 1,35 1,36 1,37 1,39 1,207 1,154 1,41 1,42 1,43 1,156 1,157 1,206 1,158 1,48 1,58 1,49 1,51 1,52 1,60 1,61 1,54 1,63 1,56 1,74 1,65 1,66 1,67 1,69 1,70 1,71 1,72 1,73 1,75 1,162 1,79 1,80 1,81 1,82 1,85 1,125 1,167 1,168 1,218 1,194 1,169 1,126 1,195 1,196 1,91 1,170 1,212 1,171 1,93 1,96 1,97 1,99 1,213 1,101 1,102 1,103 1,105 1,106 1,172 1,113 1,114 1,116 1,118 1,119 1,120 1,121 1,122 1,123 1,124 1,124 1,87 1,125 1,214 1,126 1,92 1,59 1,52 1,56 1,67 1,73 1,219 1,179 1,129 1,200 1,130 1,217 0,182 1,183 1,133 1,134 1,184 1,135 1,137 1,138 1,186 1,141 1,142 1,203 1,204 1
user_000067	144 1,0 1,1 1,2 1,4 1,12 1,7 1,13 1,9 1,14 1,152 1,18 1,19 1,21 1,147 1,148 1,153 1,26 1,151 1,27 1,152 0,146 0,19 0,21 0,147 0,148 0,149 0,150 0,151 0,27 0,28 1,29 1,30 1,31 1,32 1,33 1,34 1,35 1,36 1,37 1,28 0,29 0,30 0,31 0,32 0,33 0,34 0,35 0,36 0,37 0,38 1,39 1,205 1,154 1,40 1,43 1,44 1,45 1,158 1,46 1,48 1,58 1,59 1,50 1,51 1,60 1,53 1,54 0,55 1,57 1,59 1,50 1,51 1,52 1,60 1,53 1,61 1,54 1,63 1,56 1,64 0,74 1,65 1,66 1,67 1,68 1,69 1,70 1,72 1,73 1,64 1,74 1,66 1,67 1,69 1,70 1,71 0,72 1,73 1,75 1,64 1,74 1,66 1,67 1,68 1,69 1,70 1,71 1,72 1,75 1,162 1,77 1,79 1,80 1,81 1,84 1,191 1,125 1,166 1,167 1,168 1,89 1,218 1,194 1,210 1,91 1,211 1,197 1,170 1,93 1,96 1,97 1,98 1,100 1,213 1,102 1,104 1,105 1,106 1,198 1,107 1,173 1,108 1,109 1,111 1,113 1,114 1,115 1,116 1,117 1,118 1,120 1,177 1,178 1,124 1,83 1,87 1,214 1,126 1,94 1,59 1,52 1,128 1,179 1,129 1,180 1,201 1,182 1,183 1,133 1,136 1,137 1,138 1,140 1,186 1,142 0,203 1,216 1,204 1,187 1
user_000068	11 1,15 1,2 1,3 1,4 1,5 1,12 1,7 1,8 1,14 1,152 1,18 1,146 1,20 1,188 1,153 1,149 1,26 1,151 1,27 1,28 1,29 1,30 1,31 1,32 1,33 1,34 1,35 1,36 1,37 1,39 1,40 1,155 1,41 1,42 1,43 1,44 1,206 1,45 1,46 1,48 1,58 1,49 1,59 1,51 1,52 1,60 1,61 1,63 1,57 1,74 1,65 1,66 1,67 1,68 1,69 1,71 1,72 1,73 1,75 1,76 1,77 1,78 1,79 1,84 1,85 1,191 1,88 1,192 1,166 1,218 1,193 1,209 1,126 1,195 1,210 1,90 1,127 1,212 1,95 1,96 1,99 1,213 1,101 1,102 1,172 1,198 1,107 1,173 1,110 1,111 1,115 1,116 1,118 1,119 1,121 1,175 1,122 1,77 1,81 1,83 1,125 1,214 1,126 1,127 1,207 1,42 1,59 1,52 1,67 1,73 1,219 1,179 1,129 1,217 0,181 1,182 1,134 1,215 1,135 1,136 1,185 1,137 1,139 1,140 1,202 1,141 1,142 1,216 1,187 1
user_000069	10 1,144 1,11 1,1 0,3 1,16 1,7 1,17 1,13 1,9 1,11 1,1 1,2 1,3 1,4 1,16 1,5 1,6 1,17 1,8 1,145 1,146 1,19 1,22 1,188 1,148 1,24 1,153 1,150 0,151 1,152 1,145 0,20 1,147 0,188 1,23 1,148 1,149 1,25 1,26 1,145 1,146 1,19 1,147 1,188 1,23 1,153 1,150 1,151 1,27 1,28 1,29 1,30 1,31 1,32 1,33 0,34 1,35 1,36 1,37 1,28 1,29 1,30 1,31 1,32 1,33 1,34 1,35 1,36 1,37 1,38 1,205 1,40 1,189 1,42 1,43 1,44 1,156 1,46 1,159 1,48 1,58 1,49 1,50 1,52 1,61 1,54 1,62 1,63 1,56 1,64 1,74 1,66 1,67 1,68 1,69 1,70 1,71 1,72 1,75 1,77 1,78 1,208 1,85 1,190 1,191 1,88 1,193 1,214 1,209 1,169 1,195 1,127 1,91 1,92 1,170 1,212 1,93 1,94 1,95 1,97 1,99 1,100 1,213 1,101 1,106 1,172 1,198 1,111 1,199 1,113 1,114 1,174 1,115 1,116 1,118 1,177 1,122 1,178 1,124 1,77 1,81 1,125 1,126 1,127 1,207 1,42 1,52 1,67 1,73 1,128 1,219 1,179 1,200 1,217 1,181 1,131 1,182 1,133 1,134 1,136 1,138 1,139 1,140 1,186 1,141 1,142 0,203 1,216 1,187 1
user_000070	15 1,1 1,2 1,3 1,4 1,16 1,5 1,17 1,8 1,9 1,145 0,146 0,20 0,21 0,147 0,23 0,24 0,153 0,25 1,27 0,152 1,18 1,20 1,147 1,188 1,23 1,24 1,149 1,150 1,25 1,28 1,29 1,30 1,31 1,32 1,33 1,34 1,35 1,36 1,37 1,38 1,39 1,154 1,40 1,155 1,44 1,156 1,158 1,159 1,47 1,59 1,51 1,52 1,60 1,53 1,61 1,54 1,62 1,55 1,56 1,74 1,65 1,66 1,67 1,68 1,70 1,71 1,72 1,73 1,75 1,161 1,76 1,77 1,163 1,80 1,208 1,165 1,83 1,85 1,87 1,191 1,88 1,167 1,193 1,194 1,126 1,90 1,212 1,171 1,93 1,99 1,101 1,103 1,106 1,107 1,173 1,108 1,109 1,110 1,111 1,199 1,114 1,115 1,116 1,117 1,118 1,119 1,120 1,176 1,123 1,81 1,83 1,87 1,125 1,214 1,126 1,127 1,92 1,207 1,128 1,219 1,179 1,129 1,130 1,217 0,201 1,131 1,182 1,132 1,134 1,135 1,136 1,185 1,138 1,139 1,141 1,142 1,203 1,216 1,204 1
user_000071	10 1,144 1,1 1,2 1,3 1,6 1,7 1,8 1,9 1,14 1,152 0,146 1,19 1,20 1,21 1,23 1,24 1,149 1,25 1,26 1,18 1,146 1,21 1,147 1,22 1,24 1,153 1,150 1,26 1,27 1,28 1,29 1,30 0,31 1,32 1,33 1,34 1,35 0,36 1,37 1,28 1,29 1,30 1,31 1,32 1,33 0,34 1,35 1,36 1,37 1,28 1,29 1,30 1,31 1,32 1,33 1,34 1,35 1,36 1,37 1,207 1,205 1,154 1,155 1,189 1,157 0,206 1,45 1,46 0,159 1,39 1,155 1,189 1,41 1,42 1,157 1,158 1,46 1,159 1,47 1,48 1,49 0,50 1,60 1,53 1,61 1,62 0,55 1,56 1,57 1,58 1,49 1,59 1,50 1,61 1,54 1,62 1,55 1,56 1,57 1,64 1,74 1,65 1,67 1,68 1,69 1,70 0,71 1,73 1,75 1,74 1,66 1,67 1,68 1,69 1,70 1,71 1,72 1,73 1,75 1,161 1,77 1,78 1,80 1,84 1,85 1,86 1,166 1,167 1,168 1,89 1,126 1,195 1,196 1,127 1,197 1,170 1,171 1,94 1,95 1,99 1,100 1,213 1,102 1,103 1,105 1,172 1,198 1,107 1,108 1,109 1,111 1,112 1,174 1,115 1,116 1,117 1,118 1,119 1,121 1,176 1,124 1,83 1,87 1,125 1,214 1,126 1,127 1,94 1,92 1,42 1,52 1,179 1,200 1,217 1,181 1,201 1,183 1,133 1,134 1,184 1,215 1,135 1,136 1,185 0,138 1,139 1,186 1,141 1,142 1
user_000072	0 1,11 1,1 1,3 1,4 1,16 1,12 1,6 1,17 1,8 1,145 1,18 1,146 1,19 1,22 1,148 1,24 1,149 1,25 1,27 1,28 1,29 1,30 1,31 1,32 1,33 1,34 1,35 1,36 1,37 1,38 1,207 1,155 1,41 1,42 1,43 1,156 1,157 1,45 1,159 1,48 1,49 1,59 1,50 1,51 1,60 1,53 1,61 1,56 1,57 1,74 1,65 0,66 1,67 1,68 1,69 1,70 1,71 1,72 1,73 1,74 1,65 0,66 1,67 1,68 1,69 1,70 1,71 1,73 1,75 1,64 1,74 1,65 1,66 1,67 1,68 1,70 1,71 1,73 1,75 1,160 1,162 1,77 1,79 1,81 1,82 1,165 1,83 1,85 1,190 1,87 1,191 1,169 1,210 1,90 1,92 1,212 1,171 1,93 1,95 1,97 1,213 1,102 1,103 1,104 1,172 1,107 1,108 1,112 1,199 1,114 1,174 1,117 1,118 1,175 1,176 1,123 1,178 1,124 1,124 1,214 1,92 1,42 1,52 1,73 1,128 1,219 1,179 1,129 1,180 1,200 1,217 0,181 1,201 1,182 1,183 1,132 1,133 1,184 1,215 1,135 1,136 1,185 1,138 1,140 1,141 1,142 1,203 1,216 1,187 1
user_000073	10 1,144 1,0 1,2 0,3 1,16 0,5 1,17 1,8 1,9 1,10 1,143 0,2 1,3 1,4 0,7 1,17 1,13 1,9 1,14 1,10 1,144 1,15 1,2 1,4 1,5 1,6 1,17 1,8 1,9 1,152 0,145 1,19 0,20 1,22 1,153 1,149 1,150 0,25 1,26 1,152 1,18 1,19 1,20 1,22 1,24 1,149 1,25 1,26 1,151 1,28 0,29 1,30 1,31 1,32 1,33 1,34 1,35 1,36 1,37 1,28 1,29 1,30 1,31 1,32 1,33 1,34 1,35 1,36 1,37 1,39 1,207 1,205 1,155 1,41 1,43 1,156 1,157 1,158 1,46 1,58 1,59 1,52 1,53 1,54 1,62 1,55 1,63 1,56 1,57 1,64 1,65 1,66 1,67 1,68 1,69 1,70 1,71 1,72 1,75 1,160 1,161 1,78 1,79 1,163 1,80 1,82 1,164 1,208 1,165 1,84 1,85 1,86 1,87 1,167 1,168 1,169 1,196 1,91 1,211 1,96 1,97 1,109 1,110 1,111 1,113 1,174 1,115 1,116 1,117 1,121 1,177 1,122 1,123 1,178 1,124 1,81 1,87 1,125 1,214 1,126 1,127 1,92 1,207 1,59 1,52 1,56 1,73 1,128 1,219 1,179 1,129 1,130 1,217 0,181 1,182 1,132 1,134 1,184 1,215 1,135 1,136 1,137 1,138 1,140 1,202 1,141 1,142 1,203 1,187 1
user_000074	143 1,144 1,0 1,3 1,4 1,5 0,7 1,17 1,8 1,9 1,10 1,0 1,11 1,2 1,3 1,16 1,5 1,12 1,6 1,7 1,145 1,18 1,19 1,21 1,147 0,23 1,24 1,25 1,26 1,27 1,145 1,146 1,21 1,147 1,188 1,24 1,153 1,149 0,25 1,26 1,152 1,145 1,146 1,20 1,21 1,149 1,25 1,26 1,151 1,27 1,28 1,29 1,30 1,31 1,32 1,33 1,34 1,35 1,36 1,37 1,38 1,207 1,205 1,40 1,189 1,43 1,156 0,206 1,158 1,46 1,207 1,205 1,154 1,155 1,41 1,44 1,156 1,157 1,46 1,47 1,48 1,49 1,59 1,50 1,52 1,60 1,61 1,54 1,55 1,57 1,64 1,65 1,66 1,67 1,68 1,69 1,70 1,72 1,73 1,75 1,160 1,162 1,77 1,79 1,208 1,83 1,85 1,87 1,191 1,192 1,125 1,168 1,194 1,195 1,196 1,127 1,91 1,211 1,197 1,92 1,96 1,97 1,98 1,99 1,213 1,101 1,103 1,106 1,172 1,198 1,107 1,108 1,112 1,113 1,116 1,118 1,119 1,176 1,177 1,122 1,123 1,178 1,77 1,81 1,83 1,126 1,94 1,207 1,56 1,219 1,179 1,180 1,200 1,130 1,217 0,181 1,201 1,131 1,182 1,183 1,136 1,138 1,139 1,140 1,186 1,202 1,141 1,142 1,216 1,187 1
user_000075	143 1,144 1,0 1,15 1,2 1,5 1,12 1,7 1,13 1,14 1,152 1,145 0,146 1,20 1,21 1,148 1,24 1,26 1,151 1,27 1,152 1,19 1,147 0,22 1,188 1,149 1,25 1,26 1,151 1,27 1,145 1,18 1,146 1,21 1,147 1,23 1,148 1,24 1,153 1,149 1,28 1,29 1,30 1,31 1,32 1,33 1,34 1,35 1,36 1,37 1,38 1,207 1,205 1,154 1,40 1,43 1,44 1,156 1,46 1,159 1,59 1,50 1,51 1,52 1,60 1,54 0,62 1,55 1,63 1,57 1,48 1,50 1,51 1,52 1,60 1,53 1,62 1,55 1,56 1,57 1,64 1,65 1,66 1,67 1,68 1,69 1,70 1,72 1,73 1,75 1,78 1,163 1,83 1,86 1,190 1,88 1,166 1,218 1,193 1,194 1,214 1,169 1,126 1,90 1,127 1,92 1,171 1,93 1,94 1,95 1,97 1,99 1,100 1,213 1,101 1,103 1,104 1,105 1,172 1,198 1,107 1,109 1,110 1,112 1,113 1,114 1,115 1,117 1,120 1,121 1,177 1,122 1,124 1,124 1,87 1,125 1,127 1,42 1,59 1,52 1,67 1,128 1,219 1,179 1,129 1,200 1,217 0,181 1,201 1,183 1,132 1,184 1,215 1,136 1,185 1,137 1,138 1,139 1,202 1,141 1
user_000076	143 1,144 1,15 1,1 1,2 1,16 1,5 1,12 1,13 1,9 1,20 1,21 1,147 1,22 1,188 1,23 1,24 1,153 1,150 1,27 1,28 1,29 1,30 1,31 1,32 1,33 1,34 1,35 1,36 1,37 1,207 1,154 1,40 1,189 1,42 1,156 1,157 1,45 1,46 1,47 1,58 1,59 1,50 1,52 1,53 1,61 1,54 1,62 1,55 1,63 1,64 1,66 1,67 1,68 1,69 1,70 1,71 1,72 1,73 1,75 1,76 1,162 1,77 1,79 1,163 1,80 1,208 1,165 1,84 1,190 1,192 1,166 1,89 1,214 1,126 1,210 1,211 1,197 1,212 1,93 1,96 1,98 1,99 1,100 1,213 1,101 1,102 1,105 1,106 1,172 1,198 1,173 1,112 1,199 1,113 1,114 1,116 1,117 1,119 1,176 1,122 1,124 1,81 1,83 1,87 1,125 0,126 1,94 1,59 1,52 1,67 1,73 1,128 1,219 1,179 1,129 1,200 1,130 1,217 1,181 1,131 1,183 1,133 1,134 1,215 1,202 1,141 1,203 1,216 1,187 1
user_000077	143 1,144 1,0 1,2 1,4 1,12 1,6 1,7 1,17 1,14 1,152 1,145 1,146 1,147 1,188 1,148 1,25 1,26 1,151 1,27 1,28 1,29 1,30 1,31 1,32 1,33 0,34 0,35 1,36 1,37 1,28 1,29 1,30 1,31 1,32 0,33 0,34 0,35 1,36 1,37 1,28 1,29 1,30 1,31 1,32 1,33 1,34 1,35 1,36 1,37 1,39 1,205 1,154 1,155 1,42 1,43 1,44 1,206 1,45 1,47 1,58 1,49 0,50 1,51 1,53 1,61 1,54 0,55 0,63 1,57 1,58 1,49 0,59 1,51 1,60 1,53 1,54 1,62 0,55 1,57 1,58 1,49 1,59 1,50 1,51 1,60 1,61 1,54 1,62 1,57 1,64 1,74 1,65 1,67 1,68 1,69 1,70 1,72 1,73 1,75 1,160 1,161 1,78 1,79 1,163 1,164 1,85 1,190 1,87 1,88 1,125 1,218 1,194 1,209 1,169 1,195 1,210 1,127 1,93 1,94 1,96 1,99 1,213 1,101 1,102 1,105 1,106 1,172 1,173 1,108 1,112 1,113 1,174 1,115 1,118 1,120 1,121 1,176 1,177 1,123 1,124 1,125 1,214 1,126 1,127 1,92 1,207 1,42 1,52 1,179 1,129 0,200 1,181 1,201 1,183 1,133 1,134 1,184 1,215 1,135 1,136 1,137 1,138 1,140 1,186 1,141 1,142 1,203 1,204 1,187 1
user_000078	10 1,144 1,11 1,1 1,3 1,5 1,12 1,17 1,8 1,14 1,152 0,20 1,147 1,22 1,188 1,23 1,149 1,150 1,26 1,27 1,28 1,29 1,30 1,31 1,32 1,33 1,34 1,35 1,36 1,37 1,39 1,154 1,155 1,189 1,42 1,157 1,45 1,158 1,159 1,47 1,48 1,49 1,59 0,50 1,51 1,60 1,53 1,61 1,54 1,56 1,48 1,58 1,49 1,59 1,52 1,61 1,54 1,55 1,56 1,57 1,64 0,74 1,65 1,66 1,68 1,69 1,71 1,72 1,73 1,75 1,64 1,74 1,66 1,67 1,68 1,69 1,70 1,71 1,72 1,75 1,76 1,78 1,79 1,80 1,81 1,165 1,84 1,192 1,166 1,167 1,89 1,218 1,193 1,126 1,127 1,91 1,211 1,212 1,171 1,93 1,96 1,97 1,100 1,101 1,103 1,104 1,105 1,106 1,172 1,109 1,110 1,112 1,199 1,113 1,114 1,117 1,118 1,177 1,122 1,123 0,178 1,124 1,77 1,83 1,87 1,126 1,127 1,207 1,42 1,52 1,56 1,73 1,128 1,179 1,129 1,130 1,183 1,132 1,133 1,135 1,185 1,137 1,139 1,140 1,186 1,202 1,142 1,203 1,216 1,204 1
user_000079	143 1,144 1,0 1,1 1,2 0,5 1,6 1,8 1,13 1,14 1,10 0,143 1,0 1,1 1,3 1,6 1,7 1,13 1,9 1,14 1,10 1,143 1,0 1,15 1,1 1,16 1,17 1,8 1,13 1,14 1,152 1,19 1,20 0,22 1,188 1,23 1,153 1,149 1,150 1,25 1,152 0,18 1,19 1,21 1,147 1,23 1,149 1,150 1,26 1,27 0,152 1,146 1,20 0,147 0,188 1,23 1,148 1,24 1,25 1,27 1,28 1,29 1,30 1,31 1,32 1,33 1,34 1,35 1,36 1,37 1,38 1,205 1,40 1,189 1,41 1,43 1,44 1,156 1,158 1,159 1,48 1,59 1,50 1,51 1,60 1,61 1,54 1,62 1,55 1,63 1,64 1,65 1,66 1,67 1,68 1,69 1,70 1,72 1,73 1,75 1,161 1,76 1,78 1,163 1,83 1,190 1,87 1,191 1,192 1,168 1,89 1,218 1,209 1,169 1,126 1,195 1,210 1,127 1,211 1,212 1,96 1,97 1,99 1,100 1,213 1,101 1,104 1,105 1,107 1,173 1,108 1,110 1,111 1,112 1,199 1,113 1,174 1,116 1,118 1,176 1,122 1,123 1,178 1,124 1,124 1,87 1,214 1,126 1,92 1,42 1,59 1,52 1,56 1,219 1,180 1,217 0,181 1,131 1,182 1,183 1,133 1,184 1,215 1,185 1,139 1,140 1,186 1,202 1,142 1,204 1
user_000080	10 1,144 1,15 1,2 0,4 1,16 0,5 1,12 1,7 1,13 1,143 1,0 1,11 1,2 1,3 1,16 1,12 1,6 1,8 1,9 1,152 0,19 1,20 1,21 1,147 1,148 1,149 1,25 1,151 1,27 1,152 1,18 1,146 1,21 1,22 1,23 1,148 1,149 1,26 1,151 1,28 1,29 1,30 1,31 0,32 1,33 1,34 1,35 1,36 1,37 1,28 1,29 1,30 1,31 1,32 1,33 1,34 1,35 1,36 1,37 1,38 1,205 1,40 1,155 1,41 1,156 1,157 1,206 0,158 1,46 1,38 1,207 1,154 1,40 1,189 1,44 1,157 1,206 1,45 1,46 1,58 1,49 0,59 1,50 1,52 1,53 1,61 1,54 1,63 0,57 0,48 1,49 1,59 1,51 1,52 0,60 1,53 1,61 1,54 0,55 1,58 1,59 1,51 1,52 1,60 1,61 1,54 1,63 1,56 1,57 1,64 0,74 0,66 1,67 1,68 1,70 0,71 1,72 1,73 1,75 1,64 1,74 0,65 1,66 1,67 1,68 1,69 1,70 1,71 1,75 1,74 1,65 1,66 1,67 1,68 1,69 1,70 1,71 1,73 1,75 1,76 1,79 1,164 1,83 1,84 1,85 1,87 1,191 1,88 1,166 1,167 1,168 1,218 1,193 1,209 1,169 1,126 1,91 1,92 1,212 1,96 1,97 1,99 1,100 1,213 1,101 1,104 1,105 0,198 1,109 1,110 1,115 1,117 1,118 1,119 1,120 1,121 1,175 1,176 1,177 1,122 1,178 1,124 1,124 1,83 1,126 1,94 1,92 1,207 1,42 1,56 1,67 1,73 1,128 1,179 1,180 1,200 1,217 1,181 1,201 1,131 1,133 1,184 1,140 1,141 1,142 1,203 1,216 1,204 1,187 1
user_000081	10 1,15 1,1 1,2 0,4 1,5 1,12 1,13 1,9 1,14 1,143 1,144 1,15 1,2 1,3 0,16 1,12 1,17 1,8 1,13 1,10 1,143 1,0 1,2 1,3 1,12 1,7 0,17 1,13 1,9 0,152 1,145 1,18 1,21 1,188 1,23 1,148 1,153 1,149 1,27 1,28 1,29 1,30 1,31 1,32 1,33 1,34 1,35 1,36 1,37 1,38 1,39 1,207 1,154 1,41 1,156 1,45 1,46 1,159 1,47 1,48 1,49 1,50 1,52 1,61 1,62 1,55 1,63 1,56 1,57 1,64 1,74 1,65 1,66 1,67 1,68 1,69 1,70 1,72 1,75 1,160 1,80 1,81 1,82 1,84 1,85 1,86 1,190 1,88 1,125 1,168 1,218 1,193 1,209 1,126 1,127 1,91 1,211 1,171 1,93 1,97 1,98 1,213 1,103 1,104 1,106 1,172 1,198 1,173 1,109 1,110 1,112 1,113 1,114 1,115 1,120 1,121 1,175 1,176 1,177 1,122 1,123 1,178 1,124 1,124 1,81 1,126 1,127 1,94 1,207 1,59 1,52 1,56 1,179 1,180 1,200 1,181 1,131 0,183 1,133 1,134 1,215 1,135 1,136 1,185 1,137 1,138 1,139 1,203 1,187 1
user_000082	10 1,15 1,2 1,3 1,4 1,5 1,6 1,7 1,17 1,14 1,152 1,146 1,21 1,147 0,22 1,23 1,148 1,25 1,151 1,27 1,152 1,145 1,18 1,146 1,19 1,153 1,149 1,150 1,25 1,151 1,28 1,29 1,30 1,31 1,32 1,33 1,34 1,35 1,36 1,37 1,39 1,207 1,154 1,155 1,42 1,156 1,157 1,158 1,46 1,159 1,58 1,49 1,59 1,50 1,53 1,61 1,54 1,62 1,55 1,63 1,64 0,74 1,65 1,66 1,67 0,68 1,70 1,72 1,73 1,75 1,64 0,74 1,65 1,66 1,67 0,68 1,69 1,70 1,71 1,72 1,64 0,74 1,66 1,67 1,68 1,69 1,70 1,71 1,72 1,75 1,160 1,77 1,78 1,163 1,82 1,208 1,86 1,87 1,191 1,125 1,166 1,167 1,168 1,126 1,127 1,91 1,197 1,92 1,170 1,171 1,97 1,98 1,99 1,100 1,213 1,101 0,104 1,105 1,172 1,198 1,107 1,109 1,110 1,111 1,113 1,114 1,174 1,116 1,177 1,122 1,123 1,124 1,124 1,77 1,81 1,83 1,87 1,214 1,94 1,92 1,56 1,128 1,219 1,179 1,200 1,183 1,132 1,133 1,184 1,215 1,136 1,185 1,137 1,138 1,140 1,186 1,202 1,141 1,216 1,187 1
user_000083	10 1,11 1,15 1,1 1,2 1,16 1,12 0,8 1,13 1,14 1,10 1,144 1,0 1,1 1,4 0,5 1,12 1,7 1,17 1,8 1,145 1,146 1,21 1,22 1,188 1,23 1,148 1,153 1,25 1,27 1,28 1,29 1,30 1,31 1,32 1,33 1,34 1,35 1,36 1,37 1,39 1,207 1,205 1,154 1,189 1,44 1,157 1,206 1,45 1,159 1,48 1,49 1,59 1,51 1,60 1,53 1,54 1,62 1,55 1,56 1,64 1,74 1,66 1,67 1,68 1,69 1,70 1,71 1,73 0,75 1,64 1,74 1,65 1,66 1,69 1,70 1,71 1,72 1,73 1,75 1,77 1,163 1,82 1,165 1,85 1,190 1,191 1,88 1,125 1,166 1,167 1,168 1,218 1,169 1,126 1,91 1,92 1,171 1,93 1,94 1,98 1,99 1,100 1,213 1,101 1,102 1,103 1,104 1,172 1,198 1,108 1,109 1,199 1,174 1,116 1,118 1,119 1,120 1,121 1,175 1,177 1,122 1,123 1,178 1,124 1,124 1,125 1,214 1,94 1,207 1,42 1,128 1,179 1,180 1,200 1,217 0,181 1,182 1,133 1,134 1,215 1,135 1,136 1,185 1,137 1,139 1,202 1,142 1,216 1,204 1
user_000084	10 1,0 0,11 1,1 1,4 1,5 1,6 1,8 1,9 1,14 1,10 1,11 1,15 1,1 1,3 1,16 1,12 1,6 1,17 1,8 1,152 1,19 1,21 1,22 1,188 1,23 1,24 1,149 1,150 1,26 1,28 1,29 1,30 1,31 1,32 1,33 1,34 1,35 1,36 1,37 1,39 1,205 1,154 1,40 1,155 1,43 1,44 1,156 1,46 1,47 1,49 1,59 1,51 1,52 1,60 1,53 1,61 1,62 1,56 1,57 1,64 1,74 1,65 1,66 1,67 1,70 1,71 1,72 1,73 0,75 1,64 0,74 1,66 1,67 1,68 1,69 1,71 1,72 1,73 1,75 1,64 1,74 1,65 1,67 1,69 1,70 1,71 1,72 1,73 1,75 1,78 1,163 1,83 1,85 1,190 1,88 1,192 1,166 1,167 1,168 1,89 1,218 1,193 1,214 1,169 1,126 1,91 1,170 1,93 1,95 1,97 1,100 1,102 1,106 1,172 1,173 1,108 1,110 1,111 1,112 1,199 1,113 1,114 1,115 1,118 1,120 1,121 1,175 1,176 1,122 1,123 1,124 1,77 1,83 1,87 1,125 1,126 1,94 1,92 1,207 1,42 1,59 1,52 1,56 1,73 1,128 1,180 1,200 1,130 1,131 1,182 1,183 1,132 0,215 1,136 1,185 1,137 1,139 1,186 1,203 1
user_000085	10 1,0 1,15 1,3 1,4 1,16 0,5 0,17 1,8 1,9 1,143 1,0 1,1 1,2 1,4 1,17 1,8 1,13 1,9 1,14 1,152 1,21 1,147 1,22 1,188 1,23 1,25 1,26 1,151 1,27 1,28 1,29 1,30 1,31 1,32 1,33 1,34 1,35 1,36 1,37 1,39 1,207 1,155 1,41 1,42 0,44 1,45 1,158 1,46 1,159 1,58 1,50 1,51 1,52 1,60 1,53 1,61 1,54 0,62 1,63 1,48 0,49 1,51 1,52 1,60 1,53 1,54 1,55 1,56 1,57 1,48 1,58 1,59 1,51 1,52 1,60 1,61 1,62 1,63 1,57 1,74 0,65 1,66 1,67 1,69 1,70 1,71 1,72 1,73 1,75 1,74 1,65 1,66 1,67 1,68 1,69 1,70 1,72 1,73 1,75 1,160 1,161 1,162 1,77 1,79 1,80 1,81 1,164 1,125 1,166 1,167 1,168 1,89 1,193 1,209 1,126 1,195 1,211 1,197 1,170 1,96 1,98 1,100 1,213 1,103 1,104 1,172 1,173 1,109 1,110 1,199 1,174 1,115 1,117 1,118 1,119 1,120 1,121 1,177 1,123 1,124 1,124 1,81 1,83 1,214 1,126 1,94 1,207 1,42 1,52 1,56 1,67 1,128 1,219 1,129 1,180 1,181 1,201 1,132 1,133 0,134 1,184 1,135 1,136 1,185 1,137 1,139 1,140 1,202 1,187 1
user_000086	0 1,15 1,1 1,3 1,4 1,5 1,7 1,17 1,8 0,14 1,10 1,143 1,144 1,15 1,2 0,5 1,12 1,6 1,13 1,9 1,144 1,11 0,1 1,3 1,4 1,5 1,6 1,17 1,13 1,9 1,152 0,145 1,19 1,22 1,188 1,24 1,153 1,25 1,151 1,27 1,152 1,145 1,18 1,19 1,147 0,23 1,150 1,25 1,26 1,151 1,18 1,19 1,20 1,21 1,147 1,23 1,148 1,24 1,153 1,25 1,28 1,29 1,30 1,31 1,32 1,33 0,34 1,35 1,36 1,37 1,28 1,29 1,30 1,31 1,32 1,33 1,34 1,35 1,36 1,37 1,38 1,207 0,205 1,189 1,42 1,43 0,44 1,156 1,157 1,206 1,39 1,154 1,40 1,189 1,42 1,43 1,157 1,45 1,158 1,47 1,59 1,51 1,60 1,53 1,61 1,54 1,55 1,63 1,56 1,57 1,64 1,74 1,65 1,67 1,68 1,69 1,71 1,72 1,73 1,75 1,160 1,161 1,76 1,162 1,78 1,79 1,83 1,85 1,87 1,167 1,168 1,193 1,194 1,209 1,169 1,210 1,91 1,171 1,93 1,94 1,98 1,102 1,103 1,104 1,106 1,172 1,198 1,107 1,108 1,109 1,111 1,112 1,199 1,113 1,114 1,117 1,118 1,120 1,121 1,175 1,176 1,124 1,77 1,87 1,125 1,214 1,207 1,67 1,73 1,128 1,129 1,200 1,217 0,181 1,201 1,131 1,182 1,132 1,134 1,184 1,185 1,137 1,139 1,140 1,186 1,202 1,141 1,142 1,203 1,204 1
user_000087	144 1,11 0,1 0,3 1,4 0,6 1,7 1,17 1,8 1,13 1,143 0,144 1,0 1,1 1,4 1,5 1,12 1,6 1,13 1,14 1,10 1,143 1,144 1,2 0,3 1,16 1,6 1,17 1,8 1,14 1,145 1,18 1,21 1,22 1,188 1,23 1,153 0,150 1,25 1,26 1,152 1,145 1,18 1,20 1,147 0,149 1,25 1,26 1,151 1,27 1,146 1,19 1,147 1,22 1,188 1,153 1,149 1,150 1,151 1,27 1,28 1,29 1,30 1,31 1,32 1,33 1,34 1,35 1,36 1,37 1,38 1,205 1,189 1,41 1,42 1,44 1,156 1,45 1,46 1,159 1,59 1,50 1,51 1,52 1,53 1,62 1,55 1,63 1,56 1,57 1,74 1,66 1,67 1,68 0,69 1,70 1,71 1,72 1,73 1,75 1,64 1,74 1,65 1,66 1,67 1,68 1,70 1,71 1,72 1,73 1,160 1,162 1,77 1,208 1,165 1,84 1,125 1,166 1,167 1,89 1,209 1,195 1,90 1,127 1,91 1,211 1,197 1,170 1,171 1,93 1,96 1,100 1,102 1,104 1,106 1,198 1,107 1,173 1,109 1,110 0,112 1,113 1,174 1,118 1,119 1,121 1,175 1,176 1,177 1,122 1,123 1,178 1,124 1,77 1,83 1,87 1,94 1,92 1,207 1,73 1,179 1,129 1,180 1,200 1,181 1,131 1,182 1,183 1,132 1,184 1,215 1,136 1,138 1,139 1,202 1,142 1,203 1,216 1,204 1,187 1
user_000088	10 1,11 1,15 1,1 1,2 1,16 1,7 1,17 1,9 1,14 1,146 1,19 1,21 1,147 1,188 1,24 1,153 1,149 1,25 1,26 1,28 1,29 0,30 1,31 1,32 1,33 1,34 1,35 1,36 1,37 1,28 1,29 1,30 1,31 1,32 1,33 1,34 1,35 1,36 1,37 1,38 1,154 1,155 1,189 1,41 1,43 1,157 1,206 1,158 1,46 1,48 1,58 1,49 1,51 1,52 1,53 1,54 1,62 1,55 1,57 1,64 0,74 1,65 1,66 1,67 1,68 1,70 1,71 1,73 1,75 1,64 1,65 1,66 1,67 1,68 1,69 1,70 1,71 1,72 1,73 1,64 0,74 1,66 1,67 1,68 1,70 1,71 1,72 1,73 1,75 1,160 1,161 1,79 1,80 1,165 1,83 1,84 1,86 1,190 1,87 1,88 1,192 1,168 1,209 1,126 1,195 1,210 1,127 1,197 1,171 1,96 0,98 1,101 1,102 1,104 1,105 1,172 1,173 1,110 1,111 1,112 1,113 1,114 1,116 1,119 1,175 1,177 1,123 1,124 1,77 1,81 1,83 1,214 1,127 1,92 1,67 1,73 1,128 1,219 1,129 1,180 1,200 1,217 0,181 1,182 1,183 1,132 1,134 1,215 1,135 1,137 1,138 1,139 1,186 1,202 1,141 1,142 1,203 1,216 1,204 1
user_000089	10 1,11 1,1 1,3 1,4 1,16 1,5 1,12 1,6 1,14 1,152 1,145 1,18 0,21 1,147 1,148 1,24 1,153 0,150 0,26 1,20 1,21 0,147 0,22 1,188 1,23 1,148 1,153 1,149 1,150 1,152 1,18 1,19 1,147 1,188 1,24 1,153 1,149 1,25 1,27 1,28 1,29 1,30 1,31 1,32 1,33 1,34 1,35 0,36 1,37 1,28 1,29 1,30 1,31 1,32 1,33 1,34 1,35 0,36 1,37 1,28 1,29 1,30 1,31 1,32 1,33 1,34 1,35 1,36 1,37 1,38 1,207 1,154 1,155 1,41 1,43 1,157 1,206 1,45 1,46 0,38 1,205 1,155 1,41 1,42 1,43 1,156 1,157 1,45 1,47 1,48 1,59 1,51 1,52 1,60 1,61 1,54 1,55 1,56 1,57 1,64 1,74 1,65 1,67 1,68 1,69 1,70 1,71 1,72 1,75 1,161 1,78 1,80 1,82 1,164 1,165 1,84 1,86 1,88 1,192 1,125 1,168 1,89 1,193 1,214 1,169 1,91 1,211 1,197 1,95 1,96 1,98 1,99 1,213 1,101 1,103 1,105 1,106 1,198 1,107 1,173 1,111 1,174 1,116 1,117 1,118 1,119 1,120 1,175 1,176 1,122 1,178 1,124 1,77 1,81 1,214 1,126 1,94 1,92 1,42 1,52 1,56 1,67 1,128 1,179 1,129 1,130 1,201 1,131 1,134 1,184 1,135 1,136 1,137 1,139 1,140 1,142 1,203 1,204 1,187 1
user_000090	143 1,0 1,15 1,1 1,2 0,16 1,5 1,12 1,17 1,14 1,10 1,11 0,15 1,3 1,4 1,12 1,6 1,17 1,13 1,9 1,10 1,143 1,144 1,15 1,2 1,16 1,5 1,7 1,17 1,9 1,152 1,18 1,146 1,21 1,22 1,148 1,24 1,149 1,150 1,25 1,28 1,29 1,30 1,31 1,32 1,33 1,34 1,35 1,36 1,37 1,28 1,29 1,30 1,31 1,32 1,33 1,34 1,35 1,36 1,37 1,205 1,154 1,155 1,189 1,41 1,43 1,206 1,158 1,46 1,159 1,48 1,58 1,59 1,50 1,51 1,60 1,53 1,55 1,63 1,56 1,48 1,58 1,59 1,52 1,60 1,61 1,54 1,62 1,56 1,57 1,64 1,74 1,65 1,66 1,67 1,70 1,71 1,72 1,73 1,75 1,77 1,79 1,163 1,208 1,85 1,87 1,88 1,166 1,168 1,218 1,194 1,214 1,209 1,169 1,91 1,211 1,92 1,171 1,93 1,95 1,98 1,102 1,106 1,198 1,173 1,108 1,111 1,112 1,113 1,114 1,174 1,115 1,116 1,175 1,176 1,177 1,122 1,123 1,124 1,124 1,81 1,125 1,127 1,94 1,92 1,52 1,73 1,128 1,219 1,179 1,180 1,130 1,217 1,181 1,201 1,182 1,132 1,184 1,215 1,135 1,136 1,185 1,139 1,186 1,202 1,141 1,203 1,216 1,204 1,187 1
user_000091	143 1,144 1,11 1,1 1,3 1,5 1,12 1,7 0,8 1,14 1,144 1,0 1,11 1,1 1,2 1,5 1,12 1,7 1,8 1,14 1,145 1,18 1,19 1,20 1,22 1,23 1,148 1,149 1,26 1,151 1,28 1,29 1,30 1,31 1,32 1,33 1,34 1,35 1,36 1,37 1,39 1,155 1,189 1,41 1,42 1,43 1,156 1,46 1,159 1,47 1,48 1,59 1,50 1,51 1,52 0,60 1,53 1,62 1,55 1,56 1,48 1,58 1,59 1,50 1,51 1,60 1,61 1,62 1,56 1,57 1,64 0,74 1,65 1,66 1,67 1,68 1,69 1,70 1,71 1,73 1,65 1,66 1,67 1,68 1,69 1,70 1,71 0,72 1,73 1,75 1,74 1,65 1,66 1,67 1,68 1,69 1,70 1,72 1,73 1,75 1,76 1,77 1,78 1,163 1,164 1,208 1,165 1,83 1,192 1,166 1,168 1,89 1,209 1,169 1,126 1,127 1,211 1,212 1,93 1,94 1,96 1,97 1,98 1,99 1,100 1,105 1,106 1,172 1,198 1,107 1,173 1,108 1,109 1,110 1,111 1,199 1,113 1,114 1,174 1,118 1,120 1,121 1,176 1,177 1,178 1,124 1,124 1,87 1,125 1,214 1,92 1,42 1,59 1,52 1,219 1,179 1,129 1,200 1,130 1,181 1,201 1,131 1,182 1,183 1,184 1,135 1,136 1,185 1,203 1,216 1
user_000092	143 1,144 1,11 1,15 1,1 1,16 1,5 1,6 1,17 1,9 1,145 1,18 1,19 1,20 1,21 1,24 1,153 1,150 1,26 1,151 1,152 1,145 1,146 1,19 1,22 1,24 1,153 1,150 1,26 1,151 1,28 1,29 1,30 1,31 1,32 1,33 1,34 1,35 0,36 1,37 1,28 1,29 1,30 1,31 1,32 1,33 1,34 1,35 1,36 1,37 1,38 1,155 1,189 1,41 1,42 1,43 1,157 1,45 1,158 1,159 1,207 1,205 1,189 1,41 1,42 1,43 1,44 1,156 1,206 1,158 1,58 1,49 1,50 1,51 1,52 1,61 1,54 1,55 1,63 1,57 1,48 1,58 1,49 1,50 1,52 1,61 1,54 1,62 1,55 1,63 1,74 1,65 1,66 1,68 1,69 1,70 1,71 1,72 1,73 1,75 1,64 1,74 1,65 1,66 1,67 1,68 1,69 1,71 1,72 1,75 1,65 1,66 1,67 1,68 1,69 1,70 1,71 1,72 1,73 1,75 1,77 1,81 1,164 1,165 1,83 1,85 1,190 1,88 1,125 1,167 1,218 1,214 1,169 1,90 1,92 1,170 1,171 1,93 1,94 1,95 1,97 1,98 1,213 1,101 1,102 1,103 1,104 1,105 1,106 1,198 1,107 1,108 1,109 1,110 1,111 1,112 1,174 1,116 1,117 1,118 1,120 1,121 1,175 1,122 1,123 1,124 1,124 1,83 1,87 1,125 1,126 1,92 1,207 1,42 1,59 1,56 1,129 1,132 1,134 1,184 1,215 1,135 1,136 1,185 1,137 1,138 1,141 1,142 1,204 1,187 1
user_000093	144 1,11 1,15 1,1 1,2 1,16 1,12 1,6 1,7 1,8 1,19 1,20 1,21 1,147 1,22 1,23 1,24 1,149 1,150 1,26 1,28 1,29 1,30 1,31 1,32 1,33 1,34 1,35 1,36 1,37 1,38 1,205 1,154 1,189 1,42 1,157 1,206 1,158 1,46 1,47 1,58 1,49 1,59 1,51 1,52 1,60 1,53 1,55 1,56 1,57 1,64 1,65 1,66 1,67 1,68 1,69 1,70 1,72 1,73 1,75 1,162 1,163 1,82 1,164 1,208 1,86 1,87 1,191 1,88 1,166 1,168 1,194 1,214 1,195 1,210 1,211 1,197 1,170 1,171 1,94 1,96 1,97 1,98 1,99 1,100 1,213 1,102 1,103 1,105 1,106 1,172 1,107 1,108 1,109 1,110 1,111 1,199 1,113 1,174 1,115 1,119 1,120 1,175 1,123 1,178 1,77 1,83 1,87 1,94 1,207 1,67 1,73 1,200 1,217 1,181 1,201 1,131 1,182 1,183 1,132 1,133 1,184 1,215 1,136 1,137 1,138 1,139 1,186 1,202 1,141 1
user_000094	10 1,144 1,1 1,2 1,4 1,12 1,6 1,17 1,9 1,14 1,145 1,146 1,147 1,22 1,188 0,148 1,24 1,153 1,149 1,150 1,152 1,145 1,18 1,19 1,20 1,23 1,148 1,153 1,25 1,151 0,18 1,146 1,21 1,147 1,22 1,23 1,24 1,153 1,150 1,27 1,28 1,29 1,30 0,31 1,32 1,33 0,34 0,35 0,36 1,37 1,28 1,29 1,30 1,31 1,32 1,33 1,34 1,35 1,36 1,37 1,39 1,207 1,205 1,155 1,41 1,44 1,156 1,157 1,46 1,159 1,48 1,49 1,59 1,51 1,52 1,60 1,61 1,62 1,55 1,56 1,74 1,65 1,67 1,68 1,69 1,70 1,71 1,72 1,73 1,75 1,160 1,76 1,162 1,78 1,163 1,80 1,208 1,85 1,86 1,88 1,168 1,89 1,193 1,196 1,90 1,92 1,171 1,93 1,94 1,95 1,96 1,99 1,100 1,101 1,103 1,104 1,105 1,173 1,108 1,199 1,113 1,174 1,116 1,117 1,121 1,176 1,177 1,122 0,123 1,178 1,124 1,81 1,87 1,125 1,214 1,126 1,127 1,94 1,92 1,207 1,52 1,56 1,67 1,73 1,128 1,219 1,179 1,200 1,217 0,181 1,183 1,132 1,134 1,215 1,135 1,139 1,186 1,142 1,203 1,204 1
user_000095	10 1,143 1,144 1,1 0,3 1,16 1,12 0,6 1,7 1,17 1,10 1,11 1,15 1,2 1,3 1,16 1,5 1,12 1,6 1,13 1,10 1,143 1,1 1,3 1,4 0,16 1,5 1,6 1,13 1,14 1,152 1,145 1,18 1,22 1,188 1,23 1,153 1,150 1,25 1,27 1,28 1,29 1,30 1,31 1,32 1,33 1,34 1,35 1,36 1,37 1,207 1,205 1,40 1,155 1,41 1,43 1,44 1,206 1,45 1,47 1,48 1,59 1,50 1,51 1,52 1,60 1,61 1,54 1,63 1,57 1,64 1,74 1,65 1,66 1,68 1,69 1,70 1,71 1,72 1,73 1,161 1,162 1,82 1,164 1,83 1,84 1,85 1,86 1,190 1,88 1,166 1,218 1,214 1,169 1,195 1,210 1,91 1,92 1,93 1,94 1,97 1,98 1,100 1,102 1,103 1,104 1,105 1,106 1,198 1,107 1,173 1,108 1,110 1,112 1,113 1,114 1,174 1,115 1,116 1,118 1,120 1,176 1,177 1,122 1,178 0,124 1,124 1,77 1,81 1,214 1,126 1,92 1,59 1,52 1,129 1,180 1,130 1,217 0,181 1,131 1,183 1,134 1,215 1,136 1,185 1,137 1,140 1,203 1,216 1,204 1
user_000096	143 1,144 1,11 1,1 1,4 1,6 1,7 1,17 1,8 1,14 1,146 1,19 1,21 1,147 1,188 1,23 1,153 1,150 1,25 1,151 1,145 1,146 1,21 1,147 1,22 1,23 1,148 1,25 1,26 1,27 1,152 1,20 1,147 1,22 1,188 1,23 1,24 1,153 1,150 1,27 1,28 1,29 1,30 1,31 1,32 1,33 1,34 1,35 1,36 1,37 1,28 1,29 1,30 1,31 1,32 1,33 1,34 1,35 1,36 1,37 1,38 1,207 1,205 1,155 1,42 1,156 1,45 1,158 1,46 1,47 1,38 1,207 1,205 1,154 1,189 1,43 1,206 1,158 1,46 1,47 1,39 1,154 1,40 1,189 1,41 1,44 1,156 1,206 1,158 1,47 1,48 1,58 1,49 1,59 1,50 1,60 1,53 1,54 1,63 1,57 1,58 1,49 1,59 1,50 1,51 1,53 1,54 1,62 1,55 1,63 1,48 1,58 1,50 1,52 1,60 1,61 1,62 1,63 1,56 1,57 1,64 1,74 1,65 1,67 1,68 1,69 1,70 1,72 1,73 1,75 1,64 1,74 1,65 1,66 1,67 1,68 1,70 1,72 1,73 1,75 1,76 1,77 1,163 1,80 1,81 1,208 1,165 1,83 1,87 1,191 1,88 1,192 1,193 1,209 1,126 1,195 1,196 1,90 1,171 1,94 1,98 1,99 1,100 1,213 1,101 1,103 1,198 1,107 1,108 1,111 1,112 1,199 1,113 1,174 1,115 1,116 1,117 1,121 1,175 1,122 1,123 1,124 1,83 1,126 1,92 1,42 1,59 1,52 1,56 1,67 1,73 1,128 1,219 1,179 1,200 1,130 1,217 1,181 1,201 1,183 1,132 1,133 1,134 1,184 1,140 1,186 1,202 1,203 1,216 1,187 1
user_000097	143 1,144 1,0 1,15 1,2 1,16 1,5 0,6 1,17 1,14 1,144 1,11 1,1 1,3 1,4 1,5 1,6 1,7 1,17 1,9 1,152 1,146 1,19 1,22 1,188 0,24 1,153 1,150 1,25 1,151 1,152 1,18 1,146 1,19 1,22 1,23 1,148 1,149 1,150 1,26 1,28 1,29 1,30 1,31 1,32 1,33 1,34 1,35 1,36 1,37 1,38 1,39 1,205 1,154 1,189 0,156 1,206 1,158 1,46 1,47 0,38 1,39 1,155 1,41 1,42 1,156 1,157 1,206 1,45 1,159 1,58 1,49 1,59 0,50 1,51 1,52 1,60 1,53 1,61 1,56 1,48 1,50 1,52 1,61 1,54 0,62 1,55 1,63 1,56 1,57 1,48 1,58 1,49 1,50 1,51 1,52 1,54 1,63 1,56 1,57 1,64 1,74 1,65 1,66 1,67 1,68 1,69 1,71 1,73 1,75 1,160 1,77 1,164 1,84 1,86 1,88 1,166 1,167 1,168 1,218 1,193 1,194 1,126 1,210 1,90 1,211 1,92 1,93 1,94 1,95 1,99 1,100 1,213 1,102 1,104 1,105 1,173 1,108 1,114 1,174 1,116 1,118 1,120 1,121 1,175 1,176 1,177 1,124 1,77 1,83 1,214 1,126 1,127 1,92 1,207 1,42 1,52 1,56 1,128 1,219 1,179 1,200 1,130 1,217 1,181 1,132 1,133 1,134 1,184 1,215 1,135 1,185 1,137 1,138 1,139 1,202 1,141 1,203 1,216 1,187 1
user_000098	10 1,143 1,1 1,3 1,4 1,12 1,6 1,7 1,17 1,8 1,152 0,145 1,146 1,147 0,22 1,148 1,24 1,153 1,26 1,27 1,152 1,18 1,146 1,19 1,147 1,23 1,148 1,150 1,26 1,27 1,28 1,29 1,30 1,31 1,32 1,33 1,34 1,35 1,36 1,37 1,39 1,40 1,155 1,189 1,41 1,44 1,156 1,206 1,46 1,159 1,58 1,49 1,59 1,51 1,61 1,54 1,62 1,55 1,56 1,57 1,64 1,65 1,66 1,67 1,68 1,69 1,70 1,71 1,73 1,75 1,160 1,161 1,77 1,82 1,208 1,84 1,85 1,190 1,87 1,88 1,167 1,168 1,209 1,169 1,127 1,91 1,211 1,212 1,171 1,94 1,96 1,98 1,100 1,213 1,101 1,102 1,103 0,104 1,105 1,172 1,107 1,110 1,111 1,112 1,114 1,174 1,116 1,117 1,175 1,177 1,122 1,77 1,83 1,87 1,126 1,127 1,92 1,207 1,42 1,52 1,56 1,67 1,219 1,179 1,217 0,181 1,201 1,131 1,182 1,134 1,215 1,136 1,185 1,138 1,139 1,186 1,202 1,141 1,216 1,204 1
user_000099	11 1,15 1,1 1,2 1,3 1,16 1,5 1,17 1,8 1,14 1,146 1,19 1,20 1,21 1,147 1,153 1,149 1,150 1,25 1,26 1,28 1,29 1,30 1,31 1,32 1,33 1,34 1,35 1,36 1,37 1,38 1,39 1,207 1,205 1,42 1,43 1,44 1,156 1,158 1,47 1,58 1,52 1,60 1,53 1,61 1,54 1,62 1,63 1,56 1,57 1,48 1,49 1,50 1,51 1,52 1,54 1,62 1,63 1,56 1,57 1,48 1,58 1,59 1,60 1,53 1,54 1,62 1,55 1,56 1,57 1,64 1,74 1,65 1,67 1,68 1,70 1,71 1,72 1,73 1,75 1,64 1,74 1,65 1,66 1,67 1,68 1,69 1,71 1,72 1,75 1,64 1,74 1,65 1,67 1,68 1,69 1,70 1,71 1,72 1,73 1,76 1,78 1,81 1,208 1,165 1,83 1,84 1,87 1,88 1,166 1,167 1,218 1,195 1,210 1,127 1,197 1,92 1,212 1,171 1,94 1,96 1,97 1,98 1,100 1,213 1,101 1,102 1,172 1,198 1,173 1,108 1,109 1,110 1,112 1,199 1,174 1,115 1,117 1,118 1,119 1,120 1,177 1,122 1,124 1,124 1,77 1,81 1,87 1,126 1,127 1,42 1,59 1,52 1,67 1,73 1,128 1,129 1,130 1,181 1,201 1,132 1,133 1,184 1,136 1,185 1,137 1,140 1,186 1,216 1,204 1
user_000100	10 1,144 1,15 1,3 1,4 1,5 1,8 1,13 1,9 1,14 1,18 1,19 1,20 1,22 1,188 1,23 1,24 1,150 1,25 1,151 0,152 1,145 1,146 1,147 0,22 1,23 1,148 1,150 1,25 1,26 1,145 1,18 1,20 1,147 1,188 1,148 1,24 1,26 1,151 1,27 1,28 1,29 1,30 1,31 1,32 1,33 1,34 1,35 1,36 1,37 1,207 1,154 1,40 1,155 1,42 1,44 1,156 1,157 1,159 1,47 1,58 1,49 1,59 1,50 1,52 1,60 1,53 1,55 0,56 1,57 1,58 1,49 1,50 1,51 1,53 1,54 1,55 1,63 1,56 1,57 1,64 1,74 1,65 1,68 1,69 1,70 1,71 1,72 1,73 1,75 1,76 1,77 1,81 1,208 1,84 1,85 1,190 1,87 1,191 1,192 1,125 1,166 1,168 1,89 1,196 1,90 1,127 1,197 1,170 1,95 1,96 0,213 1,102 1,103 1,106 1,198 1,107 1,173 1,109 1,110 1,112 1,113 1,114 1,174 1,115 1,120 0,121 1,177 1,122 1,123 1,124 1,77 1,81 1,87 1,214 1,127 1,94 1,207 1,52 1,56 1,73 1,128 1,179 1,200 1,130 1,181 1,201 1,131 1,183 1,132 1,133 1,134 1,215 1,135 1,137 1,186 1,202 1,141 1,216 1,204 1
user_000101	10 1,143 1,0 1,2 1,3 1,16 1,5 1,12 1,7 1,8 1,145 1,18 1,146 1,22 1,188 1,23 1,153 1,150 1,25 1,26 1,28 1,29 1,30 1,31 1,32 1,33 1,34 1,35 1,36 1,37 1,39 1,207 1,205 1,154 1,189 1,44 1,45 1,46 1,159 1,47 1,49 1,59 1,51 1,52 1,60 1,53 1,54 1,62 1,55 1,57 1,74 1,65 1,67 1,68 1,69 1,70 1,71 1,72 1,73 1,75 1,76 1,162 1,78 1,79 1,81 1,82 1,83 1,85 1,86 1,87 1,169 1,196 1,127 1,197 1,92 1,170 1,212 1,171 1,93 1,94 1,96 1,97 1,103 1,104 1,105 1,106 1,109 1,110 1,112 1,117 1,118 1,119 1,120 1,175 1,122 1,77 1,81 1,83 1,87 1,125 1,214 1,126 1,127 1,94 1,92 1,207 1,42 1,59 1,56 1,67 1,179 1,180 1,200 1,130 1,217 0,181 1,131 1,182 1,184 1,135 1,185 1,137 1,138 1,139 1,140 1,202 1,203 1,216 1,204 1,187 1
user_000102	10 1,1 1,2 1,3 1,4 1,12 1,6 1,17 1,8 1,13 1,152 1,146 1,20 1,21 1,188 1,23 1,153 1,149 1,150 1,151 1,28 1,29 1,30 1,31 1,32 1,33 1,34 1,35 1,36 1,37 1,39 1,40 1,189 1,41 1,42 1,43 1,157 1,158 1,159 1,47 1,58 1,49 1,59 1,52 1,60 1,53 1,62 1,55 1,56 1,57 1,64 1,74 1,65 1,66 1,69 1,70 1,71 1,72 1,73 1,75 1,160 1,76 1,162 1,77 1,163 1,80 1,81 1,82 1,86 1,191 1,192 1,168 1,89 1,209 1,169 1,92 1,170 1,212 1,93 1,95 1,97 1,98 1,100 1,213 1,101 1,103 1,105 1,172 1,198 1,173 1,110 1,112 1,199 1,114 1,174 1,116 1,119 1,120 1,121 1,175 1,176 1,177 1,123 1,178 1,124 1,77 1,83 1,214 1,126 1,127 1,94 1,207 1,42 1,59 1,52 1,56 1,73 1,128 1,179 1,129 1,180 1,217 1,181 1,131 1,184 1,135 1,186 1,202 1,142 1,216 1
user_000103	143 1,0 1,15 1,1 0,3 1,16 1,5 1,12 1,8 1,9 1,143 1,0 1,15 0,1 1,3 1,5 1,12 1,7 1,17 1,14 1,143 1,144 1,15 1,3 1,4 1,6 1,7 1,17 1,8 1,9 1,152 1,18 0,146 1,20 1,22 1,24 1,25 1,26 1,151 1,27 1,152 1,145 1,19 1,20 1,147 1,23 1,148 1,153 1,26 1,151 1,152 0,145 0,18 0,21 0,147 0,148 0,149 0,150 0,26 0,27 0,28 1,29 1,30 1,31 1,32 1,33 1,34 1,35 1,36 1,37 1,38 1,207 1,205 1,155 1,189 1,206 1,45 1,158 1,46 1,159 1,58 0,49 1,52 1,61 1,54 1,62 1,55 1,63 1,56 1,57 1,48 1,58 0,49 1,50 1,51 1,53 1,62 1,55 1,63 0,57 1,48 1,58 1,49 1,51 1,60 1,54 1,62 1,55 1,63 1,56 1,64 1,74 1,65 1,66 1,67 1,68 1,69 1,70 1,72 1,75 1,81 1,82 1,164 1,208 1,190 1,87 1,191 1,88 1,192 1,125 1,168 1,89 1,218 1,169 1,196 1,127 1,197 1,92 1,212 1,94 1,96 1,97 1,98 1,99 1,213 1,101 1,103 1,104 1,173 1,111 1,174 1,115 1,116 1,117 1,118 1,119 1,121 1,175 1,123 1,178 1,124 1,124 1,77 1,81 1,87 1,125 1,126 1,127 1,94 1,207 1,42 1,59 1,52 1,67 1,73 1,179 1,129 1,180 1,200 1,130 1,181 1,182 1,133 1,184 1,136 1,185 1,202 1,216 1,204 1,187 1
user_000104	10 1,143 1,11 1,2 1,3 1,12 1,17 1,13 1,9 1,14 1,152 1,145 1,18 1,19 1,147 1,23 1,148 1,24 1,149 1,151 1,28 1,29 1,30 1,31 1,32 1,33 1,34 1,35 1,36 1,37 1,207 1,154 1,40 1,155 1,189 1,43 1,156 1,45 1,46 1,47 1,48 1,49 1,59 1,52 1,60 1,53 1,61 1,62 1,63 1,57 1,74 1,65 1,66 1,67 1,68 1,69 1,70 1,71 1,72 1,75 1,160 1,76 1,79 1,81 1,83 1,84 1,85 1,86 1,191 1,125 1,218 1,209 1,195 1,210 1,90 1,127 1,91 1,92 1,94 1,95 1,96 1,97 1,98 1,99 1,103 1,105 1,172 1,198 1,107 1,173 1,108 1,110 1,111 1,112 1,199 1,116 1,118 1,120 1,121 1,175 1,176 1,123 1,178 1,124 1,124 1,81 1,83 1,125 1,214 1,126 1,127 1,92 1,73 1,219 1,129 1,201 1,131 1,133 1,184 1,215 1,185 1,138 1,139 1,140 1,186 1,202 1,141 1,142 1,203 1,216 1
user_000105	10 1,143 1,1 0,2 1,4 1,5 1,7 1,8 1,13 1,9 1,10 0,144 1,11 1,1 0,2 1,12 1,7 1,17 1,13 1,14 1,10 1,143 1,11 1,15 1,4 1,12 1,7 1,8 1,9 1,14 1,152 1,18 0,21 1,147 1,22 1,24 1,153 1,25 1,26 1,27 1,152 1,146 1,21 1,147 1,22 1,23 1,24 1,153 1,150 1,25 1,28 1,29 1,30 1,31 1,32 1,33 1,34 1,35 1,36 1,37 1,205 1,154 1,155 1,41 1,42 1,43 1,44 1,156 1,157 1,159 1,48 1,49 1,59 1,50 1,52 1,53 0,54 1,62 1,55 1,56 1,48 1,58 1,49 1,50 1,51 1,52 1,53 1,54 0,63 1,56 1,48 1,58 1,59 1,50 1,52 1,53 1,62 1,55 1,63 1,56 1,74 0,65 1,66 1,67 1,68 1,69 1,70 1,71 1,73 1,75 1,64 1,74 1,66 1,67 1,68 1,69 1,70 1,71 1,72 1,75 1,161 1,76 1,79 1,163 1,80 1,208 1,165 1,83 1,190 1,191 1,192 1,168 1,193 1,194 1,209 1,195 1,90 1,211 1,170 1,171 1,100 1,101 1,105 1,172 1,173 1,109 1,110 1,111 1,112 1,199 1,113 1,174 1,115 1,116 1,117 1,118 1,120 1,121 1,175 1,177 1,122 1,124 1,77 1,83 1,87 1,214 1,126 1,127 1,92 1,207 1,59 1,52 1,67 1,73 1,219 1,179 1,181 1,201 1,131 1,183 1,133 1,134 1,184 1,215 1,185 1,137 1,139 1,140 1,142 1,203 1
user_000106	10 1,143 1,0 1,1 1,3 1,16 1,7 1,8 1,13 1,14 1,152 1,145 1,19 1,21 1,188 1,23 1,148 1,24 0,153 1,27 1,145 1,146 1,147 1,22 1,188 1,148 1,24 0,153 1,26 1,151 0,18 1,146 1,19 1,21 1,147 1,23 1,148 1,24 1,153 1,149 1,28 1,29 1,30 0,31 1,32 1,33 1,34 1,35 1,36 1,37 1,28 1,29 1,30 1,31 1,32 1,33 1,34 1,35 1,36 1,37 1,38 1,39 1,207 1,205 1,41 0,43 1,156 1,157 1,158 1,46 1,207 1,205 1,154 1,41 1,42 1,157 1,206 1,45 1,158 1,47 1,58 1,59 1,50 1,51 1,53 1,61 1,62 1,55 1,63 1,57 1,64 1,74 1,66 1,67 0,68 1,69 1,70 1,71 1,73 1,75 1,64 1,74 1,65 1,68 1,69 1,70 1,71 1,72 1,73 1,75 1,161 1,79 1,84 1,85 1,190 1,87 1,88 1,125 1,218 1,214 1,195 1,90 1,127 1,91 1,211 1,197 1,212 1,93 1,94 1,95 1,97 1,98 1,99 1,100 1,101 1,104 1,105 1,172 1,198 1,107 1,173 1,108 1,109 1,111 1,115 1,116 1,117 1,121 1,175 1,122 1,123 1,178 1,124 1,77 1,87 1,214 1,126 1,94 1,207 1,67 1,73 1,219 1,200 1,181 1,201 1,131 1,132 1,185 1,137 1,138 1,139 1,140 1,186 1,202 1,141 1,142 1,203 1,216 1,204 1,187 1
user_000107	143 1,11 1,15 1,3 1,4 1,16 1,5 1,12 1,7 1,13 1,152 1,145 1,146 1,19 1,188 1,153 1,150 1,25 1,151 1,27 1,28 1,29 1,30 0,31 1,32 1,33 0,34 0,35 1,36 1,37 1,28 1,29 1,30 1,31 1,32 1,33 1,34 1,35 1,36 1,37 1,38 1,39 1,205 1,154 1,155 1,43 1,44 1,156 0,157 1,47 1,39 1,207 1,154 1,41 1,42 1,157 1,45 1,158 1,46 1,47 1,50 1,51 1,52 1,60 1,53 1,54 1,62 1,55 1,56 1,57 1,64 1,74 1,65 1,66 1,68 1,69 1,70 1,72 1,73 1,75 1,78 1,163 1,80 1,164 1,165 1,84 1,190 1,87 1,192 1,125 1,167 1,218 1,214 1,210 1,90 1,170 1,171 1,93 1,94 1,95 1,97 1,98 1,100 1,102 1,105 1,172 1,198 1,173 1,108 1,109 1,111 1,199 1,113 0,115 1,119 1,121 1,178 1,124 1,77 1,81 1,83 1,87 1,214 1,126 1,94 1,92 1,42 1,52 1,67 1,73 1,129 1,180 1,217 0,182 1,183 1,132 1,133 1,184 1,215 1,135 1,185 1,137 1,139 1,140 1,186 1,202 1,142 1,203 1,204 1,187 1
user_000108	10 1,144 1,0 1,11 1,1 1,5 1,12 1,17 1,13 1,14 1,152 1,146 1,19 1,20 1,22 1,148 1,24 1,149 1,25 1,151 1,28 1,29 1,30 1,31 1,32 1,33 1,34 1,35 1,36 1,37 1,39 1,40 1,155 1,189 1,41 1,44 1,156 1,45 1,159 1,47 1,48 1,58 1,49 1,59 1,50 1,52 1,53 1,63 1,56 1,57 1,48 1,58 0,59 1,50 1,60 1,53 1,61 1,62 1,55 1,63 1,64 1,74 1,65 1,66 1,67 1,68 1,70 1,71 1,73 1,75 1,76 1,77 1,79 1,208 1,84 1,85 1,86 1,87 1,88 1,167 1,89 1,214 1,209 1,169 1,195 1,196 1,127 1,91 1,197 1,93 1,96 1,97 1,98 1,100 1,213 1,102 1,104 0,106 1,172 1,198 1,107 1,173 1,109 1,110 1,112 1,113 1,115 1,116 1,117 1,119 1,121 1,177 1,122 1,123 1,83 1,87 1,125 1,126 1,207 1,52 1,56 1,73 1,128 1,219 1,179 1,180 1,200 1,130 1,217 1,181 1,131 1,182 1,183 1,134 1,136 1,185 1,138 1,202 1,204 1,187 1
user_000109	143 1,144 1,11 1,1 1,2 1,17 1,8 1,13 1,9 1,14 1,143 1,144 1,0 1,11 1,3 0,16 1,5 1,7 1,17 1,14 1,146 1,19 1,21 1,147 1,22 1,148 1,149 1,150 1,151 1,27 1,28 1,29 0,30 1,31 1,32 1,33 0,34 1,35 1,36 1,37 1,28 1,29 1,30 1,31 1,32 1,33 1,34 1,35 1,36 1,37 1,38 1,154 0,40 1,41 1,42 1,44 1,156 1,157 1,46 1,47 1,38 1,39 0,207 1,155 1,41 1,156 1,157 1,45 1,46 1,47 1,39 1,207 1,205 1,155 1,41 1,43 0,44 1,206 1,158 0,159 1,58 1,49 1,59 1,50 1,51 1,52 1,54 1,63 1,56 1,57 1,64 1,74 1,65 1,66 1,67 1,68 1,71 1,72 1,73 1,75 1,160 1,161 1,77 1,163 1,80 1,82 1,208 1,85 1,190 1,191 1,192 1,89 1,214 1,209 1,195 1,211 1,197 1,92 1,170 1,93 1,96 1,97 1,100 1,101 1,102 1,103 1,104 1,105 1,106 1,172 1,198 1,109 1,110 1,199 1,174 1,116 1,119 1,120 1,121 1,176 0,177 1,122 1,124 1,124 1,87 1,125 1,127 1,92 1,207 1,42 1,56 1,67 1,179 1,200 1,130 1,201 1,182 1,183 1,133 1,184 1,215 1,136 1,137 1,140 1,141 1,142 0,203 1,216 1,204 1,187 1
user_000110	144 1,0 1,11 0,15 1,2 0,16 1,5 1,12 1,6 1,14 0,144 1,11 1,2 1,3 0,4 1,5 1,7 1,8 0,13 1,9 1,10 1,0 1,1 1,2 1,4 1,6 1,7 1,13 1,9 1,14 0,19 1,21 1,147 1,22 1,188 1,24 0,150 0,25 0,26 0,151 0,145 1,19 0,20 1,21 1,147 1,153 1,150 1,25 1,26 1,151 1,152 1,18 1,147 1,22 1,188 1,148 1,149 1,25 1,26 1,27 1,28 1,29 1,30 1,31 1,32 1,33 1,34 1,35 1,36 1,37 1,28 0,29 0,30 0,31 0,32 0,33 0,34 0,35 0,36 0,37 0,38 1,207 1,154 1,40 1,155 1,156 1,157 1,158 1,46 1,47 1,48 1,58 1,49 1,59 1,52 1,60 1,53 1,55 1,56 1,57 1,64 1,74 1,65 1,66 1,67 1,69 1,71 1,72 1,73 1,75 1,160 1,77 1,78 1,80 1,81 1,82 1,165 1,83 1,84 1,88 1,168 1,218 1,194 1,195 1,211 1,197 1,92 1,212 1,94 1,95 1,96 1,97 1,99 1,103 1,105 1,106 1,109 1,111 1,199 1,113 1,174 1,115 1,116 1,117 1,119 1,120 1,177 1,122 1,178 1,124 1,124 1,87 1,125 0,214 1,126 1,92 1,207 1,59 1,67 1,73 1,219 0,179 1,129 1,180 1,217 1,131 1,182 1,183 1,134 1,136 1,185 1,137 1,140 1,186 1,202 1,141 1,142 1,203 1,204 1,187 1
user_000111	11 1,1 1,2 0,3 1,4 0,12 1,17 1,8 1,13 1,9 1,10 1,143 1,0 1,15 1,4 1,5 0,6 1,13 1,9 1,14 1,152 1,146 1,20 1,21 1,22 1,23 1,148 1,24 1,26 1,27 1,28 0,29 1,30 1,31 1,32 1,33 1,34 1,35 1,36 1,37 1,28 1,29 1,30 1,31 1,32 1,33 1,34 1,35 1,36 1,37 1,39 1,207 1,154 1,40 1,42 1,156 1,157 1,45 1,46 1,159 1,48 1,58 1,49 1,51 1,60 1,53 1,61 1,62 1,56 1,57 1,64 1,74 1,65 1,66 1,67 1,68 1,69 1,71 1,72 0,75 1,64 1,74 1,67 1,68 1,69 1,70 1,71 1,72 1,73 1,75 1,162 1,77 1,79 1,82 1,208 1,190 1,87 1,191 1,88 1,167 1,194 1,214 1,209 1,195 1,210 1,196 1,92 1,170 1,212 1,171 1,96 1,97 1,99 1,100 1,105 1,106 0,198 1,173 1,110 1,111 1,112 1,113 1,114 1,119 1,120 1,121 1,175 1,124 1,81 1,214 1,126 1,94 1,92 1,42 1,56 1,67 1,73 1,128 1,219 1,179 1,129 1,200 1,130 1,217 0,201 1,183 1,134 1,184 1,135 1,136 1,137 1,138 1,139 1,140 1,202 1,141 1,142 1,216 1,204 1,187 1
user_000112	10 1,143 1,1 1,3 1,4 1,16 1,12 1,6 1,9 1,14 1,152 1,146 1,20 0,147 1,22 1,24 1,153 1,149 1,25 1,26 1,152 1,145 1,21 1,147 0,188 1,148 1,24 1,153 1,26 0,151 1,145 1,146 1,20 1,22 1,188 1,23 0,153 1,150 1,26 1,27 1,28 1,29 1,30 1,31 1,32 1,33 1,34 1,35 1,36 1,37 1,39 1,205 1,40 1,189 1,42 1,43 1,157 1,158 1,159 1,47 1,48 1,49 1,59 1,50 1,60 1,53 1,61 1,54 1,62 1,55 0,48 1,49 1,50 1,51 1,52 1,60 1,61 1,54 1,62 1,55 1,64 1,74 1,66 1,67 0,68 1,69 1,70 1,72 1,73 1,75 1,65 1,66 1,67 1,68 1,69 1,70 1,71 1,72 1,73 1,75 1,160 1,76 1,77 1,78 1,79 1,164 1,83 1,85 1,191 1,88 1,167 1,218 1,210 1,196 1,90 1,127 1,91 1,212 1,94 1,95 1,96 0,98 1,99 1,102 1,104 1,105 1,106 1,172 1,173 1,109 1,110 1,112 1,116 1,119 1,175 1,176 0,123 1,178 1,124 1,124 1,77 1,83 1,87 1,125 1,126 1,127 1,94 1,92 1,207 1,59 1,52 1,56 1,73 1,128 1,129 1,180 1,217 1,201 1,132 1,133 1,136 1,185 1,137 1,139 1,140 1,202 1,141 1,142 1,216 1,187 1
user_000113	10 1,143 0,0 1,11 1,3 1,7 1,8 1,13 1,9 1,14 1,10 1,143 1,11 1,1 1,4 1,5 1,6 1,13 1,9 1,14 1,145 1,18 1,146 1,22 1,188 1,23 1,148 1,149 1,151 1,27 1,28 0,29 0,30 0,31 0,32 0,33 0,34 0,35 0,36 0,37 0,28 1,29 1,30 1,31 1,32 1,33 1,34 1,35 1,36 1,37 1,38 1,207 1,154 1,155 1,42 1,43 1,156 1,45 1,158 1,46 0,39 1,40 1,155 1,189 1,41 1,43 1,44 1,156 1,159 1,47 1,49 1,50 1,51 1,52 1,61 1,54 0,62 1,55 1,56 1,57 1,58 1,59 1,50 1,51 1,60 1,53 1,54 1,62 1,63 1,56 1,64 1,74 1,65 1,66 1,67 0,68 1,69 1,70 1,71 0,72 0,64 0,65 1,66 1,67 1,68 1,69 1,70 1,71 1,73 1,75 1,74 1,65 0,66 1,67 1,68 1,69 1,70 1,71 1,72 1,73 1,163 1,208 1,165 1,83 1,85 1,190 1,166 1,168 1,218 1,214 1,209 1,169 1,126 1,195 1,210 1,196 1,90 1,91 1,197 1,171 1,96 1,99 1,100 1,213 1,101 1,102 1,105 1,172 1,107 0,110 1,112 1,199 1,113 1,116 1,119 1,120 1,121 1,175 1,177 1,122 1,123 1,124 1,77 1,87 1,125 0,126 1,92 1,207 1,42 1,52 1,56 1,67 1,73 1,219 1,180 1,130 1,217 1,201 1,182 1,183 1,132 1,215 1,135 1,138 1,139 1,140 1,186 1,141 1,142 1,187 1
user_000114	144 1,0 1,1 1,3 1,4 0,5 1,6 1,8 1,9 1,14 1,152 1,145 1,19 1,20 1,147 1,23 1,153 1,149 1,150 1,151 1,28 1,29 1,30 1,31 1,32 1,33 1,34 1,35 1,36 1,37 1,207 1,154 1,40 1,41 0,42 1,44 1,156 1,157 1,206 1,159 1,38 1,39 1,205 1,155 1,41 1,43 1,157 1,206 1,45 1,158 1,48 1,58 1,49 1,51 1,60 1,53 1,61 1,63 1,56 1,57 1,64 1,74 1,65 1,66 1,67 1,68 1,71 1,72 1,73 1,75 1,161 1,76 1,78 1,80 1,84 1,85 1,86 1,87 1,191 1,125 1,214 1,195 1,210 1,196 1,90 1,127 1,92 1,170 1,212 1,95 1,96 1,97 1,100 1,213 1,101 1,104 1,105 1,198 1,107 1,173 1,109 1,110 1,111 1,174 1,115 1,117 1,120 1,176 1,177 1,122 1,123 1,178 1,124 1,124 1,77 1,81 1,125 1,214 1,42 1,59 1,52 1,67 1,128 1,200 1,130 1,181 1,201 1,182 1,183 1,132 1,133 1,134 1,184 1,215 1,135 1,139 1,140 1,186 1,142 1,187 1
user_000115	143 1,144 1,1 1,3 1,4 0,16 1,5 1,7 0,9 1,14 1,10 1,143 1,144 1,3 1,4 1,16 0,6 1,8 1,13 1,9 1,10 0,144 1,11 1,1 1,3 1,16 1,7 1,17 1,9 1,14 1,152 1,20 1,21 1,147 1,188 1,148 1,24 1,153 1,25 1,27 1,146 1,19 1,20 1,21 1,188 1,23 1,153 1,149 1,26 1,151 1,152 1,146 1,20 1,22 1,188 1,23 1,148 1,24 1,153 1,151 1,28 1,29 1,30 1,31 1,32 1,33 1,34 1,35 1,36 1,37 1,39 1,205 1,40 1,155 1,189 1,44 1,156 1,206 1,158 1,47 1,207 1,205 1,154 1,189 1,41 1,43 1,157 1,206 1,45 1,47 1,38 1,207 1,205 1,40 1,189 1,43 1,44 1,157 1,158 1,159 1,58 1,49 1,59 1,50 1,52 1,53 1,61 1,62 1,55 1,56 1,49 1,50 1,51 1,52 1,53 1,61 1,55 1,63 1,56 1,57 1,58 1,49 1,59 1,50 1,51 1,52 1,55 1,63 1,56 1,57 1,64 1,74 1,66 1,67 1,68 1,70 1,71 1,72 1,73 1,75 1,64 1,74 1,65 1,67 1,68 1,69 1,70 1,71 1,72 1,75 1,64 1,74 1,65 1,67 1,68 1,69 1,70 1,71 1,72 1,75 1,161 1,163 1,80 1,81 1,82 1,164 1,165 1,87 1,192 1,89 1,194 1,169 1,210 1,196 1,90 1,91 1,211 1,92 1,170 1,93 1,99 1,100 1,213 1,102 1,103 1,104 1,106 1,172 1,198 1,173 1,108 1,112 1,113 1,115 1,116 1,117 1,118 1,119 1,177 1,122 1,178 1,124 1,124 1,77 1,83 1,125 1,126 1,127 1,94 1,92 1,52 1,56 1,67 1,128 1,219 1,129 1,130 1,181 1,201 1,131 1,182 1,183 1,134 1,184 1,137 1,138 1,140 1,141 1,203 1,216 1
user_000116	10 1,144 1,0 1,3 1,4 0,16 1,6 1,8 1,9 0,14 1,10 1,0 1,1 1,2 1,4 0,16 1,12 1,8 1,9 1,14 1,10 1,144 1,0 1,11 1,1 1,16 1,6 1,7 1,13 1,14 1,18 0,20 1,21 1,22 1,188 1,148 1,149 1,150 1,25 1,26 1,152 1,145 1,146 1,20 1,147 0,148 1,153 1,149 1,150 1,27 1,152 1,145 1,18 1,146 1,20 1,23 1,149 1,26 1,151 1,27 1,28 1,29 1,30 1,31 1,32 1,33 1,34 1,35 1,36 1,37 1,39 1,207 1,40 1,155 1,42 1,156 1,157 1,158 1,46 1,47 1,58 1,49 1,59 1,50 1,60 1,53 1,61 1,62 1,63 1,57 1,64 1,74 1,65 1,66 1,67 1,68 1,69 1,70 1,71 1,72 1,162 1,77 1,80 1,165 1,85 1,86 1,190 1,87 1,125 1,166 1,167 1,89 1,218 1,194 1,169 1,195 1,196 1,91 1,197 1,212 1,96 1,99 1,100 1,101 1,102 1,103 1,172 1,198 1,107 1,109 1,110 1,111 1,112 1,113 1,114 1,174 1,115 1,116 1,118 1,119 1,120 1,121 1,175 1,176 1,177 1,124 1,83 1,214 1,127 1,92 1,42 1,59 1,56 1,67 1,128 1,179 1,129 1,180 1,200 1,130 1,181 1,131 1,134 1,215 1,185 1,139 1,202 1,142 1,216 1,204 1
user_000117	10 1,143 1,144 1,0 1,3 1,16 1,12 1,6 1,17 1,14 1,152 1,145 1,18 1,19 1,20 1,24 1,149 1,150 1,25 1,151 1,28 1,29 1,30 1,31 1,32 1,33 1,34 1,35 1,36 1,37 1,38 1,39 1,205 1,40 1,155 1,44 1,156 1,157 1,45 1,46 1,58 1,49 1,59 1,50 1,51 1,52 1,60 1,61 1,54 1,55 1,64 1,74 1,65 1,66 1,67 1,70 1,71 1,72 1,73 1,75 1,160 1,81 1,83 1,84 1,85 1,190 1,87 1,88 1,192 1,166 1,89 1,126 1,195 1,127 1,211 1,92 1,212 1,171 1,93 1,94 1,100 1,213 1,101 1,102 1,104 1,105 1,106 1,198 1,109 1,110 1,111 1,199 1,113 1,114 1,116 1,118 1,119 1,120 1,175 1,177 1,122 1,123 1,178 1,124 1,83 1,87 1,125 1,214 1,127 1,94 1,92 1,207 1,59 1,219 1,200 1,130 1,217 1,201 1,131 1,182 1,134 1,184 1,215 1,135 1,139 1,140 1,186 1,203 1,204 1,187 1
user_000118	10 1,144 1,0 1,15 1,1 0,16 1,5 1,17 1,8 1,9 1,145 1,146 1,21 1,147 1,188 1,23 1,148 1,150 1,25 1,26 1,28 1,29 1,30 0,31 1,32 1,33 1,34 1,35 1,36 1,37 0,28 1,29 1,30 1,31 1,32 1,33 1,34 1,35 1,36 1,37 1,38 1,207 1,155 1,41 1,42 1,44 1,157 1,45 1,158 1,47 1,58 1,49 1,59 1,50 1,51 1,52 1,60 1,62 1,63 1,56 1,64 1,74 1,65 1,66 1,67 1,70 1,71 1,72 1,73 1,75 1,64 1,74 1,65 1,66 1,69 1,70 1,71 1,72 1,73 1,75 1,161 1,162 1,78 1,79 1,82 1,164 1,83 1,84 1,190 1,191 1,88 1,218 1,169 1,195 1,210 1,196 1,90 1,211 1,197 1,93 1,96 1,213 1,102 1,103 1,104 1,172 1,198 1,173 1,111 1,112 1,114 1,118 1,119 1,175 1,176 1,177 1,178 1,124 1,77 1,87 1,125 1,127 1,92 1,42 1,59 1,52 1,56 1,73 1,219 1,129 1,200 1,130 1,217 1,181 1,182 1,183 1,133 1,215 1,135 1,136 1,185 1,137 1,139 1,140 1,186 1,142 1,203 1,216 1,204 1,187 1
user_000119	144 1,0 1,15 1,2 0,3 1,12 1,7 1,17 0,8 0,9 1,143 0,144 0,11 0,2 0,4 0,16 0,5 0,7 0,13 0,14 0,145 1,146 1,19 0,21 1,22 1,153 1,149 1,150 1,25 1,151 1,28 1,29 1,30 1,31 1,32 1,33 1,34 1,35 1,36 1,37 1,38 1,39 1,205 1,41 1,42 1,43 1,44 1,156 1,46 1,47 1,48 1,58 1,49 1,59 1,51 1,52 1,60 1,61 1,54 1,55 1,64 1,74 1,65 1,67 1,69 1,70 1,71 1,72 1,73 1,75 1,160 1,79 1,82 1,208 1,165 1,83 1,86 1,87 1,191 1,125 1,89 1,193 1,194 1,209 1,196 1,90 1,92 1,170 1,212 1,95 1,96 1,97 1,100 1,213 1,101 1,102 1,104 1,105 1,106 1,107 1,173 1,108 1,109 1,110 1,114 1,174 1,115 1,120 1,121 1,175 1,77 1,83 1,87 1,126 1,92 1,207 1,42 1,59 1,52 1,56 1,67 1,73 1,128 1,200 1,130 1,217 0,181 1,131 1,183 1,132 1,215 1,135 1,136 1,185 1,137 1,186 1,202 1,141 1,203 1,204 1
user_000120	10 1,144 1,15 1,2 1,3 1,5 0,6 1,17 1,8 1,9 0,143 0,0 1,1 1,2 1,3 0,16 1,5 1,7 1,13 1,14 1,143 1,144 1,11 1,2 1,4 0,5 1,12 1,6 1,17 1,9 1,146 1,19 1,21 1,22 1,188 1,24 1,153 1,150 1,25 1,151 1,28 1,29 1,30 1,31 1,32 1,33 1,34 1,35 1,36 1,37 1,39 1,207 1,205 1,41 1,42 1,43 1,45 1,158 1,46 1,159 1,48 1,50 1,51 1,52 1,60 1,61 1,62 1,55 1,56 1,57 1,59 1,52 1,60 1,53 1,54 1,62 1,55 1,63 1,56 1,57 1,64 1,65 1,66 1,68 1,69 1,70 1,71 1,72 1,73 1,75 1,64 1,74 1,65 1,66 1,67 1,68 1,70 1,71 1,72 1,73 1,161 1,77 1,79 1,82 1,208 1,84 1,86 1,190 1,87 1,191 1,88 1,166 1,89 1,209 1,195 1,91 1,211 1,197 1,170 1,95 1,96 1,97 1,98 1,100 1,213 1,102 1,103 1,106 1,172 1,198 1,173 1,108 1,109 1,112 1,199 1,114 1,115 1,116 1,117 1,177 1,123 1,124 1,124 1,77 1,81 1,83 1,87 1,126 1,92 1,207 1,52 1,56 1,219 1,129 1,180 1,201 1,131 1,183 1,133 1,134 1,135 1,185 1,138 1,139 1,140 1,202 1,142 1,203 1,216 1,204 1
user_000121	11 1,15 1,1 0,2 1,3 1,5 1,6 1,7 1,8 1,13 1,10 0,144 1,11 1,15 1,4 0,16 1,12 1,7 1,8 1,13 1,143 1,11 1,15 1,1 1,2 1,16 1,5 1,6 1,17 1,9 1,152 1,18 1,20 1,147 0,22 1,23 1,153 1,149 1,151 1,27 1,28 1,29 1,30 1,31 1,32 1,33 0,34 1,35 1,36 1,37 1,28 1,29 1,30 1,31 1,32 1,33 1,34 1,35 1,36 1,37 1,38 1,39 1,207 1,41 1,42 1,43 1,45 1,158 1,159 1,47 1,49 1,59 1,50 1,53 1,54 1,62 1,55 1,63 1,56 1,57 1,64 1,74 1,65 1,66 1,67 1,69 1,71 1,72 1,73 1,75 1,161 1,162 1,78 1,163 1,82 1,84 1,88 1,125 1,166 1,218 1,214 1,209 1,169 1,126 1,90 1,91 1,211 1,92 1,171 1,93 1,98 1,99 1,100 1,101 1,102 1,103 1,104 1,107 1,173 1,109 1,199 1,113 1,114 1,116 1,120 1,121 1,175 1,176 1,177 1,122 1,123 1,124 1,124 1,81 1,83 1,87 1,125 1,214 1,126 1,127 1,94 1,207 1,42 1,59 1,52 1,219 1,200 1,131 1,183 1,132 1,134 1,184 1,215 1,137 1,138 1,139 1,140 1,186 1,141 1,204 1
user_000122	0 1,11 1,1 1,2 1,4 1,5 0,12 1,7 1,8 0,9 1,10 1,143 1,2 1,3 1,4 0,5 1,12 1,6 1,7 1,17 1,10 1,15 1,1 0,2 1,3 1,16 1,12 1,7 1,17 1,13 1,145 1,146 1,19 1,20 1,147 1,24 1,153 1,150 1,26 1,27 1,28 1,29 1,30 1,31 1,32 1,33 1,34 1,35 1,36 1,37 1,39 1,154 1,40 1,155 0,41 1,43 1,44 1,157 1,45 1,158 1,48 1,49 1,52 1,60 1,61 1,54 1,62 1,55 1,63 1,56 1,64 1,74 1,65 1,66 1,67 1,69 1,70 1,72 1,73 1,75 1,162 1,77 1,78 1,163 1,80 1,81 1,164 1,83 1,168 1,89 1,209 1,169 1,196 1,90 1,211 1,92 1,212 1,171 1,93 1,95 1,96 1,97 1,98 1,99 1,100 1,213 1,102 1,103 1,104 0,105 1,172 1,110 1,111 1,115 1,117 1,119 1,120 1,175 1,177 1,178 1,77 1,83 1,125 1,214 1,126 1,127 1,207 1,42 1,52 1,67 1,73 1,128 1,219 1,179 1,180 1,130 1,217 0,181 1,131 1,132 1,133 1,135 1,137 1,186 1,202 1,141 1,142 1,203 1,216 1,187 1
user_000123	144 1,15 1,1 1,2 1,3 1,16 1,5 1,6 1,8 1,9 1,144 1,0 1,11 1,2 1,4 1,5 0,6 1,17 1,13 1,14 1,144 1,15 1,2 1,3 1,4 1,16 0,6 1,17 1,13 1,9 1,152 1,145 1,18 1,19 1,147 1,23 1,153 1,149 1,150 1,25 1,152 1,145 1,18 1,19 1,22 1,23 1,148 1,24 1,153 1,27 1,152 1,145 1,19 1,21 1,147 1,148 1,24 1,153 1,149 1,27 1,28 1,29 1,30 1,31 1,32 1,33 1,34 1,35 1,36 1,37 1,28 1,29 1,30 1,31 1,32 1,33 1,34 1,35 1,36 1,37 1,28 1,29 1,30 1,31 1,32 1,33 1,34 1,35 1,36 1,37 1,38 1,207 1,154 1,189 1,42 1,156 1,206 1,45 1,159 1,47 1,39 1,205 1,154 1,41 1,42 1,43 1,45 1,158 1,46 1,159 1,39 1,205 1,154 1,40 1,42 1,43 1,44 1,156 1,159 1,47 1,48 1,49 1,59 1,51 1,61 1,54 1,62 1,55 1,63 1,57 1,49 1,59 1,50 1,51 1,60 1,54 1,55 1,63 1,56 1,57 1,58 1,59 1,50 1,60 1,53 1,54 1,55 1,63 1,56 1,57 1,64 1,74 1,65 1,66 1,67 1,69 1,70 1,71 1,72 1,73 1,64 1,74 1,65 1,66 1,68 1,69 1,70 1,71 1,72 1,73 1,64 1,74 1,65 1,66 1,67 1,68 1,69 1,70 1,71 1,72 1,162 1,77 1,79 1,83 1,190 1,191 1,88 1,192 1,166 1,167 1,168 1,218 1,194 1,214 1,126 1,90 1,91 1,211 1,92 1,95 1,96 1,97 1,99 1,100 1,101 1,102 1,103 1,104 1,105 1,172 1,198 1,173 1,108 1,109 1,110 1,111 1,112 1,199 1,113 1,114 1,115 1,116 1,117 1,177 1,122 1,124 1,124 1,77 1,125 1,126 1,94 1,42 1,59 1,52 1,73 1,219 1,179 1,217 1,182 1,183 1,133 1,134 1,184 1,215 1,185 1,186 1,202 1,141 1,203 1,204 1
user_000124	10 1,11 1,1 1,2 0,3 1,12 1,6 1,17 1,13 1,9 1,0 1,11 1,1 1,2 1,4 1,16 1,12 1,17 1,8 1,13 1,152 1,18 0,19 0,21 1,22 1,23 1,24 1,153 1,149 1,26 1,145 1,18 0,19 1,21 1,188 1,23 1,148 1,149 1,150 1,25 1,28 1,29 1,30 1,31 1,32 1,33 0,34 1,35 1,36 1,37 1,28 1,29 1,30 1,31 1,32 1,33 1,34 1,35 1,36 1,37 1,38 1,39 1,207 1,205 1,42 1,43 1,44 1,206 1,45 1,158 1,58 1,51 1,60 1,53 1,61 1,54 1,62 1,63 1,56 1,57 1,64 1,74 1,65 1,66 1,67 1,68 1,69 1,71 1,73 1,75 1,160 1,161 1,76 1,77 1,80 1,85 1,190 1,87 1,166 1,218 1,193 1,194 1,214 1,126 1,210 1,196 1,211 1,170 0,171 1,95 1,97 1,98 1,99 1,213 1,102 1,103 1,104 1,172 1,198 1,107 1,109 1,110 1,199 1,113 1,116 1,117 1,118 1,119 1,121 1,177 1,87 1,125 1,214 1,126 1,127 1,94 1,92 1,207 1,42 1,52 1,56 1,73 1,128 1,219 1,179 1,129 1,200 1,201 1,131 1,132 1,133 1,135 1,137 1,138 1,186 1,202 1,142 1,203 1,216 1,187 1
user_000125	144 0,0 1,1 1,2 0,4 1,5 1,12 1,6 1,9 1,14 1,10 1,144 1,11 1,15 1,4 1,12 1,6 1,8 1,13 1,14 1,152 1,19 1,147 1,22 1,188 1,23 0,24 1,149 1,25 1,151 1,145 1,18 1,146 1,20 1,22 1,23 1,148 1,25 1,151 1,27 1,28 1,29 1,30 1,31 1,32 0,33 1,34 1,35 1,36 1,37 1,28 1,29 1,30 1,31 1,32 1,33 1,34 1,35 1,36 1,37 1,154 1,40 1,155 1,41 1,42 1,43 0,156 1,206 1,45 1,47 1,207 1,40 1,189 1,41 1,42 1,44 0,156 1,157 1,45 1,159 1,48 1,59 1,52 1,60 1,53 1,61 1,54 1,62 1,56 1,57 1,64 1,74 1,65 1,66 1,67 1,68 1,70 1,72 1,73 1,75 1,161 1,76 1,77 1,78 1,80 1,82 1,165 1,84 1,191 1,125 1,89 1,218 1,193 1,169 1,126 1,210 1,196 1,90 1,127 1,95 0,96 1,97 1,99 1,100 1,101 1,102 1,103 1,104 1,105 1,198 1,173 1,108 1,109 1,110 1,111 1,113 1,114 1,174 1,116 1,117 1,118 1,119 1,120 1,121 1,175 1,176 1,177 1,123 1,83 1,87 1,125 1,126 1,127 1,42 1,59 1,52 1,67 1,73 1,128 1,219 1,129 1,200 1,134 1,184 1,185 1,137 1,140 1,186 1,141 1,187 1
user_000126	10 1,143 1,0 1,2 1,4 0,16 1,12 1,6 1,7 1,8 1,145 1,18 1,146 1,19 1,22 1,148 1,24 1,150 1,26 1,151 1,28 1,29 1,30 1,31 1,32 1,33 1,34 1,35 1,36 1,37 1,39 1,207 1,154 1,155 1,41 1,44 1,156 1,157 1,206 1,158 1,48 1,58 1,51 1,52 1,60 1,53 1,54 1,62 1,63 1,57 1,64 0,74 0,65 0,66 0,67 0,68 0,70 0,71 0,72 0,73 0,64 1,74 1,65 1,66 1,67 1,68 1,69 1,71 1,72 1,75 1,160 1,162 1,77 1,78 1,79 1,80 0,165 1,83 1,85 1,167 1,218 1,193 1,194 1,214 1,126 1,195 1,91 1,92 1,170 1,94 1,97 1,98 1,102 1,103 1,105 1,172 1,198 1,173 1,108 1,109 1,110 1,111 1,199 1,113 1,115 1,116 1,120 1,121 1,175 1,177 1,123 1,124 1,81 1,83 1,87 1,126 1,127 1,92 1,207 1,59 1,128 1,180 1,200 1,130 1,181 1,201 1,182 1,183 1,132 1,133 1,184 1,135 1,185 1,139 1,202 1,141 1,142 1,203 1,216 1,187 1
user_000127	143 1,15 1,1 1,2 1,4 1,16 1,12 1,6 1,7 1,17 1,152 1,18 0,146 1,19 1,21 1,148 1,24 1,153 1,26 1,151 1,152 1,18 1,146 1,20 1,22 1,23 1,149 1,150 1,25 1,26 1,28 1,29 1,30 1,31 1,32 1,33 1,34 1,35 1,36 1,37 1,38 1,205 1,40 1,189 1,41 1,44 1,206 1,158 1,46 1,47 1,58 1,59 1,52 1,60 1,53 1,61 1,54 1,62 1,56 1,57 1,64 1,74 1,65 1,66 1,67 1,68 1,69 1,72 1,73 1,75 1,160 1,162 1,78 1,79 1,81 1,82 1,85 1,86 1,191 1,192 1,167 1,168 1,89 1,194 1,169 1,196 1,90 1,92 1,171 1,95 1,97 1,98 1,213 1,103 1,104 1,105 1,107 1,173 1,109 1,110 1,111 1,112 1,199 1,113 1,114 1,174 1,117 1,175 1,176 1,178 1,124 1,77 1,87 1,125 1,214 1,126 1,94 1,92 1,207 1,59 1,67 1,73 1,128 1,219 1,179 1,180 1,217 0,181 1,183 0,133 1,184 1,136 1,185 1,137 1,138 0,139 1,186 1,202 1,203 1,216 1
user_000128	10 1,144 1,0 1,15 0,4 0,5 0,17 1,8 0,13 1,9 1,0 1,11 1,15 0,2 0,3 1,16 0,5 0,6 0,8 0,9 1,143 0,11 1,1 1,3 1,4 1,16 1,6 1,17 1,13 1,14 0,145 0,19 1,20 1,147 1,22 0,23 1,24 1,153 1,149 1,26 1,145 1,18 1,146 1,147 1,188 1,148 1,153 1,149 1,26 1,27 1,28 1,29 1,30 1,31 1,32 1,33 1,34 1,35 1,36 1,37 1,28 0,29 0,30 0,31 0,32 0,33 0,34 0,35 0,36 0,37 0,38 1,207 1,154 1,189 1,42 1,43 1,156 1,157 1,45 1,158 1,49 1,51 1,52 1,60 1,61 1,54 1,62 1,55 1,63 1,56 1,49 1,59 1,51 1,53 1,61 1,54 1,62 1,55 1,63 1,57 1,64 1,74 1,66 1,67 1,69 1,70 1,71 1,72 1,73 1,75 1,64 1,74 1,65 1,66 1,67 1,70 1,71 1,72 1,73 1,75 1,77 1,163 1,80 1,82 1,208 1,165 1,84 1,190 1,191 1,192 1,89 1,218 1,194 1,209 1,126 1,195 1,127 1,91 1,170 1,94 1,96 1,97 1,98 1,99 1,100 1,103 1,198 1,107 1,173 1,109 1,112 1,113 1,174 1,115 1,117 1,118 1,121 1,175 1,124 1,77 1,81 1,87 1,125 1,214 1,126 1,92 1,207 1,42 1,59 1,52 1,56 1,67 1,219 1,180 1,200 1,130 1,181 1,201 1,182 1,183 1,133 1,215 1,185 1,137 1,138 1,140 1,202 1,203 1,216 1,204 1
user_000129	10 1,144 1,11 0,2 1,4 0,12 1,6 1,13 1,9 1,14 1,10 1,0 1,11 1,1 1,3 1,6 1,17 1,8 1,13 1,9 1,18 1,19 1,21 1,22 1,188 1,148 1,24 1,25 1,151 1,27 1,28 1,29 1,30 1,31 1,32 1,33 1,34 1,35 1,36 1,37 1,38 1,39 1,207 1,40 1,41 1,43 1,156 1,158 1,46 1,159 1,58 1,49 1,51 1,52 1,60 1,53 1,62 1,55 1,63 1,57 1,64 1,74 1,65 1,66 1,68 1,69 1,71 1,72 1,73 1,75 1,160 1,76 1,79 1,80 1,82 1,164 1,208 1,165 1,85 1,190 1,88 1,192 1,166 1,218 1,194 1,209 1,90 1,92 1,170 1,93 1,96 1,97 1,98 1,99 1,100 1,213 1,102 1,106 0,109 1,110 0,111 1,114 1,115 1,117 1,118 1,119 1,120 1,176 0,178 1,124 1,124 1,77 1,125 1,126 1,94 1,42 1,59 1,52 1,56 1,67 1,128 1,219 1,179 1,129 1,181 1,201 1,131 1,132 1,133 1,134 1,184 1,215 1,136 1,138 1,139 1,140 1,141 1,216 1,204 1,187 1
user_000130	10 1,0 1,11 1,15 1,3 1,12 1,6 1,7 1,13 1,14 1,152 1,145 1,18 1,147 1,22 1,148 1,24 1,153 1,25 1,151 1,28 0,29 1,30 1,31 1,32 1,33 0,34 1,35 0,36 1,37 0,28 1,29 1,30 1,31 1,32 1,33 1,34 1,35 1,36 1,37 1,207 1,154 1,155 1,189 1,41 1,43 1,44 1,206 1,45 1,46 1,49 1,50 1,51 1,52 1,53 1,54 1,62 1,63 1,56 1,57 1,64 0,74 1,65 1,66 1,67 1,69 1,70 1,72 1,73 1,75 1,64 0,74 1,65 1,67 1,68 1,69 1,70 1,71 1,72 1,73 1,64 1,74 1,67 1,68 1,69 1,70 1,71 1,72 1,73 1,75 1,77 1,78 1,163 1,82 1,165 1,83 1,86 1,191 1,125 1,166 1,193 1,195 1,196 1,90 1,91 1,211 1,92 1,212 1,93 1,94 1,98 1,213 1,102 1,103 1,104 1,105 1,106 1,107 1,173 1,108 1,109 1,199 1,116 1,118 1,119 1,120 1,121 1,122 1,123 1,178 1,124 1,124 1,77 1,81 1,83 1,214 1,126 1,94 1,92 1,207 1,56 1,67 1,73 1,179 1,129 1,180 1,200 1,130 1,217 0,181 1,182 1,132 1,134 1,184 1,185 1,137 1,138 1,140 1,202 1,142 1
user_000131	143 1,144 1,15 1,1 0,4 1,5 1,6 1,7 1,8 1,9 1,10 1,144 1,0 1,11 1,3 1,12 1,7 1,17 1,9 1,14 1,152 1,146 1,19 1,22 1,188 1,23 1,150 1,25 1,26 1,27 1,28 1,29 1,30 1,31 1,32 1,33 1,34 1,35 1,36 1,37 1,205 1,40 1,155 1,189 1,42 1,43 1,156 1,157 0,46 1,159 1,39 1,207 1,154 1,155 1,42 1,206 1,158 1,46 1,159 1,47 1,58 1,49 1,59 1,60 1,53 1,54 1,62 1,63 1,56 1,57 1,74 1,66 1,67 1,68 1,69 1,70 1,71 1,72 1,73 1,75 1,76 1,78 1,79 1,82 1,164 1,208 1,165 1,84 1,85 1,87 1,88 1,89 1,218 1,194 1,210 1,127 1,211 1,92 1,171 1,93 1,97 1,99 1,100 1,213 1,102 1,103 1,198 1,173 1,108 1,110 1,113 1,114 1,115 1,116 1,117 1,118 1,119 1,175 1,176 0,122 1,178 1,124 1,83 1,87 1,125 1,214 1,126 1,127 1,92 1,42 1,59 1,52 1,128 1,179 1,201 1,131 1,182 1,183 1,132 1,133 1,134 1,136 1,185 1,137 1,139 1,202 1,142 1,203 1,204 1,187 1
user_000132	10 1,143 1,15 1,1 1,4 1,5 1,7 1,17 1,8 1,14 1,152 1,145 1,18 1,20 1,22 1,148 1,149 1,26 1,151 1,27 1,18 0,20 0,21 0,147 0,22 0,23 0,148 0,153 0,150 0,27 0,28 1,29 1,30 1,31 1,32 1,33 1,34 0,35 1,36 1,37 1,28 1,29 1,30 1,31 1,32 1,33 1,34 1,35 1,36 1,37 1,38 1,207 1,205 1,40 1,42 1,43 1,156 1,206 1,45 1,158 1,48 1,50 1,52 1,60 1,53 1,54 1,62 1,55 1,63 1,56 1,74 1,65 1,66 1,67 0,68 1,69 1,70 1,71 1,72 1,73 1,74 1,65 1,67 1,68 1,69 1,70 1,71 1,72 1,73 1,75 1,162 1,77 1,78 1,79 1,82 1,165 1,84 1,85 1,190 1,87 1,192 1,166 1,167 1,214 1,195 1,90 1,91 1,212 1,94 1,95 1,96 1,97 1,98 1,99 1,102 1,103 1,105 1,106 1,172 1,198 1,111 1,114 1,115 0,118 1,120 1,121 1,175 1,176 1,177 1,123 1,178 1,124 1,81 1,87 1,125 1,214 1,94 1,59 1,52 1,56 1,67 1,128 1,179 1,180 1,130 1,217 1,181 1,131 1,183 1,132 1,184 1,215 1,185 1,137 1,138 1,140 1,186 1,202 1,204 1,187 1
user_000133	11 1,15 1,1 1,3 1,4 1,16 1,5 1,6 1,7 0,8 1,10 1,144 1,15 1,2 1,3 1,16 1,12 1,17 1,8 1,13 1,145 1,146 1,19 1,20 0,22 1,24 1,149 1,150 1,26 1,151 1,152 1,18 1,19 1,20 1,21 1,23 1,148 1,149 1,150 1,25 1,28 1,29 1,30 1,31 1,32 1,33 1,34 1,35 1,36 1,37 1,38 1,39 1,40 1,41 1,42 1,44 1,156 1,157 1,158 1,159 1,48 1,58 1,49 1,50 1,51 1,60 1,62 1,55 1,56 1,57 1,64 1,65 1,66 1,67 1,68 1,70 1,71 1,72 1,73 1,75 1,161 1,76 1,162 1,77 1,81 1,164 1,84 1,86 1,87 1,191 1,166 1,167 1,168 1,194 1,214 1,209 1,169 1,127 1,92 1,170 1,98 1,99 1,213 1,102 1,106 0,172 1,107 1,173 1,108 1,109 1,110 1,111 1,112 1,113 1,115 1,116 1,117 1,118 1,119 1,120 1,121 1,176 1,177 1,178 1,77 1,81 1,83 1,87 1,214 1,127 1,52 1,73 1,179 1,129 1,200 1,201 1,183 1,132 1,134 1,184 1,215 1,135 1,136 1,185 1,137 1,138 1,139 1,186 1,216 1,187 1
user_000134	0 1,11 1,1 1,2 0,3 1,16 1,5 1,6 1,7 1,8 1,143 1,0 1,1 1,2 1,3 1,16 1,5 1,7 1,13 1,14 1,152 1,19 1,20 1,21 1,147 1,24 1,149 1,150 1,151 1,27 1,28 1,29 1,30 1,31 1,32 1,33 1,34 1,35 1,36 1,37 1,38 1,205 1,189 1,41 1,42 1,206 1,45 1,46 1,159 1,47 1,48 1,58 1,59 1,52 1,60 1,54 1,55 1,63 1,56 1,57 1,64 1,65 1,66 1,68 1,69 1,70 1,71 1,72 1,73 1,75 1,162 1,78 1,208 1,83 1,84 1,190 1,192 1,89 1,218 1,193 1,209 1,169 1,210 1,196 1,90 1,127 1,91 1,92 1,170 1,94 1,96 1,97 1,99 1,100 1,213 1,101 1,102 1,105 1,106 1,198 1,173 1,110 1,113 1,174 1,115 1,117 1,119 1,120 1,121 1,175 1,176 1,123 1,178 1,124 1,124 1,77 1,83 1,214 1,126 1,94 1,92 1,207 1,42 1,52 1,128 1,219 1,179 1,180 1,200 1,217 0,181 1,201 1,182 1,133 1,134 1,136 1,185 1,138 1,186 1,216 1
user_000135	144 1,0 1,1 1,3 0,4 1,6 1,7 1,13 1,9 1,14 0,10 1,143 1,15 1,1 1,4 1,6 1,17 1,13 1,9 1,14 1,152 0,18 1,21 1,147 1,188 1,23 1,148 1,153 0,26 1,151 0,146 1,19 1,21 1,22 1,188 1,23 1,153 1,150 1,25 1,27 1,28 1,29 1,30 1,31 1,32 1,33 0,34 1,35 1,36 1,37 1,28 1,29 1,30 1,31 1,32 1,33 1,34 1,35 1,36 1,37 1,38 1,39 1,40 1,155 1,189 1,44 1,158 1,46 1,159 1,47 1,58 0,49 1,50 1,51 1,52 1,53 1,61 1,55 1,63 1,56 1,48 1,49 1,50 1,51 1,52 1,60 1,61 1,54 1,56 1,57 1,64 0,74 1,65 1,66 1,67 1,68 1,70 1,71 1,72 1,75 1,64 1,74 1,65 1,66 1,69 1,70 1,71 1,72 1,73 1,75 1,162 1,79 1,81 1,164 1,208 1,85 1,86 1,192 1,166 1,168 1,89 1,193 1,214 1,209 1,127 1,91 1,211 1,197 1,92 1,212 1,97 1,98 1,99 1,213 1,101 1,102 1,106 0,198 1,109 1,110 0,113 1,114 1,174 1,115 1,117 1,118 1,119 1,120 1,176 1,178 1,124 1,81 1,83 1,127 1,92 1,207 1,52 1,67 1,128 1,179 1,130 1,217 1,181 1,201 0,131 1,182 1,183 1,132 1,184 1,215 1,135 1,136 1,137 1,139 1,140 1,186 1,142 1,203 1,216 1,204 1
user_000136	10 1,0 1,11 1,2 1,3 1,16 1,6 1,8 1,9 1,14 1,152 1,18 1,20 1,22 1,188 1,23 1,148 1,149 1,25 1,26 1,28 1,29 1,30 1,31 1,32 1,33 1,34 1,35 1,36 1,37 1,39 1,40 1,189 1,41 1,42 1,44 1,156 1,157 1,206 1,159 1,48 1,58 1,59 1,50 1,52 1,53 1,61 1,54 1,62 1,55 1,64 1,74 1,65 1,66 1,68 1,70 1,71 1,72 1,73 1,75 1,160 1,76 1,78 1,79 1,81 1,164 1,85 1,86 1,88 1,89 1,214 1,169 1,126 1,210 1,90 1,127 1,91 1,211 1,92 1,95 1,97 1,98 1,99 1,213 1,101 1,102 1,103 1,105 1,106 1,198 1,107 1,173 1,109 1,199 1,114 1,115 1,116 1,117 1,118 1,121 1,175 1,177 1,123 1,124 1,81 1,87 1,127 1,94 1,207 1,42 1,59 1,56 1,128 1,219 1,179 1,129 1,180 1,130 1,182 1,183 1,132 1,184 1,215 1,185 1,139 1,140 1,186 1,202 1,216 0,187 1
user_000137	144 1,0 1,1 1,2 1,3 1,16 1,6 1,8 0,13 1,9 0,144 1,11 1,15 1,3 0,4 1,16 1,5 1,6 1,7 1,13 1,10 1,143 1,1 1,2 1,3 1,12 1,7 1,17 1,9 1,14 1,152 1,145 1,146 1,19 1,21 1,24 1,153 1,149 1,26 1,27 1,28 1,29 1,30 1,31 1,32 1,33 1,34 1,35 1,36 1,37 1,39 1,207 1,155 1,189 1,41 1,44 1,206 1,46 1,159 1,47 1,48 1,58 1,52 1,53 1,61 1,54 1,62 1,55 1,63 1,56 1,64 1,74 1,65 0,67 1,68 1,69 1,70 1,71 1,73 1,75 1,64 1,74 1,65 1,67 1,69 1,70 0,71 1,72 1,73 1,75 1,64 1,74 1,65 1,66 1,67 1,68 1,71 1,72 1,73 1,75 1,160 1,161 1,78 1,80 1,82 1,208 1,165 1,83 1,84 1,86 1,88 1,125 1,168 1,89 1,214 1,126 1,210 1,127 1,212 1,94 1,97 1,99 1,103 1,104 1,105 1,198 1,173 1,110 1,111 1,199 1,113 1,114 1,174 1,115 1,117 1,119 1,176 1,123 1,178 1,77 1,81 1,83 1,125 1,214 1,127 1,92 1,207 1,42 1,59 1,52 1,128 1,129 0,200 1,130 1,181 1,201 1,182 1,133 1,215 1,135 1,136 1,185 1,137 1,139 1,140 1,186 1,202 1,203 1,216 1,187 1
user_000138	0 1,11 0,15 1,1 1,4 1,16 1,5 1,12 1,6 1,13 1,10 1,143 1,15 1,2 1,3 1,16 1,5 1,6 1,7 1,9 1,18 1,146 1,19 1,21 1,188 1,23 1,148 1,25 1,26 1,27 1,28 1,29 1,30 1,31 1,32 1,33 1,34 1,35 1,36 1,37 1,39 1,205 1,154 1,155 1,42 1,44 1,45 1,158 1,46 1,47 1,48 1,59 1,51 1,52 1,60 1,61 1,54 1,55 1,63 1,57 1,64 1,74 1,65 1,66 1,68 1,69 1,70 1,71 1,72 1,75 1,162 1,81 1,164 1,208 1,165 1,85 1,190 1,191 1,88 1,192 1,125 1,89 1,218 1,209 1,169 1,195 1,196 1,127 1,91 1,170 1,96 1,97 1,98 1,100 1,101 1,102 1,106 1,198 1,109 1,111 1,112 1,114 1,116 1,117 1,118 1,121 1,175 1,176 1,123 1,124 1,125 1,126 1,127 1,94 1,92 1,207 1,42 1,59 1,52 1,56 1,73 1,219 1,179 1,180 1,130 1,217 0,131 1,182 1,132 1,134 1,184 1,135 1,185 1,137 1,139 1,142 1,203 1,216 1,204 1,187 1
user_000139	143 0,144 1,0 1,2 1,4 1,5 1,7 1,17 1,9 1,14 1,143 1,15 1,1 0,2 1,3 1,16 1,5 1,12 1,17 1,13 1,143 1,144 1,15 1,2 1,3 1,16 1,5 1,12 1,6 1,13 1,146 1,20 1,21 1,147 0,188 0,23 1,148 1,24 1,149 1,151 1,145 1,146 1,19 1,147 1,188 1,23 1,24 1,153 1,149 1,150 1,28 1,29 1,30 1,31 1,32 1,33 1,34 1,35 1,36 1,37 1,39 1,207 1,189 1,41 1,42 1,43 1,156 1,45 1,159 1,47 1,48 1,58 1,49 1,51 1,60 1,53 1,55 1,63 1,56 1,57 1,64 1,74 1,65 1,66 1,67 1,68 1,69 1,70 1,71 1,75 1,162 1,77 1,78 1,163 1,80 1,164 1,208 1,83 1,85 1,87 1,191 1,167 1,168 1,209 1,195 1,210 1,91 1,92 1,170 1,212 1,97 1,100 1,213 1,101 1,172 1,107 1,173 1,108 1,109 1,110 1,113 1,114 1,174 1,116 1,117 1,118 1,119 1,120 1,175 1,122 1,123 1,77 1,87 1,125 1,214 1,126 1,127 1,94 1,92 1,42 1,67 1,73 1,128 1,219 1,179 1,129 1,217 0,183 1,132 1,185 1,137 1,138 1,139 1,140 1,186 1,202 1,142 1,216 1,204 1,187 1
user_000140	10 1,143 1,144 1,1 1,2 1,16 1,12 1,6 1,13 1,14 1,152 1,145 1,18 0,21 1,188 1,23 1,148 1,149 1,25 1,26 1,152 1,18 1,19 1,20 1,22 1,148 1,153 1,150 1,25 1,151 1,28 1,29 1,30 1,31 1,32 1,33 1,34 1,35 1,36 1,37 1,38 1,39 1,205 1,189 1,42 1,157 1,45 1,158 1,46 1,47 1,59 1,50 1,51 1,52 1,60 1,61 1,54 1,62 1,63 1,57 1,74 1,65 1,66 1,67 1,68 1,69 1,70 1,72 1,73 1,75 1,78 1,81 1,82 1,164 1,208 1,165 1,85 1,190 1,125 1,166 1,194 1,214 1,209 1,169 1,126 1,91 1,197 1,170 1,212 1,171 1,96 1,97 1,98 1,99 1,100 1,213 1,101 1,103 1,105 1,106 0,172 1,108 1,109 1,110 1,199 1,113 1,114 1,174 1,115 1,117 1,118 1,119 1,120 1,175 1,123 1,178 1,124 1,126 1,127 1,94 1,92 1,42 1,59 1,67 1,219 1,179 1,129 1,180 1,181 1,201 1,182 1,183 1,135 1,185 1,139 1,186 1,202 1,141 1,203 1,187 1
user_000141	143 1,144 1,15 1,1 1,3 0,5 1,12 1,6 1,9 0,14 1,145 1,19 1,20 1,21 1,22 1,23 1,148 1,150 1,25 1,26 1,28 1,29 1,30 1,31 1,32 1,33 1,34 1,35 1,36 1,37 1,154 1,40 1,155 1,41 1,42 1,43 0,206 1,45 1,158 1,159 1,50 1,51 1,52 1,60 1,53 1,61 1,54 1,62 1,55 1,63 1,64 0,74 1,66 1,68 1,69 1,70 1,71 1,72 1,73 0,75 1,160 1,76 1,79 1,163 1,80 1,164 1,83 1,85 1,190 1,191 1,88 1,125 1,167 1,89 1,214 1,169 1,210 1,196 1,212 1,171 1,213 1,101 1,103 1,104 1,106 1,172 1,107 1,173 1,109 1,110 1,115 1,116 1,118 1,119 1,120 1,175 1,176 1,177 1,122 1,123 1,81 1,83 1,87 1,127 1,94 1,207 1,59 1,52 1,56 1,67 1,73 1,128 1,129 1,180 1,200 1,181 1,201 1,132 1,184 1,215 1,136 1,137 1,138 1,139 1,186 1,202 1,142 1,216 0,204 1,187 1
user_000142	10 1,143 1,144 1,15 1,1 0,5 1,12 1,17 1,8 0,9 1,10 1,143 1,0 0,1 0,3 1,16 1,12 0,7 0,13 1,9 1,10 1,143 1,0 1,15 1,2 1,5 0,12 0,7 1,13 1,14 1,145 1,20 1,21 1,147 1,22 1,148 0,24 1,153 1,149 1,26 0,145 1,146 1,19 1,21 1,22 1,23 1,153 1,149 1,26 1,151 0,28 1,29 1,30 1,31 1,32 1,33 1,34 0,35 1,36 0,37 1,28 1,29 1,30 1,31 1,32 1,33 1,34 1,35 1,36 1,37 1,38 1,205 1,155 1,189 1,41 1,44 1,156 1,157 1,45 1,46 1,48 1,58 1,59 1,50 1,60 1,53 1,54 1,63 1,56 1,57 1,64 1,74 1,65 1,66 1,67 1,68 1,69 1,71 1,72 1,75 1,161 1,76 1,77 1,79 1,82 1,165 1,83 1,190 1,192 1,168 1,218 1,214 1,209 1,169 1,126 1,91 1,211 1,212 1,171 1,94 1,96 1,97 1,98 0,105 1,172 1,107 1,173 1,109 1,111 1,112 1,113 1,114 1,174 1,115 1,117 1,120 1,121 1,123 1,178 1,124 1,87 1,125 0,126 1,127 1,94 1,92 1,207 1,42 1,52 1,73 1,219 1,129 1,200 1,130 1,181 1,131 1,182 1,183 1,132 1,134 1,135 1,136 1,185 1,137 1,138 1,139 1,142 1,203 1,216 1,187 1
user_000143	143 1,144 1,1 0,2 0,4 1,12 1,6 0,8 0,13 1,9 0,144 1,0 1,15 0,1 1,4 1,5 1,6 1,17 1,8 1,9 1,143 1,144 1,0 1,2 1,3 1,16 1,17 1,8 1,13 1,9 1,152 0,18 0,146 1,20 0,22 1,149 1,150 1,25 1,151 1,27 1,145 1,146 1,19 1,20 1,21 1,23 1,148 1,24 1,149 1,25 1,28 1,29 1,30 1,31 1,32 1,33 1,34 1,35 1,36 1,37 1,38 1,207 1,205 1,41 1,42 1,156 1,206 1,45 1,46 0,47 1,207 1,205 1,154 1,40 1,42 1,44 1,156 1,157 1,206 1,47 1,58 1,49 1,59 1,50 1,51 1,53 1,54 1,55 0,63 1,56 1,58 1,49 1,59 0,50 1,51 1,60 1,53 1,54 1,55 1,56 1,48 1,58 1,49 1,59 1,50 1,60 1,53 1,54 1,62 1,63 1,64 1,74 1,65 1,66 1,67 1,68 1,70 1,71 1,72 1,73 1,77 1,79 1,81 1,82 1,164 1,83 1,191 1,88 1,192 1,168 1,89 1,218 1,126 1,195 1,91 1,211 1,170 1,212 1,93 1,95 1,96 0,98 1,213 1,104 1,172 1,198 1,107 1,110 1,111 1,112 1,174 1,115 1,117 1,118 1,119 1,120 1,176 1,122 1,123 1,178 1,124 1,77 1,81 1,83 1,87 1,125 1,214 1,127 1,94 1,42 1,56 1,67 1,73 1,219 1,129 1,180 1,130 1,131 1,183 1,132 1,184 1,135 1,136 1,185 1,137 1,138 1,139 1,140 1,141 1,216 1
user_000144	10 1,143 0,2 0,3 1,4 1,16 1,5 0,7 1,8 1,13 1,10 1,0 1,11 1,15 1,1 1,16 1,5 0,7 1,8 1,13 1,10 1,143 1,144 1,0 1,1 1,16 1,5 1,6 1,17 1,13 1,145 1,146 1,19 1,20 1,22 1,24 1,150 1,25 1,26 1,151 1,28 1,29 1,30 1,31 1,32 1,33 1,34 1,35 1,36 1,37 1,38 1,40 1,189 0,41 1,42 1,43 0,156 1,157 1,45 1,159 1,205 1,40 1,155 1,189 0,42 1,43 1,156 1,157 1,45 1,47 1,48 1,58 1,59 1,50 1,51 1,52 1,53 1,61 0,62 1,56 1,48 1,50 1,51 1,52 1,61 1,54 1,62 1,55 1,56 1,57 1,64 1,74 1,65 1,67 1,68 1,69 1,70 1,71 1,73 1,75 1,161 1,162 1,77 1,79 1,81 1,164 1,165 1,83 1,190 1,192 1,167 1,168 1,193 1,194 1,214 1,210 1,197 1,170 1,171 1,93 1,99 1,100 1,103 0,105 1,106 0,172 1,198 1,107 1,173 1,109 1,112 1,113 1,174 1,118 1,119 1,121 1,175 1,176 1,178 1,124 1,77 1,87 1,214 0,126 1,127 1,92 1,42 1,59 1,56 1,67 1,73 1,219 1,129 1,130 1,217 1,131 1,182 1,183 1,132 1,134 1,184 1,215 1,136 1,185 1,138 1,139 1,186 1,202 1,141 1,142 1
user_000145	144 1,0 1,15 1,3 1,4 0,7 1,8 1,13 1,9 0,14 1,143 1,144 1,11 1,1 1,3 1,16 1,5 1,12 1,17 1,8 1,18 0,19 0,20 0,21 1,147 1,23 1,148 1,24 0,26 1,151 1,18 0,146 0,19 0,22 1,188 1,150 1,25 1,26 1,151 1,27 1,18 1,20 1,147 1,22 1,188 1,24 1,25 1,26 1,151 1,27 1,28 1,29 1,30 1,31 1,32 1,33 1,34 1,35 1,36 1,37 1,205 1,155 1,189 1,41 1,42 1,43 1,44 1,157 1,206 1,158 1,48 0,49 1,59 1,53 1,61 1,54 1,62 1,55 1,56 1,57 1,48 1,49 1,59 1,50 1,52 1,60 1,53 1,54 1,62 1,57 1,64 0,74 1,66 1,67 1,68 1,69 1,70 1,71 1,73 1,75 1,64 0,74 1,65 1,67 1,68 1,69 1,70 0,71 1,72 1,73 1,64 1,66 1,67 1,68 1,69 1,70 1,71 1,72 1,73 1,75 1,160 1,161 1,79 1,164 1,208 1,165 1,83 1,192 1,167 1,168 1,89 1,214 1,195 1,127 1,211 1,92 1,212 1,171 1,93 1,94 1,96 1,97 1,98 1,100 1,213 1,101 1,103 1,104 1,173 0,109 1,110 1,112 1,199 1,114 1,115 1,117 1,120 1,121 1,178 1,124 1,124 1,77 1,81 1,83 1,125 0,126 1,127 1,94 1,92 1,207 1,59 1,73 1,179 1,129 1,180 1,200 1,130 1,181 1,183 1,132 1,133 1,134 1,215 1,185 1,137 1,138 1,139 1,186 1,216 1,204 0
user_000146	10 1,143 1,144 1,15 1,2 1,16 1,7 1,8 1,9 1,14 1,152 1,18 1,20 1,21 1,188 1,148 1,150 1,26 1,151 1,27 1,28 1,29 1,30 1,31 1,32 1,33 1,34 1,35 1,36 1,37 1,38 1,205 1,40 1,155 1,41 1,157 1,206 1,45 1,158 1,159 1,48 1,58 1,59 1,50 1,52 1,53 1,61 1,62 1,55 1,63 1,64 1,66 1,67 0,68 1,69 1,70 1,71 1,72 1,73 1,75 1,160 1,77 1,163 1,208 1,84 1,86 1,190 1,191 1,192 1,125 1,89 1,218 1,193 1,210 1,90 1,127 1,91 1,211 1,197 1,212 1,96 1,97 1,98 1,213 1,101 1,102 1,103 1,172 1,198 1,107 1,108 1,111 1,112 1,199 1,115 1,116 1,117 1,119 1,120 1,121 1,176 1,122 1,123 1,178 1,124 1,124 1,83 1,126 1,127 1,92 1,59 1,52 1,56 1,67 1,128 1,219 1,179 1,180 1,130 1,217 0,131 1,182 1,132 1,133 1,134 1,136 1,185 1,137 1,140 1,203 1
user_000147	10 1,0 1,11 1,3 1,4 0,16 1,12 1,6 1,13 1,9 1,10 1,143 1,144 1,1 1,3 1,5 1,12 1,8 1,9 1,14 1,18 1,146 1,20 1,22 1,188 1,23 1,24 1,149 1,25 1,26 1,28 1,29 1,30 1,31 1,32 1,33 1,34 1,35 1,36 1,37 1,39 1,207 1,40 1,155 1,189 1,156 1,157 1,46 1,159 1,47 1,48 1,49 1,59 1,50 1,51 1,53 1,61 1,55 1,63 0,57 1,48 1,58 1,49 1,59 1,50 1,51 1,52 1,54 0,55 1,63 1,48 0,58 1,59 1,51 1,52 1,53 1,61 1,55 1,56 1,57 1,64 0,74 1,65 1,66 1,67 0,68 1,70 1,71 1,73 1,75 1,64 1,74 1,65 1,66 1,67 1,68 1,71 1,72 1,73 1,75 1,160 1,161 1,78 1,163 1,81 1,82 1,208 1,165 1,85 1,86 1,190 1,191 1,125 1,166 1,210 1,90 1,127 1,91 1,212 1,93 1,96 1,99 1,100 1,213 1,104 1,106 1,198 1,109 1,110 1,111 1,112 1,199 1,113 1,114 1,174 1,116 1,118 1,119 1,121 1,177 1,122 1,124 1,77 1,83 1,87 1,214 1,126 1,207 1,73 1,128 1,179 1,129 1,130 1,181 1,131 1,182 1,132 0,133 1,134 1,184 1,215 1,185 1,137 1,138 1,139 1,186 1,141 1,142 1,216 1,204 1
user_000148	10 1,143 1,15 1,2 0,3 1,16 1,5 1,12 1,7 1,14 1,10 1,11 1,1 1,2 1,4 1,16 1,5 1,12 1,13 1,9 1,18 1,146 1,19 1,21 1,22 1,23 1,24 1,153 0,26 1,27 0,152 0,19 0,20 1,21 1,188 1,23 1,148 1,24 1,150 1,151 1,18 0,20 1,21 1,22 1,188 1,23 1,25 1,26 1,151 1,27 1,28 1,29 1,30 1,31 1,32 1,33 1,34 1,35 1,36 1,37 1,207 1,154 1,189 1,41 1,42 1,156 1,157 1,45 1,158 1,159 1,58 0,49 1,50 1,51 1,52 1,62 1,55 1,63 1,56 1,57 1,58 1,49 1,59 1,52 1,54 1,62 1,55 1,63 1,56 1,57 1,74 1,65 1,66 1,67 1,68 1,69 1,70 1,71 1,72 1,75 1,161 1,163 1,80 1,164 1,165 1,84 1,166 1,168 1,218 1,194 1,214 1,209 1,126 1,195 1,210 1,91 1,211 1,212 1,171 1,93 1,97 1,213 1,101 1,102 1,106 0,172 1,198 1,173 1,108 1,112 1,199 1,114 1,115 1,117 1,120 1,121 1,176 1,177 1,122 1,178 1,124 1,124 1,83 1,87 1,125 1,127 1,94 1,207 1,67 1,128 1,179 1,129 1,180 1,130 1,217 1,132 1,133 1,184 1,215 1,136 1,185 1,137 1,138 1,140 1,186 1,202 1,142 1,216 1,204 1,187 1
user_000149	143 1,144 1,15 1,1 1,3 0,5 0,6 1,7 1,17 1,8 0,10 1,144 1,0 1,11 0,4 1,16 1,7 1,17 1,13 1,9 1,143 1,0 1,11 1,15 1,4 1,16 1,5 1,8 1,9 1,14 0,152 1,145 1,18 1,19 1,20 1,148 1,149 1,150 1,25 1,26 1,28 1,29 1,30 1,31 1,32 0,33 1,34 1,35 1,36 1,37 1,28 1,29 1,30 1,31 1,32 1,33 1,34 1,35 1,36 1,37 1,39 1,207 1,154 1,40 1,155 1,44 1,156 1,157 1,159 1,47 1,48 1,58 1,51 1,52 1,60 1,53 1,61 1,54 1,56 1,57 1,64 1,65 1,66 1,67 1,68 1,69 1,70 1,71 1,73 0,75 1,64 1,74 1,65 1,66 1,67 1,69 1,70 1,71 1,72 1,75 1,160 1,80 1,81 1,82 1,164 1,208 1,84 1,86 1,191 1,166 1,218 1,193 1,126 1,195 1,127 1,91 1,211 1,197 1,171 1,95 1,98 1,99 1,213 1,104 1,105 1,198 1,110 1,111 1,112 1,199 1,113 1,117 1,118 1,120 1,121 1,175 1,177 1,122 1,178 1,124 1,77 1,214 1,126 1,92 1,207 1,56 1,67 1,128 1,219 1,179 1,129 1,180 1,130 1,217 0,201 1,131 1,182 1,183 1,132 1,133 1,184 1,135 1,185 1,137 1,141 1,142 1,203 1,216 1,204 1,187 1
user_000150	144 1,11 1,15 1,1 1,4 1,12 1,7 1,8 0,9 0,14 1,144 1,0 1,1 1,3 1,4 1,16 0,5 1,6 1,13 1,9 1,144 1,11 1,15 1,1 1,3 1,16 1,6 1,7 1,13 1,9 1,152 1,146 1,20 0,147 1,22 1,153 1,150 1,25 1,26 1,151 1,18 1,146 1,20 1,21 1,188 1,24 1,149 1,150 1,25 1,151 1,28 1,29 1,30 1,31 1,32 1,33 1,34 1,35 1,36 1,37 1,39 1,207 1,154 1,155 1,42 1,44 1,157 1,206 1,158 1,47 1,48 1,58 1,49 1,59 1,50 1,51 1,61 1,54 1,62 1,55 1,64 1,74 1,65 0,66 1,67 0,68 1,69 1,70 1,71 1,73 1,74 1,65 1,66 1,67 0,68 1,69 1,70 1,71 1,72 1,73 1,64 0,74 1,65 1,66 1,67 1,68 1,69 1,70 1,71 1,75 1,160 1,161 1,162 1,78 1,80 1,82 1,83 1,86 1,190 1,88 1,192 1,126 1,195 1,196 1,211 1,197 1,212 1,171 1,93 1,95 1,96 1,97 1,98 1,99 1,102 1,103 1,105 1,106 1,172 1,198 1,110 1,111 1,112 1,199 1,113 1,115 1,118 1,175 1,122 1,123 1,178 1,124 1,77 1,83 1,87 1,125 1,127 1,94 1,92 1,59 1,52 1,73 1,128 1,219 1,200 1,130 1,217 0,181 1,201 1,182 1,183 1,132 1,133 1,184 1,136 1,138 1,139 1,202 1,216 1,204 1
user_000151	10 0,144 1,15 1,1 1,4 1,5 1,17 1,8 1,13 0,14 1,143 1,15 1,1 1,3 1,4 1,16 1,5 1,12 1,6 1,7 1,152 0,18 0,21 1,147 1,188 1,23 1,24 1,149 1,151 1,27 1,18 0,146 1,19 0,20 0,21 1,23 1,24 1,153 1,25 1,26 1,152 1,18 1,146 1,19 1,20 1,23 0,153 1,150 1,26 1,151 1,28 0,29 0,30 0,31 0,32 0,33 0,34 0,35 0,36 0,37 0,28 1,29 1,30 1,31 1,32 1,33 1,34 1,35 1,36 1,37 1,38 1,207 1,154 1,40 1,189 1,157 1,206 1,158 1,159 1,47 1,58 1,49 1,50 1,51 1,52 0,61 0,54 1,62 1,63 0,57 1,48 1,49 1,59 1,50 1,51 1,53 1,61 1,54 1,62 1,63 1,64 0,74 1,65 1,66 1,67 1,69 1,70 1,72 1,73 1,75 1,64 1,74 1,65 1,66 1,68 1,69 1,70 1,71 1,72 1,73 1,161 1,76 1,78 1,79 1,164 1,84 1,86 1,87 1,191 1,168 1,218 1,126 1,127 1,91 1,211 1,197 1,92 1,170 1,212 1,95 1,97 1,98 1,100 1,101 1,102 1,103 1,105 1,106 1,172 0,109 1,110 1,112 1,199 1,113 1,174 1,117 1,121 1,176 1,177 1,122 1,124 1,124 1,81 1,83 1,87 1,125 0,127 1,94 1,207 1,52 1,56 1,128 1,179 1,129 1,217 0,181 1,182 1,183 1,132 1,133 1,215 1,135 1,185 1,138 1,139 1,186 1,202 1,203 1,216 1,187 1
user_000152	10 1,143 1,11 1,1 1,2 0,5 0,12 0,7 0,8 0,13 1,10 1,144 1,11 1,15 1,4 1,12 1,6 1,8 1,13 1,9 1,145 1,18 1,146 1,19 1,20 0,24 1,153 1,149 1,26 1,151 1,28 1,29 1,30 1,31 1,32 1,33 1,34 1,35 1,36 1,37 1,207 1,205 1,40 1,41 1,42 1,43 1,157 1,206 1,158 1,46 1,49 1,59 1,51 1,60 1,61 1,54 1,62 1,55 1,56 1,57 1,64 1,65 1,66 1,67 1,68 1,69 1,70 1,71 1,72 1,73 1,77 1,78 1,79 1,81 1,164 1,165 1,84 1,86 1,87 1,125 1,218 1,193 1,126 1,195 1,196 1,90 1,91 1,211 1,197 1,92 1,97 1,100 1,213 1,101 1,104 1,105 1,106 1,172 1,198 1,107 1,109 1,110 1,112 1,114 1,174 1,115 1,117 1,120 1,175 1,176 1,178 1,124 1,81 1,125 1,126 1,127 1,94 1,207 1,42 1,52 1,67 1,73 1,219 1,129 1,130 1,217 0,131 1,183 1,132 1,133 1,134 1,136 1,138 1,139 1,140 1,186 1,202 1,142 1,203 1,216 1
user_000153	143 1,144 1,11 1,3 1,4 1,5 1,6 1,17 1,8 1,14 1,152 1,18 0,20 0,22 1,188 1,153 1,149 1,25 0,26 0,151 0,28 1,29 1,30 1,31 1,32 1,33 1,34 1,35 1,36 1,37 1,38 1,207 1,154 1,155 1,189 1,43 0,156 1,45 1,46 0,159 1,38 0,207 1,155 1,189 1,41 1,43 1,157 1,45 1,46 1,47 1,38 1,39 1,207 1,40 1,41 1,157 1,45 1,158 1,46 1,159 1,48 1,58 1,49 1,59 1,50 1,52 1,61 1,54 1,62 1,56 1,64 1,74 1,66 1,67 1,68 1,69 1,71 1,72 1,73 1,75 1,160 1,161 1,162 1,78 1,80 1,208 1,165 1,83 1,87 1,125 1,89 1,218 1,193 1,214 1,209 1,195 1,196 1,211 1,197 1,92 1,96 1,99 1,101 1,103 1,104 1,105 1,106 1,107 1,110 0,111 1,112 1,199 1,116 1,117 1,118 1,119 1,120 1,175 1,176 1,122 1,123 1,178 1,124 1,81 1,83 1,125 1,214 1,126 1,94 1,207 1,52 1,56 1,128 1,219 1,179 1,180 1,200 1,130 1,181 1,201 1,132 1,135 1,136 1,185 1,137 1,138 1,140 1,202 1,203 1,216 1
user_000154	10 1,144 1,0 1,1 1,2 1,16 1,6 1,7 1,9 1,14 1,152 1,146 1,21 1,147 1,22 1,23 1,148 1,153 1,25 0,26 1,152 1,145 1,18 0,21 1,147 1,23 1,149 1,150 1,151 1,27 1,152 1,21 1,147 1,22 1,188 1,148 1,24 1,153 1,149 1,151 1,28 0,29 0,30 0,31 0,32 0,33 0,34 0,35 0,36 0,37 0,28 1,29 1,30 1,31 1,32 1,33 1,34 1,35 1,36 1,37 1,39 1,154 1,155 1,41 1,42 1,44 1,157 1,158 1,46 1,159 1,58 1,49 1,50 1,53 1,61 1,54 1,62 1,55 1,63 1,57 1,64 1,74 1,65 1,66 1,68 1,69 1,70 1,72 1,73 1,75 1,160 1,161 1,76 1,162 1,77 1,79 1,82 1,165 1,83 1,190 1,87 1,192 1,194 1,209 1,169 1,126 1,196 1,91 1,197 1,92 1,98 1,99 1,104 1,198 1,108 1,199 1,113 1,114 1,115 1,117 1,119 1,120 1,176 1,122 1,123 0,178 1,124 1,81 1,87 1,125 1,126 1,127 1,94 1,42 1,56 1,67 1,73 1,128 1,219 1,179 1,129 1,200 1,130 1,217 1,181 1,201 1,131 1,132 1,133 1,134 1,135 1,137 1,138 1,139 1,186 1,202 1,142 1,216 1,204 1,187 1
user_000155	0 1,11 1,1 1,2 0,4 0,16 1,12 1,6 1,17 1,8 0,10 1,143 1,0 1,11 1,1 1,5 0,12 1,6 1,7 1,9 1,144 1,0 1,11 1,1 1,3 1,16 1,5 1,8 1,13 0,14 1,145 1,20 1,21 1,147 1,188 1,148 1,153 1,26 1,151 1,27 1,28 1,29 1,30 1,31 1,32 1,33 1,34 1,35 1,36 1,37 1,28 0,29 0,30 0,31 0,32 0,33 0,34 0,35 0,36 0,37 0,38 1,39 1,155 1,41 0,42 1,43 1,44 1,156 1,159 1,47 1,39 1,207 1,40 1,155 1,41 1,44 1,157 1,45 1,158 1,47 1,48 1,49 1,59 1,52 1,53 1,61 1,54 1,62 1,63 1,56 1,64 1,74 1,65 1,66 1,67 1,68 1,69 0,71 1,72 1,73 1,64 1,74 1,65 1,67 1,68 1,69 1,70 1,72 1,73 1,75 1,160 1,161 1,78 1,81 1,164 1,208 1,84 1,190 1,88 1,167 1,194 1,209 1,195 1,210 1,196 1,90 1,92 1,212 1,171 1,95 1,96 1,97 1,98 1,100 1,101 1,103 1,104 1,106 1,172 1,108 1,110 1,111 0,199 1,113 1,114 1,115 1,116 1,117 1,118 1,120 1,121 1,175 1,124 1,77 1,81 1,87 1,125 1,92 1,42 1,67 1,73 1,219 1,179 1,180 1,200 1,130 1,181 1,131 1,133 1,134 1,184 1,215 1,135 1,136 1,185 1,138 1,140 1,186 1,141 1,142 1
user_000156	143 1,144 1,11 1,3 1,4 1,16 1,12 1,6 1,17 1,13 1,145 1,18 1,20 1,22 1,188 1,148 1,24 1,153 1,150 1,25 1,28 1,29 1,30 1,31 1,32 1,33 1,34 1,35 1,36 1,37 1,207 1,205 1,40 1,189 1,41 1,156 1,157 1,45 1,159 1,47 1,58 1,59 1,50 1,60 1,53 1,54 0,62 1,55 1,56 1,57 1,48 0,58 0,50 1,51 1,60 1,61 1,54 0,62 1,55 1,63 1,48 1,58 0,59 1,51 1,60 1,53 1,54 1,62 1,63 1,56 1,64 1,74 1,66 1,67 1,68 0,69 1,71 1,72 1,73 1,75 1,64 1,74 1,65 1,66 1,67 1,69 1,70 1,71 1,73 1,75 1,160 1,76 1,77 1,78 1,79 1,163 1,83 1,84 1,190 1,87 1,191 1,168 1,194 1,210 1,90 1,127 1,197 1,212 1,94 1,95 1,96 1,98 1,101 1,102 1,105 1,106 1,172 1,198 1,173 1,109 1,110 1,111 1,112 0,113 1,114 1,115 1,116 1,118 1,119 1,120 1,175 1,176 1,122 1,77 1,81 1,87 1,214 1,126 1,94 1,92 1,207 1,42 1,67 1,128 1,219 1,129 1,130 1,217 1,181 1,182 1,134 1,215 1,135 1,136 1,185 1,137 1,140 1,202 1,141 1,204 1
user_000157	143 1,144 1,11 0,3 1,4 1,5 1,12 1,17 1,8 1,9 1,143 1,15 1,1 1,2 1,3 1,16 1,12 1,17 1,13 1,14 1,152 1,146 1,19 1,20 1,21 1,23 1,149 1,150 1,25 1,26 1,28 1,29 1,30 1,31 1,32 1,33 1,34 1,35 1,36 1,37 1,207 1,205 1,189 1,41 1,42 1,44 1,156 1,157 1,206 1,158 1,58 1,49 1,59 1,50 1,52 1,60 1,53 1,61 1,62 1,55 1,64 1,65 1,66 1,67 1,68 0,69 1,70 1,71 1,72 1,73 1,74 1,66 1,67 1,68 1,69 1,70 1,71 1,72 1,73 1,75 1,160 1,77 1,78 1,79 1,163 1,80 1,208 1,83 1,85 1,190 1,88 1,192 1,166 1,214 1,126 1,210 1,211 1,212 1,171 1,93 1,97 1,98 1,100 1,213 1,101 1,102 1,103 1,107 1,108 1,109 1,111 1,112 1,199 1,113 1,114 1,174 1,115 1,117 1,119 1,120 1,175 1,176 1,123 1,77 1,83 1,125 1,214 1,127 1,42 1,59 1,52 1,56 1,67 1,73 1,219 1,179 1,200 1,130 1,201 1,132 0,134 1,215 1,135 1,136 1,139 1,186 1,202 1,203 1,216 1,187 1
user_000158	144 1,15 1,2 1,3 1,4 1,5 1,7 1,8 1,13 1,9 1,146 1,21 1,147 1,22 1,188 1,23 1,153 1,150 1,25 1,27 1,28 1,29 1,30 1,31 1,32 1,33 1,34 1,35 1,36 1,37 1,207 1,205 1,155 1,41 1,42 1,206 1,45 1,158 1,159 1,47 1,49 1,59 1,50 1,51 1,52 1,60 1,53 1,61 1,55 1,57 1,64 0,65 1,66 1,67 1,68 1,69 1,70 1,72 1,73 1,75 1,160 1,161 1,76 1,78 1,79 1,163 1,81 1,208 1,86 1,190 1,87 1,191 1,192 1,193 1,194 1,90 1,127 1,91 1,211 1,92 1,97 1,100 1,213 1,101 1,102 1,103 1,106 1,198 1,173 1,110 1,111 1,112 1,199 1,113 1,114 1,174 1,115 1,117 1,118 1,119 1,121 1,122 0,123 1,178 1,124 1,83 1,125 1,126 1,92 1,207 1,56 1,67 1,128 1,219 1,179 1,200 1,181 1,201 1,182 1,134 1,184 1,185 1,137 1,139 1,186 1,202 1,141 1,203 1,216 1,187 1
user_000159	143 1,0 1,15 1,3 1,4 1,5 1,6 1,17 1,8 1,14 1,145 0,19 1,21 1,22 1,188 1,148 1,24 1,153 1,149 1,25 1,28 1,29 1,30 1,31 1,32 1,33 1,34 1,35 0,36 1,37 1,28 1,29 1,30 1,31 1,32 1,33 1,34 1,35 1,36 1,37 1,39 1,205 1,154 1,40 0,155 1,43 1,44 1,45 1,159 1,47 1,48 1,58 1,49 1,59 1,51 1,52 0,60 1,54 1,62 1,57 1,64 1,74 1,66 1,67 0,68 1,69 1,70 1,71 1,72 1,75 1,76 1,77 1,81 1,164 1,208 1,84 1,86 1,190 1,87 1,191 1,125 1,166 1,168 1,218 1,194 1,214 1,169 1,90 1,127 1,212 1,96 1,98 1,100 1,213 1,106 1,107 1,108 1,110 1,111 1,112 1,199 1,114 1,174 1,116 1,119 1,120 1,121 1,175 1,176 1,123 1,124 1,83 1,87 1,214 1,126 1,127 1,92 1,42 1,59 1,52 1,56 1,67 1,128 1,219 1,130 1,217 1,201 1,131 1,132 1,133 1,134 1,215 1,185 1,137 1,138 1,202 1,141 1,203 1,216 1,187 1
user_000160	10 0,144 1,15 1,1 0,2 0,12 1,7 1,17 1,8 1,14 1,10 0,143 1,11 1,15 1,3 1,5 1,12 1,17 1,8 1,14 1,152 0,18 1,19 0,21 1,147 0,23 1,149 1,150 1,25 0,26 1,152 1,145 1,146 1,21 1,22 1,23 1,24 1,153 1,149 1,25 1,28 1,29 1,30 1,31 1,32 0,33 1,34 1,35 1,36 1,37 1,39 1,207 1,205 1,154 1,189 1,43 1,44 1,156 1,45 1,46 1,48 1,59 1,50 1,53 1,61 0,54 1,62 1,55 1,56 1,57 1,48 1,49 1,59 1,51 1,53 1,61 1,54 1,55 1,63 1,56 1,74 1,65 0,66 1,67 1,68 1,69 1,70 1,71 1,73 1,75 1,64 1,74 1,65 1,66 1,68 1,69 0,71 1,72 1,73 1,75 1,64 1,74 1,65 1,67 1,69 1,70 1,71 1,72 1,73 1,75 1,160 1,162 1,77 1,78 1,208 1,165 1,83 1,87 1,191 1,88 1,209 1,210 1,127 1,211 1,197 1,92 1,170 1,212 1,171 1,94 1,96 1,97 1,98 1,100 1,213 1,102 1,104 1,172 1,107 1,110 1,199 1,114 1,115 1,116 0,117 1,121 1,175 1,176 1,177 1,122 1,123 1,178 1,124 1,124 1,77 1,125 0,214 1,94 1,59 1,56 1,128 1,179 1,129 1,180 1,130 1,217 0,181 1,131 1,183 1,135 1,136 1,138 1,139 1,140 1,202 1,141 1,142 1,203 1,216 1,187 1
user_000161	10 1,143 1,0 1,11 1,2 1,16 1,7 1,17 1,8 1,14 0,143 1,144 1,1 1,3 1,4 1,16 1,5 1,6 1,8 1,14 1,152 1,145 1,19 1,147 0,22 1,153 1,149 1,150 1,25 1,27 1,152 1,145 1,18 1,19 1,188 1,24 1,150 1,25 1,26 1,151 1,28 1,29 1,30 1,31 1,32 1,33 0,34 1,35 1,36 1,37 1,28 1,29 1,30 1,31 1,32 1,33 1,34 1,35 1,36 1,37 1,38 1,39 1,205 1,154 1,42 1,43 1,156 1,157 1,45 1,46 1,48 1,58 0,59 1,50 0,60 1,53 1,62 1,63 1,56 1,57 1,48 1,58 1,49 1,59 1,51 1,53 1,54 1,55 1,63 1,56 1,64 1,74 1,65 0,67 1,68 1,69 1,70 1,71 1,72 1,73 1,64 1,74 1,65 1,66 1,67 1,68 1,69 1,71 1,73 1,75 1,77 1,163 1,80 1,81 1,208 1,165 1,84 1,190 1,87 1,167 1,168 1,89 1,218 1,194 1,126 1,195 1,210 1,127 1,212 1,94 1,96 0,97 1,98 1,213 1,102 1,105 1,106 1,173 1,108 1,112 1,199 1,114 1,174 1,115 1,116 1,117 1,119 1,120 1,175 1,176 1,177 1,122 1,123 1,124 1,124 1,83 1,87 1,125 1,214 1,92 1,207 1,52 1,56 1,67 1,73 1,128 1,200 1,130 1,181 1,131 1,132 1,184 1,215 1,135 1,139 1,186 1,141 1,203 1,216 1,187 1
user_000162	143 1,0 1,11 1,3 0,4 1,16 1,12 1,6 1,7 1,13 1,143 1,0 0,11 1,1 1,3 1,16 1,5 1,17 1,13 1,14 1,143 1,144 1,0 1,11 1,2 0,6 1,17 1,13 1,9 1,14 1,152 1,18 1,146 1,21 1,22 1,23 0,148 1,24 1,153 1,27 1,152 1,18 1,146 1,19 1,21 1,23 1,148 1,26 1,151 1,27 1,28 1,29 1,30 1,31 1,32 1,33 0,34 1,35 0,36 1,37 1,28 1,29 1,30 1,31 1,32 1,33 1,34 1,35 1,36 1,37 1,38 1,39 1,205 1,154 1,42 1,43 0,157 1,45 1,158 1,159 1,38 1,39 1,154 1,155 1,189 1,43 1,156 1,45 1,158 1,47 1,48 1,58 1,59 1,52 1,53 1,61 1,62 1,55 1,63 1,57 1,64 0,74 0,65 0,66 1,67 1,69 1,70 1,71 1,73 1,75 1,64 1,74 1,65 1,67 1,68 1,69 1,71 1,72 1,73 1,75 1,160 1,76 1,162 1,80 1,81 1,165 1,83 1,86 1,190 1,88 1,166 1,167 1,193 1,194 0,214 1,126 1,195 1,211 1,212 1,94 1,96 1,97 1,98 1,213 1,198 1,173 1,108 1,111 1,112 1,113 1,114 1,115 1,116 1,117 1,119 1,120 0,121 1,122 1,178 1,124 1,87 1,126 1,127 1,94 1,92 1,42 1,56 1,73 1,128 1,219 1,179 1,217 1,181 1,201 1,131 1,183 1,133 1,134 1,184 1,136 1,185 1,137 1,138 1,139 1,140 1,186 1,141 1,203 1,216 1,187 1
user_000163	10 1,143 1,11 0,15 1,2 0,16 0,12 1,6 1,8 0,9 1,11 1,15 1,1 1,2 0,3 1,7 1,17 1,8 1,13 1,9 1,11 1,15 1,2 0,3 1,4 1,16 1,5 1,12 1,8 1,13 1,152 1,145 1,21 1,147 1,22 1,148 1,153 1,150 1,151 1,27 1,28 1,29 1,30 1,31 1,32 1,33 1,34 1,35 1,36 1,37 1,38 1,154 1,155 1,189 1,42 1,43 1,44 1,156 1,157 1,206 1,58 1,59 1,50 1,60 0,53 1,61 1,62 1,55 1,56 1,57 1,48 1,59 1,51 1,60 1,53 1,54 1,62 1,63 1,56 1,57 1,64 1,74 0,65 1,66 1,69 0,70 0,71 1,72 0,73 1,75 1,74 1,65 1,66 1,67 0,68 1,69 1,70 1,72 1,73 1,75 1,65 1,66 1,67 1,68 1,69 1,70 1,71 1,72 1,73 1,75 1,161 1,76 1,80 1,81 1,165 1,86 1,191 1,192 0,125 1,166 1,218 1,214 1,209 1,210 1,196 1,127 1,91 1,211 1,197 1,171 1,99 1,100 1,213 1,101 1,103 1,105 1,106 0,198 1,107 1,173 1,108 1,109 1,111 1,199 1,113 1,114 1,174 1,117 1,119 1,120 1,121 1,175 1,177 1,122 1,124 1,77 1,87 1,125 1,126 1,94 1,207 1,42 1,59 1,56 1,67 1,73 1,128 1,219 1,179 1,130 1,182 1,183 1,134 1,136 1,185 1,139 1,140 1,142 1,216 1,187 1
user_000164	10 1,143 1,11 1,2 1,3 0,12 1,6 1,8 1,13 1,14 1,145 1,19 1,20 1,21 1,22 1,24 1,153 1,149 1,150 1,151 1,28 0,29 0,30 0,31 0,32 0,33 0,34 0,35 0,36 0,37 0,28 1,29 1,30 1,31 1,32 0,33 0,34 0,35 0,36 1,37 1,28 1,29 1,30 1,31 1,32 1,33 1,34 1,35 1,36 1,37 1,38 1,207 1,205 1,41 1,42 1,156 1,45 1,158 1,46 1,47 1,48 1,58 1,59 1,52 1,53 1,61 1,54 1,55 1,63 1,57 1,64 1,65 1,67 1,68 1,69 1,70 1,71 1,72 1,73 1,75 1,161 1,76 1,77 1,79 1,80 1,84 1,85 0,87 1,88 1,167 1,168 1,218 1,195 1,90 1,211 1,92 1,212 1,171 1,93 1,95 1,96 1,213 1,104 1,105 1,106 1,172 1,198 1,107 1,173 1,108 1,110 1,112 1,199 1,174 1,115 1,116 1,118 1,175 1,176 1,123 1,77 1,81 1,87 1,125 1,214 1,126 1,127 1,92 1,42 1,59 1,52 1,56 1,219 1,179 1,130 1,182 1,183 1,132 1,133 1,134 1,184 1,135 1,136 1,185 1,138 0,140 1,142 1,203 1,216 1,187 1
user_000165	10 1,144 0,0 1,11 0,3 1,16 1,6 1,17 1,13 1,9 1,0 1,15 1,1 1,2 1,3 1,5 1,7 1,13 1,9 1,14 0,18 1,146 1,20 1,22 1,188 1,23 1,153 1,26 1,151 1,27 1,28 1,29 0,30 1,31 1,32 1,33 0,34 1,35 1,36 1,37 1,28 1,29 1,30 1,31 1,32 1,33 1,34 1,35 1,36 1,37 1,28 1,29 1,30 1,31 1,32 0,33 1,34 1,35 1,36 1,37 1,38 1,205 1,154 1,155 1,42 1,43 1,44 1,46 1,159 1,47 1,48 1,59 1,51 1,52 1,60 1,53 1,54 0,55 1,63 1,57 1,48 1,58 1,59 1,50 1,51 1,53 1,61 1,54 1,55 1,63 1,64 1,65 0,66 1,67 1,68 1,70 1,71 1,72 1,73 1,75 1,64 0,74 0,65 1,68 1,69 1,70 1,71 1,72 1,73 0,75 1,161 1,80 1,81 1,83 1,84 1,191 1,88 1,192 1,168 1,89 1,218 1,214 1,126 1,195 1,210 1,127 1,91 1,211 1,170 1,95 1,96 1,97 1,98 1,99 1,213 1,102 1,198 1,107 1,173 1,108 1,109 1,110 1,112 1,113 1,115 1,117 1,121 1,175 1,122 1,123 1,178 1,124 0,124 1,87 1,125 1,214 1,126 1,127 1,94 1,207 1,59 1,52 1,56 1,67 1,219 1,129 1,180 1,200 1,130 1,217 1,131 1,183 1,134 1,184 1,136 1,185 1,137 1,138 1,202 1,142 1
user_000166	10 1,11 1,15 1,1 1,3 1,12 1,7 1,17 1,13 1,9 1,145 1,18 1,146 1,21 1,188 1,153 1,149 1,150 1,25 1,27 1,28 1,29 1,30 1,31 1,32 0,33 0,34 1,35 0,36 1,37 1,28 1,29 1,30 1,31 1,32 1,33 1,34 1,35 1,36 1,37 1,38 0,205 1,189 1,41 1,42 1,44 1,156 1,206 1,45 0,159 1,39 1,207 1,205 1,154 1,40 1,43 1,156 1,206 1,45 1,46 1,48 1,49 1,59 1,50 1,51 1,60 1,53 1,61 1,62 1,56 1,64 1,65 0,66 1,67 1,68 1,69 1,70 1,72 1,73 1,75 1,64 1,65 1,66 1,67 1,68 1,69 1,71 1,72 1,73 1,75 1,160 1,162 1,77 1,79 1,163 1,80 1,208 1,86 1,192 1,166 1,89 1,193 1,194 1,214 1,209 1,195 1,90 1,91 1,197 1,170 1,99 1,100 1,101 1,102 1,103 1,105 1,106 1,107 1,199 1,114 1,174 1,115 1,117 1,118 1,119 1,120 1,121 1,175 1,176 0,123 1,178 1,124 1,124 1,126 1,92 1,207 1,42 1,59 1,52 1,56 1,219 0,179 1,129 1,200 1,130 1,131 1,183 1,134 1,215 1,135 1,137 1,138 1,139 1,140 1,186 1,141 1,142 1,203 1,216 1,187 1
user_000167	10 1,0 1,11 1,1 1,4 1,12 0,7 1,17 1,13 0,14 0,10 1,1 1,2 1,3 1,4 1,16 1,12 1,6 1,7 1,13 1,145 1,146 1,20 1,21 1,188 1,23 1,153 1,149 1,150 0,151 1,145 1,20 1,21 1,147 1,188 1,23 1,148 0,149 1,151 1,27 1,146 1,20 1,21 1,22 1,188 1,149 1,25 1,26 1,151 1,27 1,28 1,29 1,30 1,31 1,32 1,33 0,34 1,35 0,36 1,37 1,28 1,29 1,30 1,31 1,32 1,33 1,34 1,35 0,36 1,37 1,28 1,29 1,30 1,31 1,32 1,33 1,34 1,35 1,36 1,37 1,39 1,207 1,40 1,189 1,41 1,44 1,206 1,45 1,158 1,47 1,58 1,49 1,59 1,51 1,52 1,62 1,55 1,63 1,56 1,57 0,48 1,50 1,51 1,52 1,53 1,62 1,55 1,63 1,56 1,57 1,64 1,74 1,65 1,66 1,67 1,69 1,70 1,71 1,72 1,73 1,160 1,76 1,77 1,163 1,208 1,165 1,190 1,87 1,191 1,89 1,193 1,214 1,209 1,126 1,210 1,127 1,170 1,171 1,93 1,94 1,96 1,98 1,100 1,213 1,101 1,102 1,105 1,106 1,172 1,198 1,107 1,108 1,110 0,111 1,112 1,199 1,113 1,114 1,174 1,120 1,121 1,176 1,177 1,122 1,123 1,124 1,87 1,125 1,42 1,59 1,56 1,67 1,73 1,219 1,179 1,180 1,200 1,130 1,217 1,181 1,182 1,132 1,215 1,135 1,136 1,137 1,139 1,202 0,203 1,204 1
user_000168	10 1,143 1,0 1,15 1,2 1,12 1,7 1,8 1,9 1,14 1,145 1,19 1,20 1,147 0,22 1,148 1,24 1,153 1,151 1,27 1,18 1,146 1,20 1,22 1,188 1,23 1,148 1,153 1,149 1,25 1,28 1,29 1,30 1,31 1,32 0,33 1,34 1,35 1,36 1,37 1,28 1,29 1,30 1,31 1,32 1,33 1,34 1,35 1,36 1,37 1,39 1,207 0,154 0,40 1,155 0,157 0,206 1,158 1,46 1,47 0,38 0,205 0,189 1,41 0,42 0,43 1,45 1,46 1,159 1,47 0,38 1,207 1,40 1,155 1,42 1,156 1,206 1,45 1,46 1,159 1,58 0,49 1,50 1,51 1,52 1,60 1,53 1,61 1,56 1,57 1,48 1,59 1,52 1,53 1,54 1,62 0,55 1,63 1,56 1,57 1,64 1,74 1,65 1,66 1,67 1,69 1,71 1,72 1,73 1,75 1,161 1,76 1,77 1,78 1,81 1,164 1,165 1,83 1,191 1,166 1,167 1,89 1,209 1,126 1,195 1,210 1,90 1,127 1,92 1,170 1,98 1,99 1,100 1,213 1,102 1,104 1,172 1,173 1,111 1,112 1,174 1,117 1,118 1,119 1,175 1,176 1,81 1,125 1,214 1,127 1,94 1,92 1,207 1,59 1,73 1,219 1,129 1,180 1,200 1,130 1,217 0,201 1,131 1,132 1,133 1,134 1,184 1,215 1,135 1,136 1,185 1,137 1,138 1,139 1,140 1,186 1,202 1,142 1,216 1,187 1
user_000169	143 1,1 1,2 0,3 1,4 1,5 1,6 0,7 1,13 1,9 0,10 1,144 1,0 1,11 1,3 1,16 1,5 1,6 1,7 1,17 1,152 1,19 1,20 1,21 1,22 1,149 1,150 1,26 1,151 1,27 1,28 1,29 1,30 1,31 1,32 1,33 1,34 0,35 1,36 1,37 1,28 1,29 1,30 1,31 1,32 1,33 1,34 1,35 1,36 1,37 1,39 1,40 1,155 1,41 1,42 1,43 1,44 1,156 1,157 1,206 1,48 1,58 1,49 1,50 1,60 1,61 1,62 1,63 1,56 1,57 1,64 1,74 1,65 1,66 1,67 1,69 1,70 1,71 1,72 1,75 1,161 1,162 1,77 1,80 1,82 1,86 1,87 1,191 1,88 1,192 1,125 1,167 1,168 1,194 1,209 1,195 1,210 1,196 1,127 1,91 1,97 1,99 1,213 1,102 1,103 1,172 1,198 1,109 1,110 0,112 1,199 1,113 1,114 1,174 1,115 1,116 1,117 1,120 1,121 1,175 1,122 0,123 1,178 1,124 1,77 1,81 1,83 1,125 1,126 1,127 1,92 1,207 1,59 1,56 1,67 1,73 1,219 1,129 1,130 1,131 1,182 1,183 1,134 1,184 1,215 1,135 1,185 1,138 1,141 1,216 1
user_000170	143 0,144 1,0 1,11 1,4 0,6 1,7 1,17 1,8 1,9 1,152 1,19 0,20 1,21 1,147 1,153 1,25 1,26 1,151 1,27 1,28 1,29 1,30 1,31 1,32 1,33 1,34 1,35 1,36 1,37 1,38 1,39 1,154 1,155 1,41 1,44 1,206 1,158 1,46 1,159 1,48 1,58 1,49 1,50 1,53 1,61 1,54 1,63 1,56 1,57 1,64 0,74 1,65 1,66 1,67 1,68 1,69 1,71 1,73 0,75 1,64 1,74 1,65 1,66 1,67 1,68 1,71 1,72 1,73 1,75 1,162 1,78 1,163 1,164 0,208 1,165 1,83 1,84 1,191 1,218 1,193 1,214 1,209 1,126 1,127 1,91 1,92 1,212 1,93 1,95 1,98 1,100 1,213 1,102 1,103 1,104 1,198 1,107 1,173 1,109 1,111 1,112 1,114 1,119 1,120 1,121 1,175 1,176 1,177 1,122 1,123 1,178 1,77 1,81 1,87 1,125 1,126 1,59 1,52 1,56 1,67 1,73 1,128 1,179 1,129 1,180 1,181 1,182 1,183 1,132 1,133 1,135 1,185 1,138 1,202 1,141 1,142 1,203 1,204 1,187 1
user_000171	143 1,15 1,1 0,3 1,4 0,12 1,6 1,17 1,13 0,14 0,143 1,0 1,11 1,1 1,3 1,5 1,12 1,17 1,8 1,13 1,152 0,145 0,146 1,20 1,21 1,24 1,149 1,150 1,151 1,27 1,152 1,145 1,19 1,20 1,188 1,23 1,148 1,24 1,153 1,27 1,28 1,29 1,30 1,31 1,32 1,33 1,34 1,35 1,36 1,37 1,38 1,39 1,155 1,189 1,41 1,43 1,206 1,46 1,159 1,47 1,48 1,58 1,59 1,50 1,52 1,60 1,53 1,61 1,54 1,56 1,64 1,74 1,65 1,67 1,68 1,69 1,70 1,72 1,73 1,75 1,161 1,76 1,79 1,80 1,81 1,165 1,84 1,85 1,191 1,88 1,166 1,167 1,218 1,194 1,209 1,210 1,197 1,170 1,171 1,95 1,96 1,213 1,102 1,103 1,106 1,198 1,173 1,108 1,109 1,112 1,199 1,113 1,114 1,116 1,118 1,121 1,122 1,123 1,124 1,124 1,83 1,87 1,125 1,92 1,207 1,42 1,59 1,52 1,56 1,73 1,128 1,129 1,180 1,130 1,181 1,131 1,182 1,133 1,215 1,135 1,136 1,185 1,137 1,138 1,140 1,202 1,142 1,203 1,216 1,204 1
user_000172	143 1,144 1,0 1,15 1,2 0,16 1,6 1,17 1,8 0,9 1,144 1,11 1,15 1,3 1,4 0,6 1,7 0,8 1,9 1,14 1,10 1,143 1,0 1,15 1,3 1,12 1,6 1,7 1,8 1,9 1,19 1,20 0,21 1,147 1,22 1,23 0,153 1,149 1,25 0,26 1,152 1,18 1,20 1,21 1,147 1,24 1,153 1,150 0,25 1,151 1,152 1,145 1,21 1,147 1,22 1,148 1,153 1,149 1,150 1,151 1,28 1,29 0,30 1,31 1,32 1,33 0,34 0,35 0,36 1,37 0,28 1,29 1,30 1,31 1,32 1,33 1,34 1,35 0,36 1,37 1,28 1,29 1,30 1,31 1,32 1,33 1,34 1,35 1,36 1,37 1,39 1,154 1,155 1,189 1,41 1,43 1,156 1,158 1,46 1,159 1,48 1,58 1,51 1,60 1,53 1,61 1,54 1,62 1,55 1,57 1,64 1,74 1,65 1,66 1,68 1,70 1,71 1,72 1,73 1,75 1,161 1,162 1,78 1,79 1,80 1,164 1,83 1,84 1,191 1,125 1,166 1,167 1,168 1,89 1,218 1,194 1,214 1,209 1,210 1,93 1,96 1,97 1,100 1,213 1,102 1,104 1,198 1,173 1,109 1,112 1,113 1,114 1,174 1,116 1,117 1,120 1,121 1,175 1,122 1,123 1,178 1,124 1,124 1,77 1,81 1,214 1,126 1,92 1,207 1,59 1,56 1,67 1,128 1,180 1,200 1,130 1,181 1,131 1,183 1,132 1,133 1,134 1,184 1,215 1,135 1,185 1,137 1,186 1,142 1,203 1
user_000173	143 1,11 1,2 1,3 1,4 1,16 1,6 1,17 1,8 1,14 1,146 1,19 1,20 0,147 1,22 1,153 1,150 0,25 1,26 1,151 1,152 1,146 1,20 1,21 1,147 1,23 1,24 1,153 1,150 1,26 1,28 1,29 1,30 1,31 1,32 1,33 1,34 1,35 1,36 1,37 1,38 1,205 1,154 1,40 1,155 1,43 1,44 1,157 0,46 1,47 1,38 1,205 1,154 1,189 1,42 1,156 1,45 1,46 1,159 1,47 1,58 1,59 1,50 1,51 1,52 1,60 1,54 1,62 1,56 1,57 1,64 1,74 1,65 1,66 1,67 1,69 1,70 1,71 1,73 1,75 1,161 1,79 1,81 1,82 1,85 1,86 1,190 1,191 1,192 1,125 1,166 1,167 1,168 1,193 1,209 1,196 1,127 1,91 1,170 1,93 1,96 1,97 1,98 1,213 1,102 1,103 1,104 1,105 1,172 1,107 1,108 1,112 1,113 1,174 1,116 1,118 1,119 1,120 1,175 1,176 1,177 1,178 1,77 1,81 1,87 1,214 1,126 1,127 1,94 1,92 1,52 1,56 1,73 1,128 1,179 1,131 1,182 1,183 1,133 1,134 1,184 1,215 1,185 1,139 1,140 1,141 1,142 1,216 1,204 1,187 1
user_000174	143 0,0 1,11 1,1 1,3 1,16 1,5 1,12 1,6 1,13 1,10 1,143 1,144 1,3 1,4 1,16 1,12 1,6 1,7 0,8 1,143 1,0 1,11 1,1 1,3 1,12 1,7 1,8 1,13 1,14 1,152 0,145 1,20 1,147 0,22 1,23 1,24 1,153 1,149 0,27 1,152 1,145 1,18 1,20 1,21 1,148 1,24 1,153 1,25 1,151 1,28 1,29 1,30 1,31 1,32 1,33 1,34 1,35 1,36 1,37 1,39 1,154 1,40 1,155 1,42 1,43 1,44 1,45 1,159 1,47 1,48 1,58 1,49 1,52 1,60 1,53 1,61 1,54 1,55 1,63 1,64 1,74 0,65 1,66 1,67 1,69 1,71 1,72 1,73 1,75 1,64 1,74 1,65 1,66 1,67 1,68 1,69 1,70 1,72 1,73 1,160 1,161 1,76 1,79 1,80 1,82 1,208 1,85 1,190 1,87 1,192 1,89 1,194 1,169 1,126 1,211 1,197 1,92 1,170 1,93 1,99 1,213 1,102 1,103 1,104 1,105 1,106 1,172 1,173 1,108 1,109 1,110 1,199 1,114 1,174 1,115 1,116 1,117 1,119 1,120 1,176 1,178 1,124 1,124 1,81 1,83 1,87 1,214 1,42 1,59 1,56 1,67 1,73 1,128 1,219 1,179 1,129 1,200 1,130 1,201 1,131 1,133 0,134 1,184 1,215 1,136 1,140 1,186 1,202 1,141 0
user_000175	0 0,15 1,2 0,3 0,4 1,5 1,7 1,17 1,8 0,13 1,10 1,11 1,1 1,2 1,3 1,12 1,6 1,7 0,8 0,13 1,143 1,144 1,0 1,11 1,3 0,5 1,6 1,7 1,17 1,8 0,152 1,145 1,18 1,147 1,22 1,23 1,149 1,150 0,25 1,27 1,28 1,29 1,30 1,31 1,32 1,33 1,34 1,35 0,36 1,37 1,28 1,29 1,30 1,31 1,32 1,33 1,34 1,35 0,36 1,37 1,28 1,29 1,30 1,31 0,32 1,33 1,34 1,35 1,36 1,37 1,205 1,40 1,189 1,41 1,42 1,43 1,157 0,206 1,45 1,158 1,38 1,39 1,207 1,205 1,42 1,43 1,157 1,206 1,158 1,47 1,59 1,50 1,52 0,60 1,53 1,61 1,54 1,55 1,63 1,56 1,58 1,49 1,50 0,51 1,60 1,53 1,54 1,55 1,56 1,57 1,64 1,74 1,65 1,66 1,67 1,69 1,70 1,72 1,73 1,75 1,161 1,76 1,77 1,78 1,80 1,81 1,83 1,86 1,190 1,191 1,166 1,210 1,196 1,90 1,127 1,91 1,92 1,170 1,171 1,94 1,96 1,97 1,99 1,103 1,104 1,106 1,172 1,198 1,173 1,109 1,110 1,112 1,199 1,113 1,114 1,118 1,119 1,175 1,176 1,177 1,122 1,123 1,178 1,124 1,124 1,87 1,125 1,126 1,127 1,92 1,207 1,73 1,128 1,180 1,200 1,182 1,183 1,132 1,133 1,134 1,184 1,215 1,135 1,136 1,138 1,139 1,140 1,186 1,216 1,204 1
user_000176	10 0,143 1,144 1,0 1,3 0,16 1,12 1,6 1,17 1,8 1,10 1,143 1,15 1,2 1,4 1,16 1,5 1,7 1,8 1,9 1,145 1,18 1,146 1,147 0,188 1,23 1,24 1,150 1,26 1,151 1,152 1,145 1,18 1,146 1,147 1,24 1,153 1,149 1,25 1,151 1,28 1,29 1,30 1,31 1,32 1,33 1,34 1,35 1,36 1,37 1,205 1,40 1,155 1,189 1,42 1,157 1,206 1,158 1,46 1,159 1,58 1,49 1,59 1,50 1,51 1,52 1,60 1,53 1,61 1,57 1,64 1,74 1,65 1,66 1,67 0,69 1,71 1,72 1,73 1,75 1,64 1,74 1,66 1,67 1,68 1,69 1,70 1,72 0,73 1,75 1,64 1,65 1,66 1,67 1,68 1,69 1,71 1,72 1,73 1,75 1,78 1,79 1,163 1,82 1,164 1,165 1,86 1,88 1,192 1,125 1,167 1,194 1,126 1,210 1,196 1,127 1,197 1,212 1,94 1,95 1,96 1,97 1,99 1,101 1,102 1,103 1,106 1,198 1,107 1,173 1,108 1,109 1,110 1,111 1,112 1,199 1,113 1,114 1,115 1,116 1,117 1,118 1,119 1,177 1,178 1,124 1,124 1,77 1,81 1,87 1,125 1,59 1,52 1,56 1,128 1,219 1,129 1,200 1,201 1,131 1,182 1,183 1,132 1,134 1,185 1,137 1,141 1,203 1,216 1,204 1
user_000177	10 1,144 1,15 1,1 1,4 1,5 1,12 1,13 1,9 1,14 1,145 1,18 1,146 1,20 1,188 1,23 1,153 1,150 1,26 1,27 1,28 1,29 1,30 1,31 1,32 1,33 1,34 1,35 1,36 1,37 1,38 1,207 1,205 1,155 1,42 1,44 1,206 1,45 1,46 1,159 1,59 1,50 1,60 1,53 1,61 1,54 1,62 1,55 1,63 1,56 1,64 1,65 1,66 1,67 1,68 1,69 1,70 1,71 1,73 1,75 1,64 1,66 1,67 1,68 1,69 1,70 1,71 1,72 1,73 1,75 1,64 1,74 1,66 1,67 1,68 1,70 1,71 1,72 1,73 1,75 1,160 1,161 1,162 1,78 1,83 1,85 1,191 1,192 1,194 1,214 1,209 1,90 1,127 1,91 1,197 1,92 1,170 1,212 1,171 1,95 1,96 1,97 1,100 1,213 1,101 1,102 1,103 1,104 1,105 1,106 1,172 1,107 1,173 1,108 1,109 1,110 1,111 1,199 1,115 1,116 1,117 1,119 1,121 1,175 1,176 1,177 1,81 1,87 1,125 1,126 1,94 1,92 1,207 1,59 1,52 1,217 1,181 1,182 1,183 1,184 1,215 1,136 1,185 1,137 1,140 1,186 1,141 1,142 1,216 1,204 1
user_000178	144 1,0 1,11 0,15 1,1 0,16 0,5 0,12 0,6 0,7 0,143 1,144 1,15 1,1 1,3 1,5 1,12 1,6 1,17 1,8 1,152 0,18 0,146 1,19 1,21 1,148 1,24 1,153 1,26 1,27 1,28 1,29 1,30 1,31 1,32 1,33 1,34 1,35 1,36 1,37 1,38 1,39 1,205 1,154 1,189 1,43 1,156 1,45 1,46 0,47 1,59 1,50 1,51 1,52 1,60 1,53 1,61 1,54 1,62 1,63 1,74 1,65 1,66 1,67 1,68 1,69 1,70 1,72 1,73 1,75 1,160 1,162 1,77 1,80 1,83 1,84 1,85 1,86 1,190 1,87 1,192 1,125 1,166 1,167 1,218 1,193 1,126 1,211 1,94 1,95 1,96 1,97 1,98 1,101 1,102 0,104 1,106 1,172 1,107 1,173 1,108 1,111 1,112 1,113 1,114 1,174 1,115 1,117 1,118 1,119 1,175 1,176 0,178 1,124 1,83 1,87 1,214 1,94 1,92 1,207 1,42 1,52 1,56 1,67 1,128 1,219 1,179 1,217 0,181 1,201 1,182 1,132 1,134 1,215 1,136 1,137 1,138 1,186 1,142 1,204 1
user_000179	10 1,143 1,0 1,2 1,3 0,12 1,6 1,17 1,8 1,14 0,10 0,143 1,1 0,3 1,4 1,5 1,12 1,6 1,17 1,13 1,18 0,20 0,21 1,147 1,188 1,148 1,24 1,153 1,150 1,27 1,152 1,18 0,146 1,20 0,21 1,23 1,153 1,25 1,151 1,27 1,18 1,19 1,20 0,147 1,22 1,23 1,148 1,150 1,26 1,151 1,28 1,29 1,30 1,31 1,32 1,33 1,34 1,35 1,36 1,37 1,38 1,207 1,155 0,189 1,42 1,43 1,156 1,157 1,45 1,159 1,39 1,205 1,40 1,189 1,41 1,44 1,156 1,206 1,45 1,158 1,48 1,58 0,59 1,50 1,52 1,60 1,53 1,61 1,62 1,63 1,48 1,49 1,51 1,60 1,53 1,61 1,54 1,55 1,56 1,57 1,64 1,74 1,65 1,66 1,68 1,69 1,70 1,71 1,73 1,75 1,161 1,162 1,77 1,79 1,82 1,164 1,83 1,85 1,86 1,87 1,88 1,166 1,167 1,218 1,194 1,210 1,211 1,197 1,92 1,95 1,96 0,98 1,99 1,213 1,102 1,104 1,105 1,106 0,172 1,107 1,108 1,112 1,199 1,113 1,114 1,174 1,117 1,118 1,120 1,121 1,176 1,177 1,123 0,124 1,124 1,87 1,126 1,59 1,67 1,73 1,219 1,180 1,200 1,181 1,201 1,131 1,183 1,132 1,134 1,184 1,215 1,135 1,136 1,137 1,138 1,202 1,141 1,142 1,216 1,204 1
user_000180	10 1,144 1,15 0,2 1,4 0,16 0,5 1,6 1,17 1,8 0,143 1,144 1,1 0,3 1,4 1,16 1,5 1,7 1,17 1,8 1,10 1,143 1,1 1,3 1,4 1,16 1,6 1,7 1,8 1,14 1,146 1,20 0,21 1,147 1,188 1,23 1,148 1,24 1,153 1,26 1,18 0,19 1,21 1,147 1,22 1,148 0,24 1,153 1,151 1,27 1,152 1,145 1,20 1,147 1,188 1,23 1,148 1,24 1,149 1,151 1,28 1,29 1,30 1,31 1,32 1,33 1,34 1,35 1,36 1,37 1,38 1,39 1,207 1,205 1,155 1,43 1,156 1,206 1,158 1,46 1,48 1,58 1,49 1,59 1,50 1,51 1,61 1,62 1,55 1,63 1,64 1,74 1,65 1,66 1,67 1,68 1,70 1,71 1,73 1,75 1,78 1,163 1,81 1,164 1,83 1,84 1,85 1,86 1,87 1,192 1,125 1,167 1,89 1,218 1,209 1,90 1,91 1,92 1,171 1,93 1,97 1,99 1,100 1,101 1,102 1,103 1,105 1,172 1,107 1,108 1,110 1,112 1,114 1,174 1,115 1,116 1,119 1,176 1,177 1,122 1,178 1,124 1,77 1,81 1,83 1,125 0,127 1,94 1,92 1,52 1,56 1,73 1,129 1,200 1,181 1,201 1,131 1,133 1,184 1,215 1,135 1,185 1,137 1,139 1,202 0,141 1,142 1,203 1,216 1,204 1
user_000181	11 1,15 1,1 1,3 0,4 1,16 1,5 1,7 1,17 1,14 1,152 1,145 1,20 1,21 0,147 1,24 1,149 1,26 1,151 1,27 1,28 1,29 1,30 1,31 1,32 1,33 1,34 1,35 1,36 1,37 1,39 1,207 1,154 1,189 1,42 1,44 1,156 1,157 1,158 1,159 1,48 1,59 1,60 1,53 1,61 0,62 1,55 1,63 1,56 1,57 1,74 1,66 1,67 1,68 1,69 1,70 1,71 1,72 1,73 1,75 1,160 1,161 1,76 1,82 1,164 1,84 1,86 1,125 1,166 1,168 1,89 1,169 1,126 1,210 1,196 1,90 1,127 1,211 1,170 1,95 1,97 1,98 1,99 1,213 1,101 1,102 1,103 1,104 1,172 1,108 1,109 1,110 1,111 1,112 1,199 1,113 1,114 1,174 1,115 1,118 1,121 1,175 1,124 1,124 1,77 1,214 1,127 1,42 1,67 1,73 1,128 1,219 1,129 1,200 1,130 1,181 1,201 1,131 1,182 1,133 1,134 1,184 1,215 1,135 1,137 1,139 1,140 1,141 1,204 1,187 1
user_000182	143 1,15 1,1 1,2 1,3 1,16 1,5 1,12 1,6 1,8 1,152 1,18 1,19 1,20 1,21 1,148 1,24 1,150 1,26 1,151 1,18 1,19 1,21 1,22 1,188 1,23 1,24 1,149 1,151 1,27 1,152 1,145 1,20 1,147 1,188 1,148 1,24 1,149 1,26 1,27 1,28 1,29 1,30 1,31 1,32 1,33 1,34 1,35 1,36 1,37 1,38 1,205 1,155 1,41 1,42 1,43 1,44 1,157 1,158 1,46 1,38 1,40 1,155 1,189 1,42 1,44 1,156 1,157 1,45 1,47 1,49 1,59 1,51 1,52 1,54 1,62 1,55 1,63 1,56 1,57 1,59 1,51 1,52 1,60 1,53 1,61 1,54 1,62 1,55 1,57 1,64 1,74 1,65 1,66 1,68 1,69 1,70 1,71 1,73 1,75 1,64 1,65 1,66 1,67 1,68 1,69 1,71 1,72 1,73 1,75 1,64 1,65 1,66 1,67 1,68 1,70 1,71 1,72 1,73 1,75 1,160 1,162 1,163 1,80 1,208 1,165 1,84 1,86 1,191 1,168 1,89 1,194 1,214 1,169 1,126 1,196 1,127 1,92 1,93 1,95 1,96 1,99 1,213 1,103 1,105 1,106 1,172 1,198 1,173 1,111 1,112 1,113 1,114 1,116 1,117 1,118 1,119 1,121 1,176 1,122 1,123 1,124 1,124 1,81 1,87 1,214 1,126 1,127 1,94 1,92 1,207 1,42 1,59 1,56 1,219 1,129 1,200 1,130 1,217 1,182 1,133 1,184 1,135 1,137 1,138 1,140 1,186 1,142 1,203 1,216 1
user_000183	144 1,0 1,15 0,2 1,4 1,5 1,6 1,17 1,8 1,13 1,152 1,145 1,20 1,22 1,188 1,23 1,148 1,153 1,26 1,27 1,28 1,29 1,30 1,31 1,32 1,33 1,34 1,35 1,36 1,37 1,205 1,40 1,155 1,189 1,41 1,156 1,157 1,206 1,46 1,159 1,49 1,59 1,52 1,61 1,54 1,62 1,55 1,63 1,56 1,57 1,64 1,74 1,65 1,66 1,67 1,68 0,70 1,72 1,73 1,75 1,76 1,77 1,80 1,208 1,83 1,85 1,190 1,87 1,191 1,125 0,89 1,218 1,169 1,210 1,127 1,211 1,197 1,170 1,212 1,95 1,96 1,98 1,99 1,100 1,213 1,101 1,102 1,103 1,104 1,105 1,198 1,173 1,109 1,110 1,199 1,114 1,174 1,119 1,120 1,121 1,177 1,123 1,124 1,77 1,81 1,83 1,126 1,42 1,59 1,52 1,56 1,67 1,128 1,179 1,129 1,200 1,130 1,217 0,181 1,201 1,133 1,134 1,215 1,135 1,137 1,186 1,141 1,142 1,203 1,204 1
user_000184	10 0,143 1,0 1,15 1,2 1,16 1,6 1,7 1,8 1,14 1,145 1,19 1,20 1,21 1,147 1,23 1,148 1,153 1,149 1,150 1,28 1,29 1,30 1,31 1,32 1,33 1,34 1,35 1,36 1,37 1,38 1,39 1,205 1,155 1,189 1,43 1,156 1,158 1,46 1,47 1,48 1,58 1,49 1,50 1,60 1,53 1,61 1,54 1,63 1,57 1,64 1,66 1,67 1,68 1,69 1,70 0,71 1,72 1,73 1,75 1,64 1,74 1,66 1,67 1,69 1,70 1,71 1,72 1,73 1,75 1,76 1,77 1,163 1,82 1,164 1,208 1,165 1,83 1,86 1,192 1,218 1,169 1,195 1,210 1,196 1,90 1,127 1,91 1,211 1,92 1,96 0,100 1,102 1,103 1,104 1,105 1,106 0,172 1,107 1,108 1,112 1,199 1,113 1,174 1,115 1,116 1,118 1,119 1,176 1,122 1,124 1,124 1,81 1,83 1,127 1,207 1,59 1,56 0,67 1,128 1,129 1,180 1,130 1,217 0,181 1,201 1,183 1,132 1,134 1,184 1,215 1,136 1,137 1,139 1,140 1,186 1,142 1,203 1,216 1,187 1
user_000185	10 1,143 1,0 1,15 1,3 1,16 1,5 1,6 1,7 1,9 1,143 1,0 1,11 1,15 1,2 1,16 1,12 1,6 1,13 1,14 1,10 1,143 1,15 1,2 1,3 1,16 1,5 1,17 1,8 1,9 1,18 1,146 1,19 1,147 1,188 1,153 1,149 1,150 1,25 1,26 1,152 1,19 1,20 1,22 1,188 1,24 1,153 1,150 1,25 1,151 1,145 1,20 1,21 1,22 1,188 1,148 1,24 1,149 1,150 1,25 1,28 1,29 1,30 1,31 1,32 1,33 1,34 1,35 1,36 1,37 1,28 1,29 1,30 1,31 1,32 1,33 1,34 1,35 1,36 1,37 1,28 1,29 1,30 1,31 1,32 1,33 1,34 1,35 1,36 1,37 1,39 1,207 1,205 1,40 1,41 1,43 1,157 1,206 1,45 1,158 1,39 1,207 1,205 1,154 1,155 1,44 1,157 1,206 1,46 1,47 1,38 1,205 1,189 1,41 1,42 1,44 1,156 1,45 1,158 1,159 1,48 1,58 1,50 1,51 1,52 1,53 1,61 1,54 1,62 1,57 1,48 1,49 1,59 1,50 1,51 1,60 1,61 1,54 1,63 1,56 1,58 1,59 1,50 1,52 1,60 1,53 1,54 1,62 1,63 1,56 1,64 1,65 1,66 1,67 1,68 1,70 1,71 1,72 1,73 1,75 1,64 1,74 1,65 1,67 1,68 1,69 1,70 1,72 1,73 1,75 1,74 1,65 1,66 1,68 1,69 1,70 1,71 1,72 1,73 1,75 1,160 1,78 1,79 1,163 1,80 1,164 1,208 1,84 1,85 1,87 1,166 1,167 1,89 1,218 1,193 1,126 1,196 1,211 1,197 1,94 1,98 1,99 1,100 1,213 1,101 1,102 1,103 1,172 1,198 1,108 1,109 1,112 1,113 1,115 1,117 1,119 1,120 1,121 1,123 1,178 1,124 1,124 1,77 1,87 1,125 1,127 1,94 1,92 1,42 1,59 1,52 1,56 1,219 1,179 1,130 1,181 1,182 1,183 1,133 1,134 1,184 1,135 1,136 1,185 1,140 1,186 1,202 1,142 1,216 1,204 1
user_000186	143 1,144 1,0 1,1 1,2 1,5 0,6 1,8 0,13 1,9 1,10 1,143 1,15 1,1 1,3 1,5 0,6 1,7 1,17 1,9 1,10 0,0 1,1 1,3 1,4 1,5 0,12 1,6 1,17 1,8 0,152 0,145 1,21 0,147 1,22 1,23 0,24 1,153 1,149 1,151 1,152 1,145 0,18 1,147 1,188 1,23 1,148 1,25 1,26 1,151 1,145 1,146 1,20 1,22 1,188 1,24 1,153 1,149 1,26 1,27 1,28 1,29 1,30 1,31 1,32 0,33 1,34 1,35 1,36 1,37 1,28 1,29 1,30 1,31 1,32 1,33 1,34 1,35 1,36 1,37 1,39 1,154 1,40 1,189 1,42 1,43 1,44 1,156 1,157 1,206 1,48 1,58 1,50 1,51 1,52 1,60 1,53 1,61 1,54 1,63 1,64 1,74 1,65 1,66 1,67 1,68 1,69 1,71 1,73 1,75 1,161 1,76 1,77 1,79 1,81 1,190 1,87 1,192 1,167 1,218 1,209 1,126 1,210 1,90 1,91 1,170 1,212 1,171 1,94 1,95 1,96 1,98 1,101 1,102 1,104 1,105 1,106 0,198 1,107 1,108 1,109 1,112 1,199 1,113 1,115 1,117 1,118 1,120 1,175 1,176 1,177 1,122 1,178 1,124 1,77 1,83 1,87 1,125 1,127 1,94 1,42 1,52 1,67 1,219 1,179 1,180 1,217 0,181 1,201 1,131 1,183 1,135 1,137 1,139 1,140 1,202 1,142 1,203 1,216 1,187 1
user_000187	10 1,143 1,144 1,0 1,15 1,5 1,7 1,17 1,9 1,14 1,152 1,18 1,21 1,22 1,188 1,24 1,153 1,25 1,26 1,151 1,145 0,146 1,21 1,147 0,188 1,23 1,148 1,24 1,149 1,27 1,28 1,29 1,30 1,31 1,32 1,33 0,34 1,35 1,36 1,37 1,28 1,29 1,30 1,31 1,32 1,33 1,34 1,35 1,36 1,37 1,38 1,39 1,207 1,154 1,41 1,43 1,156 1,45 1,158 1,159 1,58 1,59 1,50 1,51 1,52 1,53 1,61 1,54 1,62 1,63 1,64 1,65 1,66 1,67 1,68 1,69 1,71 1,72 1,73 1,75 1,161 1,162 1,79 1,82 1,208 0,85 1,190 1,87 1,191 1,168 1,89 1,218 1,194 1,209 1,195 1,210 1,211 1,197 1,92 1,171 1,98 1,99 1,102 1,103 1,105 1,106 0,172 1,108 1,111 1,112 1,199 1,114 1,174 1,117 1,118 1,119 1,121 1,175 1,176 1,177 1,124 1,124 1,77 1,87 1,126 1,92 1,207 1,42 1,59 1,52 1,73 1,128 0,179 1,180 1,181 1,131 1,182 1,134 1,184 1,215 1,135 1,185 1,137 1,138 1,139 1,202 1,142 1,203 1,216 1,204 1
user_000188	143 0,11 0,2 0,3 1,4 1,6 0,7 1,17 1,13 1,14 0,0 1,15 1,1 1,3 1,4 1,16 1,6 0,7 1,13 1,14 1,144 1,11 1,15 1,1 0,2 1,16 1,6 0,8 0,13 1,14 1,145 1,21 1,147 1,22 1,188 0,153 1,149 1,25 1,26 1,151 0,145 1,146 1,147 1,22 0,188 1,23 1,153 1,26 1,151 1,27 0,145 1,19 1,20 1,147 1,22 1,148 1,153 1,25 1,26 1,151 1,28 1,29 0,30 1,31 1,32 1,33 0,34 1,35 1,36 1,37 1,28 1,29 1,30 1,31 1,32 1,33 1,34 1,35 1,36 1,37 1,207 1,205 1,40 1,155 1,41 0,44 0,156 1,158 1,46 1,47 1,38 1,207 1,205 1,40 1,189 0,43 1,44 0,157 0,158 1,46 1,38 1,39 1,207 1,40 1,155 1,43 1,44 1,156 1,157 1,45 1,48 0,59 1,51 0,52 1,60 1,61 1,54 1,63 1,56 1,57 1,48 1,50 1,51 1,52 0,60 1,53 1,61 1,54 1,62 1,57 1,48 1,59 1,50 1,51 1,60 1,53 1,54 1,62 1,56 1,57 1,74 0,65 0,66 0,67 1,68 0,70 1,71 1,72 1,73 1,75 1,64 1,65 1,66 1,67 1,68 1,69 0,70 1,72 1,73 1,75 1,64 1,65 1,66 1,67 1,68 1,69 1,70 1,71 1,72 1,73 1,161 1,162 1,77 1,78 1,79 1,163 1,81 1,84 1,86 1,87 1,191 1,89 1,218 1,210 1,196 1,197 1,212 1,171 1,93 1,95 1,96 1,97 1,100 1,102 1,103 1,105 1,106 1,172 1,107 1,108 1,112 1,113 1,115 1,116 1,118 1,119 1,121 1,175 1,177 1,122 1,123 1,77 1,83 1,214 1,127 1,94 1,92 1,207 1,42 1,59 1,73 1,128 1,180 1,200 1,130 1,181 1,201 1,131 1,133 1,184 1,135 1,136 1,138 0,139 1,140 1,186 1,202 1,203 0,204 1,187 1
user_000189	10 1,144 1,0 1,2 0,4 1,16 1,12 1,7 1,17 1,9 0,143 1,11 1,15 1,1 1,4 1,16 1,5 1,7 1,17 1,8 1,152 0,146 1,19 1,147 1,22 1,148 1,24 1,153 1,150 1,151 1,18 0,20 1,147 1,22 1,188 1,23 1,24 1,149 1,25 1,26 1,152 1,145 1,20 1,21 0,22 1,153 1,149 1,150 1,25 1,26 1,28 1,29 1,30 0,31 1,32 1,33 1,34 0,35 1,36 1,37 1,28 1,29 1,30 1,31 1,32 1,33 1,34 1,35 1,36 1,37 1,207 1,154 1,40 1,189 1,42 1,43 1,157 1,206 1,158 1,47 1,58 1,49 1,59 1,50 1,51 1,60 1,61 1,54 1,55 1,63 1,64 1,74 0,65 1,66 1,68 1,69 1,70 1,71 1,72 1,75 1,64 1,74 1,65 1,68 1,69 1,70 1,71 1,72 1,73 1,75 1,161 1,76 1,79 1,82 1,83 1,85 1,87 1,125 1,166 1,168 1,218 1,193 1,194 1,210 1,90 1,91 1,197 1,170 1,171 1,94 1,96 0,97 1,98 1,99 1,101 1,104 1,105 1,107 1,108 1,109 1,112 1,199 1,113 1,114 0,115 1,116 1,117 1,121 1,175 1,177 1,122 0,123 1,178 1,124 1,77 1,81 1,87 1,125 1,126 1,127 1,207 1,42 1,73 1,219 1,129 1,130 1,217 1,181 1,131 1,133 1,134 1,184 1,185 1,139 1,140 1,186 1,202 1,141 1,203 1,187 1
user_000190	10 1,143 1,144 1,1 1,4 1,5 1,6 1,7 1,17 1,8 1,152 1,145 1,146 1,147 0,188 1,148 1,24 1,149 1,25 1,151 1,18 1,19 1,21 1,22 1,188 1,148 1,153 1,149 1,150 1,26 1,28 1,29 1,30 1,31 1,32 1,33 1,34 1,35 1,36 1,37 1,28 0,29 0,30 0,31 0,32 0,33 0,34 0,35 0,36 0,37 0,39 1,205 1,154 1,155 1,42 1,156 1,157 1,45 1,158 1,159 1,48 1,50 1,51 1,60 1,53 1,61 1,54 1,55 1,63 1,57 1,64 1,65 1,66 1,67 1,68 1,69 1,70 1,71 0,72 1,73 1,64 1,74 0,65 1,66 1,67 0,68 1,69 1,70 1,71 1,75 1,160 1,76 1,79 1,163 1,80 1,83 1,85 1,87 1,191 1,192 1,125 1,167 1,194 1,214 1,126 1,90 1,91 1,211 1,171 1,93 1,96 1,99 1,213 1,102 1,103 1,104 1,105 1,106 1,198 1,107 1,108 1,109 1,199 1,113 1,114 1,174 1,116 1,117 1,119 1,121 1,175 1,176 0,177 1,123 1,178 1,124 1,81 1,125 1,126 1,127 1,94 1,207 1,42 1,67 1,73 1,219 1,129 1,180 1,201 1,182 1,183 0,132 1,133 1,184 1,135 1,185 1,139 1,142 1,203 1,187 1
user_000191	10 1,0 1,1 1,3 1,4 1,5 1,12 1,13 1,9 1,14 1,145 1,18 1,19 1,147 0,188 1,23 1,148 1,25 1,151 1,27 1,18 1,146 1,19 1,147 1,22 1,23 1,148 1,24 1,151 1,27 1,28 1,29 1,30 1,31 0,32 1,33 1,34 1,35 1,36 1,37 1,28 1,29 1,30 1,31 1,32 1,33 1,34 1,35 1,36 1,37 1,39 1,207 1,154 1,155 1,189 1,44 1,156 1,157 1,45 1,159 1,48 1,58 1,59 1,50 1,53 1,61 1,62 1,63 1,56 1,57 1,64 1,74 1,65 1,66 1,67 0,68 1,69 1,71 1,72 1,73 1,64 1,74 1,65 1,67 1,68 0,70 1,71 1,72 1,73 1,75 1,64 1,74 1,65 1,66 1,67 1,68 1,69 1,70 1,71 1,75 1,161 1,79 1,163 1,82 1,84 1,86 1,190 1,87 1,125 0,89 1,218 1,193 1,209 1,169 1,126 1,91 1,211 1,93 1,94 1,95 1,99 1,102 1,103 1,104 1,105 1,106 1,172 1,198 1,107 1,173 1,108 1,110 1,111 1,112 1,199 1,113 1,114 1,174 1,117 1,120 1,176 1,177 1,122 1,123 1,178 1,124 1,77 0,81 1,214 1,127 1,92 1,207 1,42 1,52 1,179 1,180 1,200 0,130 1,131 1,182 1,183 1,184 1,135 1,136 1,185 1,137 1,138 1,203 1,216 1,187 1
user_000192	144 1,11 1,1 1,2 0,4 0,5 0,6 1,8 1,13 1,9 1,10 1,11 1,15 1,2 1,4 1,12 1,17 1,8 1,9 1,14 1,152 1,146 1,21 1,147 1,188 1,23 1,153 1,149 1,26 1,27 1,28 1,29 1,30 1,31 1,32 0,33 1,34 1,35 1,36 1,37 1,28 1,29 1,30 1,31 1,32 1,33 1,34 1,35 1,36 1,37 1,39 1,207 1,205 1,40 1,189 1,44 1,157 1,206 1,46 1,159 1,48 1,58 1,51 1,60 1,53 1,61 1,54 1,62 1,63 1,56 1,64 0,74 1,66 1,67 1,68 1,70 1,71 1,72 1,73 1,75 1,64 1,74 1,65 1,67 1,68 1,69 1,70 1,72 0,73 1,75 1,64 1,74 1,65 1,66 1,67 1,68 1,70 1,71 1,73 1,75 1,161 1,78 1,79 1,80 1,81 1,208 1,85 1,86 1,125 1,168 1,214 1,169 1,210 1,90 1,91 1,211 1,197 1,92 1,170 1,94 1,100 1,213 1,102 1,103 1,104 1,106 1,173 1,109 1,110 1,199 1,174 1,116 1,117 1,118 1,120 1,121 1,175 1,177 1,122 1,123 1,124 1,124 1,81 1,83 1,87 1,125 1,214 1,127 1,42 1,59 1,52 1,56 1,219 1,179 1,180 1,131 1,182 1,183 1,133 1,134 1,215 1,135 1,136 1,139 1,140 1,141 1,142 1,203 1,204 1,187 1
user_000193	10 0,0 1,11 0,15 1,2 0,16 0,5 0,12 1,6 1,9 0,0 1,15 1,1 1,2 0,4 1,16 1,12 1,6 1,9 0,14 1,10 1,144 1,2 1,3 1,4 1,5 0,12 1,6 1,8 1,13 1,152 1,18 1,19 1,22 1,188 1,24 1,149 1,150 1,25 1,151 1,152 1,145 1,20 1,21 1,147 1,153 1,150 1,25 1,26 1,27 1,145 1,146 1,20 1,21 1,22 1,23 1,148 1,153 1,26 1,151 1,28 0,29 0,30 1,31 1,32 1,33 0,34 1,35 0,36 1,37 1,28 1,29 1,30 1,31 1,32 1,33 1,34 1,35 1,36 1,37 1,38 1,40 1,155 1,189 1,42 1,44 1,45 1,46 1,159 1,47 1,205 1,40 1,189 1,41 1,42 1,43 1,44 1,206 1,45 1,47 1,38 1,39 1,154 1,40 1,42 1,156 1,157 1,206 1,45 1,46 1,58 1,50 1,51 1,60 1,61 1,54 1,55 1,63 1,56 1,57 1,48 1,59 1,50 1,52 1,60 1,53 1,54 1,55 1,63 1,56 1,48 1,58 1,59 1,50 1,51 1,60 1,53 1,61 1,56 1,57 1,64 1,74 1,66 1,67 1,68 1,69 1,70 1,71 1,72 1,73 1,64 1,74 1,65 1,66 1,67 1,68 1,69 1,70 1,72 1,73 1,64 1,74 1,65 1,66 1,67 1,68 1,70 1,71 1,72 1,75 1,160 1,161 1,76 1,77 1,79 1,165 1,85 1,86 1,191 1,88 1,192 1,167 1,168 1,89 1,209 1,169 1,195 1,127 1,197 1,212 1,97 1,102 1,103 1,104 1,105 1,106 1,172 1,107 1,108 1,109 1,111 1,199 1,113 1,115 1,116 1,117 1,120 1,121 1,175 1,177 1,123 1,178 1,124 1,77 1,81 1,87 1,214 1,127 1,94 1,59 1,52 1,128 1,219 1,200 1,217 1,181 1,182 1,183 1,132 1,133 1,134 1,136 1,185 1,137 1,138 1,139 1,186 1,202 1,203 1,216 1
user_000194	0 1,11 1,1 1,2 0,4 1,5 1,7 1,17 1,8 1,13 0,10 1,143 0,11 0,2 1,4 1,5 1,12 1,6 1,13 1,14 1,10 1,143 1,144 1,15 1,1 1,6 1,17 1,8 1,13 1,14 1,152 1,19 1,20 1,147 0,188 1,23 1,148 1,24 1,26 1,27 1,152 1,146 1,19 1,21 1,147 1,148 1,24 1,26 1,151 1,27 1,28 1,29 1,30 1,31 1,32 0,33 0,34 1,35 1,36 1,37 1,28 1,29 1,30 1,31 1,32 1,33 1,34 1,35 1,36 1,37 1,28 1,29 1,30 1,31 1,32 0,33 1,34 1,35 1,36 1,37 1,38 1,39 1,207 1,155 1,41 1,43 1,44 0,156 1,158 1,47 1,207 1,205 1,40 1,41 1,42 1,44 1,45 1,158 1,159 1,47 1,48 1,58 1,49 1,59 1,50 1,53 1,61 1,54 1,55 1,57 1,74 1,65 1,66 1,67 1,68 1,69 1,71 1,72 1,73 1,75 1,76 1,80 1,82 1,164 0,165 1,83 1,84 1,85 1,190 1,125 1,167 1,168 1,89 1,193 1,214 1,169 1,90 1,170 1,93 1,94 1,96 1,98 1,99 1,213 1,103 1,104 1,172 1,173 1,108 1,110 1,113 1,174 1,116 1,118 1,120 1,121 1,175 1,177 1,122 1,178 1,77 1,81 1,83 1,87 1,125 1,214 1,92 1,42 1,59 1,52 1,56 0,67 1,73 1,179 1,129 1,200 1,217 0,201 1,182 1,132 1,133 1,135 1,185 1,137 1,138 1,186 1,141 1,142 1,216 1,187 1
user_000195	144 1,11 1,15 1,2 1,4 0,6 1,7 1,17 1,8 0,13 1,143 1,144 1,11 1,15 1,3 1,5 1,6 1,8 1,13 1,9 1,152 1,145 1,19 1,22 0,188 0,23 0,24 1,153 1,150 0,25 1,146 1,19 1,20 0,147 0,22 1,23 1,148 1,153 1,149 1,25 1,28 1,29 1,30 1,31 1,32 1,33 1,34 1,35 1,36 1,37 1,38 1,39 1,207 1,155 1,41 1,43 1,44 1,157 1,159 1,47 1,48 1,58 1,49 1,59 1,51 1,60 1,62 1,55 1,63 1,56 1,58 1,49 1,50 1,51 1,60 1,53 1,55 1,63 1,56 1,57 1,49 1,59 1,50 1,53 1,61 1,54 1,62 1,55 1,63 1,56 1,64 1,74 1,65 1,66 1,67 1,68 1,69 1,71 1,72 1,75 1,64 1,74 1,65 1,66 1,67 1,68 1,69 1,70 1,71 1,73 1,64 1,74 1,65 1,66 1,68 1,69 1,70 1,72 1,73 1,75 1,76 1,79 1,163 1,82 1,84 1,86 1,190 1,87 1,88 1,192 1,89 1,214 1,209 1,169 1,196 1,90 1,91 1,171 1,94 1,95 1,97 1,99 1,100 1,213 1,103 1,104 1,106 1,172 1,198 1,107 1,173 1,108 1,109 1,110 1,111 1,112 1,199 1,113 1,114 1,174 1,116 1,118 1,175 1,178 1,124 1,81 1,83 1,87 1,125 1,127 1,207 1,42 1,59 1,52 1,56 1,128 1,179 1,200 1,130 1,201 1,131 1,133 1,134 1,135 1,137 1,138 1,140 1,141 1,204 1,187 1
user_000196	10 1,15 1,1 1,2 1,3 1,16 1,5 1,12 1,8 1,9 1,152 1,145 1,20 1,21 0,22 1,23 1,24 1,153 1,149 0,26 1,152 1,145 1,19 1,147 0,188 1,23 1,148 1,149 1,25 1,26 1,152 1,145 1,18 1,147 1,22 1,148 1,153 1,26 1,151 1,27 1,28 1,29 1,30 1,31 1,32 1,33 1,34 1,35 1,36 1,37 1,39 1,207 1,205 1,154 1,41 1,43 1,157 1,45 1,158 1,159 1,48 1,58 1,49 1,59 1,50 1,52 1,53 1,63 1,56 1,57 1,64 1,74 1,65 1,66 1,67 1,68 1,69 1,70 1,71 1,73 1,76 1,162 1,77 1,78 1,163 1,85 1,86 1,190 1,191 1,166 1,89 1,218 1,194 1,169 1,126 1,195 1,211 1,197 1,212 1,171 1,96 1,97 1,99 1,102 1,103 1,106 1,198 1,107 1,173 1,108 1,109 1,110 1,199 1,113 1,114 1,174 1,115 1,116 1,117 1,118 1,119 1,121 1,175 1,176 1,177 1,178 1,124 0,124 1,87 1,126 1,127 1,94 1,92 1,207 1,42 1,59 1,56 1,179 1,200 1,130 1,217 0,131 1,183 1,215 1,136 1,185 1,139 1,186 1,203 1,187 1
user_000197	144 1,0 1,11 0,1 1,3 1,6 1,17 1,8 1,13 1,9 1,144 1,0 1,11 1,1 1,4 1,16 1,5 1,12 1,13 1,9 1,152 1,146 1,19 1,20 1,21 1,148 1,153 1,150 1,26 1,27 1,28 1,29 1,30 1,31 1,32 1,33 1,34 1,35 1,36 1,37 1,38 1,207 1,205 1,154 1,40 1,156 1,158 1,46 1,159 1,47 1,48 1,50 1,52 1,60 1,53 1,61 1,62 1,63 1,56 1,57 1,64 1,65 1,66 1,67 1,68 1,69 1,70 1,72 1,73 1,75 1,160 1,76 1,77 1,79 1,163 1,80 1,83 1,84 1,190 1,87 1,89 1,218 1,194 1,209 1,126 1,195 1,210 1,127 1,92 1,93 1,96 0,97 1,99 1,102 1,104 1,105 1,172 1,107 1,173 1,108 1,109 1,111 1,113 1,114 1,115 1,120 1,121 1,175 1,176 1,122 1,178 1,124 1,124 1,77 1,87 1,125 0,126 1,127 1,92 1,207 1,59 1,52 1,67 1,73 1,128 1,219 1,200 1,201 1,132 1,133 1,134 1,184 1,215 1,136 1,185 1,138 1,139 1,186 1,141 1,142 1
user_000198	143 1,11 1,15 1,3 0,4 0,16 1,12 1,6 1,17 1,8 1,10 1,143 1,144 1,1 1,4 1,16 1,5 1,12 1,13 1,14 1,18 1,19 1,20 1,22 1,188 1,23 1,148 1,24 1,153 1,26 1,28 1,29 1,30 1,31 1,32 1,33 1,34 1,35 1,36 1,37 1,38 1,39 1,207 1,40 1,189 1,43 1,156 1,206 1,45 1,158 1,48 1,58 1,49 1,60 1,53 1,61 1,55 1,63 1,56 1,57 1,74 1,65 1,66 1,68 1,69 1,70 1,71 1,72 1,73 0,75 1,64 1,74 1,65 1,66 1,67 0,68 1,69 1,70 1,72 1,75 1,64 1,65 1,66 1,67 0,68 1,69 1,71 1,72 1,73 1,75 1,161 1,78 1,81 1,164 1,208 1,165 1,83 1,85 1,190 1,89 1,218 1,193 1,194 1,209 1,196 1,91 0,197 1,92 1,170 1,212 1,96 1,97 1,213 1,102 1,103 1,106 1,172 1,173 1,108 1,109 1,110 1,111 1,112 1,113 1,174 1,116 1,120 1,175 1,176 1,122 1,123 1,178 1,124 1,81 1,87 1,125 1,214 1,127 1,94 1,92 1,42 1,56 1,67 1,73 1,180 1,200 1,130 1,217 0,132 1,133 1,184 1,215 1,137 1,138 1,139 1,202 1,141 1,142 1,204 1,187 1
user_000199	10 1,143 1,144 0,11 1,2 1,16 1,6 1,8 1,13 1,14 1,10 1,0 1,11 1,1 1,3 1,16 1,12 1,17 1,8 1,9 1,18 0,146 1,19 1,22 0,188 1,24 1,25 1,26 1,151 1,27 1,152 1,18 1,20 1,21 1,188 1,148 1,24 1,153 1,26 1,27 1,28 1,29 1,30 1,31 1,32 1,33 1,34 1,35 0,36 1,37 1,28 1,29 1,30 1,31 1,32 1,33 1,34 1,35 1,36 1,37 1,38 1,207 1,40 1,41 1,42 1,44 1,156 1,157 1,206 1,47 1,58 1,49 1,59 1,51 1,53 1,62 1,55 1,63 1,56 1,57 1,64 1,65 1,66 0,67 1,69 1,70 1,71 1,72 1,73 0,75 1,64 0,74 1,65 1,67 1,68 1,69 1,70 1,72 1,73 1,75 1,64 1,74 1,66 1,67 1,68 1,69 1,70 1,71 1,72 1,73 1,163 1,80 1,81 1,208 1,83 1,86 1,87 1,191 1,88 0,167 1,218 1,214 1,169 1,126 1,210 1,211 1,197 1,92 1,93 1,94 1,96 1,97 1,98 1,213 1,101 1,103 1,105 1,106 1,172 1,198 1,173 1,108 1,110 0,112 1,199 1,115 1,116 1,117 1,120 1,121 1,81 1,83 1,87 1,125 1,214 1,127 1,94 1,92 1,42 1,59 1,67 1,73 1,179 1,129 1,130 1,217 0,181 1,132 1,133 1,134 1,184 1,215 1,136 1,139 1,140 1,186 1,141 1,216 1,204 1,187 1
user_000200	143 1,15 1,1 1,2 1,3 0,16 1,5 1,12 1,13 0,9 1,143 1,144 1,0 1,11 1,3 1,12 1,6 1,17 0,8 1,9 1,143 1,144 1,0 1,11 1,4 0,5 1,12 1,7 1,17 1,14 1,18 1,19 1,20 1,22 1,188 1,24 1,150 0,25 1,26 1,151 0,145 1,18 0,20 1,21 1,188 1,148 1,24 1,153 1,150 1,151 1,18 1,146 1,19 1,147 0,22 1,23 1,24 1,153 1,26 1,151 1,28 0,29 1,30 1,31 1,32 0,33 0,34 1,35 1,36 1,37 1,28 1,29 1,30 1,31 1,32 0,33 1,34 1,35 1,36 1,37 1,28 1,29 1,30 1,31 1,32 1,33 1,34 1,35 1,36 1,37 1,38 1,39 1,207 1,41 1,42 1,43 1,44 1,206 1,46 0,47 1,40 1,155 1,189 1,41 1,42 1,43 1,44 1,156 1,158 1,47 1,48 1,58 1,50 1,52 1,61 1,54 1,62 1,55 1,63 1,57 1,64 0,74 0,65 1,66 0,67 0,68 1,69 0,70 1,71 1,75 1,64 1,74 1,66 1,67 1,68 1,69 1,70 1,71 1,72 1,73 0,64 0,74 1,65 1,66 1,67 1,69 1,70 1,71 1,73 1,75 1,77 1,78 1,163 1,82 1,164 0,208 1,86 1,190 1,87 1,191 1,88 1,167 1,193 1,194 1,214 1,126 1,90 1,197 1,212 1,93 1,97 1,98 1,100 1,213 1,101 1,102 1,106 1,198 1,107 1,173 1,112 1,199 1,114 1,174 1,115 1,116 1,118 1,121 1,175 1,178 1,124 1,77 1,81 1,126 1,127 1,92 1,59 1,52 1,67 1,73 1,219 1,179 1,200 1,130 1,201 0,182 1,132 1,134 1,184 1,136 1,139 1,140 1,186 1,202 1,141 1,142 1,203 1,216 1,204 1,187 1
user_000201	10 1,144 0,0 0,11 0,4 0,5 0,7 1,17 1,8 1,9 1,143 0,0 1,11 0,2 1,3 1,5 0,6 1,17 1,9 1,14 1,10 1,144 0,11 1,2 1,3 1,16 1,12 1,6 1,7 1,17 1,145 1,146 1,20 0,147 1,22 1,153 1,150 1,25 1,26 1,27 1,28 1,29 0,30 1,31 1,32 0,33 0,34 1,35 1,36 1,37 1,28 1,29 1,30 1,31 1,32 1,33 1,34 1,35 1,36 1,37 1,39 1,207 1,40 1,155 1,189 1,44 1,157 1,158 1,46 1,47 1,48 1,50 1,60 1,61 1,54 1,62 1,55 1,63 1,56 1,57 1,74 1,65 1,66 0,67 1,68 1,69 1,70 1,71 1,72 1,73 1,64 1,74 1,66 1,67 1,68 1,69 1,71 1,72 1,73 1,75 1,160 1,78 1,81 1,165 1,86 1,190 1,191 1,88 1,192 1,125 1,166 1,168 1,89 1,218 1,193 1,126 1,90 1,127 1,212 1,171 1,96 1,97 1,98 1,100 1,101 1,102 1,103 1,104 1,106 1,172 1,198 1,107 1,108 1,109 1,110 0,112 1,199 1,114 0,174 1,116 1,118 1,119 0,120 0,121 1,123 1,178 1,124 1,81 1,125 1,126 1,127 1,207 1,67 1,179 1,129 1,180 1,200 1,130 1,181 1,131 1,132 1,134 1,215 1,136 1,138 1,202 1,203 1,216 1,204 1,187 1
user_000202	11 1,15 1,2 1,3 1,4 0,6 1,7 1,17 1,8 1,13 1,10 1,143 1,144 1,0 1,15 1,12 1,6 1,17 1,13 1,14 0,143 1,144 1,11 1,1 0,3 1,5 1,6 1,17 1,13 1,14 1,152 1,18 1,146 1,21 1,188 1,148 1,153 1,149 1,25 0,27 0,145 1,18 1,19 1,20 1,147 1,23 1,148 1,149 1,25 1,151 1,28 1,29 1,30 1,31 1,32 1,33 1,34 1,35 1,36 1,37 1,38 1,39 1,207 1,40 1,41 1,157 1,206 1,158 1,46 1,159 1,58 0,59 1,50 1,52 1,60 1,53 1,62 1,55 1,56 1,57 0,48 1,58 0,59 1,50 1,52 1,60 1,53 1,61 1,54 0,56 1,48 1,58 1,51 1,60 1,53 1,61 1,54 1,62 1,55 1,56 1,65 1,66 1,67 1,68 1,69 1,70 1,71 1,72 1,73 1,75 1,76 1,77 1,79 1,81 1,83 1,86 1,192 1,125 0,167 1,218 1,193 1,194 1,209 1,126 1,196 1,90 1,91 1,212 1,171 1,95 1,96 1,97 1,98 1,99 1,102 1,104 1,105 1,106 0,198 1,107 1,173 1,108 1,109 1,112 0,174 1,115 1,117 1,118 1,121 1,175 1,176 1,177 1,178 1,124 1,77 1,87 1,214 1,127 1,207 1,59 1,67 1,73 1,128 1,219 1,180 1,200 1,130 1,201 1,131 1,183 1,133 1,134 1,215 1,135 1,139 1,140 1,141 1,216 1,204 1,187 1
user_000203	10 1,15 1,2 1,3 1,4 1,12 1,6 1,7 1,17 1,8 1,28 1,29 1,30 1,31 1,32 1,33 1,34 1,35 1,36 1,37 1,38 0,39 1,207 1,205 1,41 0,44 1,158 1,46 1,159 1,47 1,38 1,39 1,207 1,189 1,41 1,43 1,44 1,206 1,158 1,159 1,48 1,58 1,49 1,51 1,53 1,54 1,62 1,63 1,56 1,57 1,74 1,66 1,67 1,68 1,69 1,70 1,71 1,72 1,73 1,75 1,161 1,162 1,79 1,163 1,82 1,208 1,165 1,192 1,218 1,209 1,126 1,195 1,210 1,90 1,127 1,211 1,92 1,212 1,93 1,95 1,96 1,98 1,99 1,213 1,103 1,104 1,106 1,172 1,107 1,173 1,110 1,112 1,199 1,114 1,174 1,116 1,118 1,120 1,121 1,175 1,177 1,122 1,123 1,178 1,125 1,127 1,94 1,92 1,207 1,59 1,56 1,67 1,73 1,219 1,129 1,180 1,200 1,181 1,131 1,183 1,132 1,133 1,184 1,135 1,137 1,138 1,202 1,141 1,203 1,204 1
user_000204	10 1,11 0,15 1,1 1,4 1,16 1,6 1,7 1,8 1,9 0,143 1,144 1,11 1,3 1,4 1,12 1,17 1,8 1,13 1,9 1,152 1,146 1,19 1,20 1,22 1,24 1,149 1,26 1,151 1,27 1,28 1,29 1,30 1,31 0,32 1,33 1,34 1,35 0,36 1,37 1,28 1,29 1,30 0,31 1,32 1,33 1,34 1,35 1,36 1,37 1,28 1,29 1,30 1,31 1,32 1,33 1,34 1,35 1,36 1,37 1,154 1,40 1,155 0,189 1,41 1,43 1,156 1,206 1,45 1,159 1,59 1,50 1,52 1,61 1,54 1,62 1,55 1,63 1,56 1,57 1,64 1,74 1,65 0,66 1,67 1,68 0,70 1,72 1,73 1,75 1,64 0,74 1,65 0,66 0,67 1,68 1,69 0,70 1,72 1,73 0,64 1,65 1,66 1,67 1,68 1,69 1,70 1,72 1,73 1,75 1,162 1,163 1,80 1,81 1,82 1,208 1,83 1,86 1,192 1,125 1,166 1,194 0,209 1,126 1,196 1,127 1,197 1,92 1,212 1,93 1,96 1,98 1,101 1,104 1,172 1,198 1,107 1,108 1,109 1,110 1,111 1,112 1,199 1,113 1,114 1,115 1,116 1,117 1,120 1,121 1,175 1,176 1,122 1,123 1,124 1,83 1,125 1,127 1,92 1,207 1,59 1,56 1,67 1,73 1,128 1,129 1,217 1,201 1,131 1,182 1,133 1,134 1,215 1,136 1,140 1,202 1,142 1,216 1,204 1,187 1
user_000205	143 1,144 1,0 1,1 0,2 0,16 1,12 1,17 0,13 1,14 0,10 1,11 1,15 1,1 1,2 0,16 1,5 1,17 1,8 1,9 1,10 1,144 1,11 0,1 1,4 1,5 1,6 1,7 1,8 1,9 1,19 1,20 1,21 1,147 1,188 1,148 1,153 1,149 1,25 1,27 1,28 1,29 1,30 1,31 1,32 1,33 1,34 1,35 1,36 1,37 1,38 1,207 1,40 1,189 0,42 1,156 1,45 1,158 1,159 1,47 1,38 1,207 1,205 1,40 1,41 1,156 1,206 1,45 1,158 1,46 1,48 1,58 1,49 1,51 1,52 1,60 1,54 1,62 1,56 1,57 1,65 1,66 1,67 1,68 1,69 1,70 1,71 1,72 1,73 1,75 1,162 1,81 1,82 1,164 1,165 1,84 1,85 1,191 1,88 1,167 1,168 1,89 1,193 1,209 0,169 1,91 1,197 1,170 1,171 1,93 1,96 1,99 1,100 1,213 1,101 1,103 1,105 1,106 1,198 1,173 1,109 1,110 1,112 1,199 1,114 1,174 1,116 1,117 1,120 1,121 1,176 1,178 1,124 1,77 1,87 1,125 1,214 1,127 1,94 1,56 1,67 1,73 1,128 1,219 1,182 1,183 1,132 1,133 1,134 1,215 1,185 1,137 1,138 1,139 1,140 1,186 1,202 1,141 1,216 1,204 1
user_000206	144 1,11 1,15 1,1 1,3 1,12 1,6 1,7 1,13 1,9 1,152 1,146 1,19 1,22 1,188 1,24 1,150 1,25 1,151 1,27 1,28 1,29 1,30 1,31 1,32 1,33 1,34 1,35 1,36 1,37 1,38 1,207 1,205 1,41 1,42 1,43 1,156 1,157 1,158 1,46 1,48 1,58 1,49 1,50 1,52 1,53 1,54 1,62 1,55 1,57 1,64 1,74 1,66 1,67 1,68 1,69 1,70 1,71 1,72 1,73 1,162 1,163 1,81 1,208 1,165 1,84 1,86 1,190 1,191 1,192 1,166 1,168 1,218 1,194 1,209 1,169 1,210 1,91 1,211 1,212 1,96 1,97 1,99 1,100 1,213 1,102 1,103 1,105 1,198 1,173 0,108 0,109 1,110 0,113 1,114 1,174 1,115 1,116 1,118 1,175 1,176 1,177 1,123 1,178 1,124 0,124 1,77 1,81 1,83 1,127 1,207 1,42 1,59 1,73 1,128 1,200 1,130 1,182 1,183 1,134 0,184 1,215 1,135 1,137 1,140 1,202 1,142 1,203 1,216 1,187 1
user_000207	10 1,0 1,15 1,2 1,3 1,16 1,12 1,17 1,8 1,14 1,152 1,18 1,146 1,20 1,147 1,23 1,24 1,153 1,150 1,26 1,28 1,29 1,30 1,31 1,32 1,33 1,34 1,35 1,36 1,37 1,207 1,205 1,154 1,189 1,41 0,156 1,157 1,206 1,45 1,46 1,205 0,40 1,155 1,189 1,41 1,157 1,206 1,45 0,46 1,47 1,48 1,58 1,50 1,51 1,61 1,54 1,62 1,55 1,56 1,57 1,64 0,74 1,65 1,66 1,67 1,68 1,69 1,70 1,73 1,75 1,161 1,162 1,163 1,80 1,82 1,165 1,85 1,87 1,192 1,125 1,166 1,167 1,168 1,209 1,210 1,211 1,197 1,92 1,93 1,94 1,96 1,97 1,102 1,104 1,172 1,198 1,108 1,109 1,110 1,111 1,112 1,199 1,113 1,115 1,118 1,121 1,175 1,176 1,177 1,122 1,178 1,124 1,81 1,83 1,87 1,125 1,126 1,94 1,92 1,207 1,42 1,59 1,56 1,128 1,219 1,179 1,129 1,180 1,130 1,181 1,182 1,132 1,133 1,184 1,135 1,185 1,138 1,139 1,204 1,187 1
user_000208	10 1,143 0,11 1,15 1,1 0,5 1,12 1,6 1,7 1,8 1,145 1,19 1,20 1,21 1,22 1,153 1,149 1,150 1,26 1,151 1,28 1,29 1,30 1,31 1,32 1,33 0,34 1,35 1,36 1,37 0,28 1,29 1,30 1,31 1,32 1,33 1,34 1,35 1,36 1,37 1,38 1,207 1,154 1,155 1,41 1,44 1,156 1,206 1,45 1,47 1,48 1,58 1,49 1,59 1,60 1,61 1,62 1,55 1,63 1,57 1,74 1,65 1,66 1,67 1,68 1,69 1,70 1,71 1,72 1,75 1,76 1,77 1,163 1,81 1,82 1,165 1,83 1,190 1,87 1,166 1,167 1,168 1,210 1,90 1,91 1,211 1,170 1,171 1,94 1,95 1,96 1,99 1,100 1,213 1,101 1,102 1,103 1,105 1,106 1,172 1,198 1,173 1,109 1,110 1,199 1,114 1,115 1,116 1,117 1,175 1,176 1,123 1,124 1,77 1,81 1,83 1,87 1,125 1,126 1,94 1,42 1,52 1,73 1,219 1,179 1,200 1,130 1,217 1,201 1,183 1,135 1,136 1,185 1,137 1,186 1,202 1,203 1,216 1,204 1,187 1
user_000209	0 1,11 1,15 1,2 0,3 1,16 1,5 1,12 1,8 0,14 1,144 1,0 1,15 1,2 1,3 1,5 1,6 1,7 1,9 0,14 1,10 1,144 1,0 1,11 1,1 1,12 1,6 1,7 1,17 1,14 1,145 1,18 1,146 1,20 1,147 1,23 1,24 1,149 1,25 1,26 1,28 1,29 1,30 1,31 1,32 1,33 1,34 1,35 1,36 1,37 1,28 0,29 0,30 0,31 0,32 0,33 0,34 0,35 0,36 0,37 0,38 1,39 1,205 1,40 1,155 1,43 1,44 1,46 1,159 1,47 1,48 1,58 0,49 1,50 1,51 1,61 1,62 1,55 1,63 1,57 1,48 1,50 1,51 1,52 1,60 1,53 1,54 1,62 1,55 1,63 1,64 0,74 0,65 1,68 1,69 1,70 1,71 1,72 1,73 1,75 1,64 1,74 1,65 1,66 1,67 0,68 1,69 1,70 1,72 1,73 1,74 1,65 1,66 1,67 1,68 1,69 1,70 1,71 1,73 1,75 1,161 1,76 1,162 1,77 1,163 1,80 1,82 1,208 1,86 1,190 1,87 1,192 1,168 1,214 1,209 1,195 1,210 1,196 1,170 1,95 0,96 1,97 1,99 1,100 1,213 1,102 1,103 1,104 1,198 1,107 1,173 1,108 1,110 1,111 1,113 1,114 1,117 1,119 1,122 1,123 1,124 1,77 0,81 0,83 1,214 1,127 1,207 1,52 1,56 1,67 1,219 1,179 1,129 1,130 1,217 1,181 1,182 1,132 1,133 1,184 1,136 1,185 1,137 1,138 1,139 1,140 1,202 1,142 1,216 1,187 1
user_000210	0 1,11 1,1 1,3 0,4 1,16 1,5 1,17 1,8 1,13 1,144 1,11 1,15 1,3 1,4 1,5 1,12 1,6 1,17 1,8 1,152 1,20 1,147 1,22 0,188 1,23 1,149 1,150 1,26 1,27 1,18 1,146 1,19 1,147 1,22 1,23 1,153 1,149 1,25 1,26 1,28 1,29 1,30 1,31 0,32 0,33 0,34 1,35 0,36 1,37 1,28 1,29 1,30 1,31 1,32 1,33 1,34 1,35 1,36 1,37 1,38 1,205 1,40 1,41 0,42 0,43 1,156 1,45 1,159 1,47 1,39 1,207 0,205 1,155 1,189 0,43 1,206 0,45 1,159 1,47 1,207 1,154 1,40 1,189 1,42 1,43 1,157 1,46 1,159 1,47 1,48 1,58 1,59 1,50 1,51 1,52 1,53 1,54 1,62 1,56 1,64 1,74 1,65 0,66 1,69 1,70 0,71 1,72 1,73 1,75 1,64 1,74 1,66 1,67 1,68 1,69 1,70 1,72 1,73 1,75 1,160 1,161 1,162 1,78 1,79 1,163 1,81 1,164 1,166 1,167 1,89 1,218 1,214 1,195 1,90 1,91 1,211 0,197 1,171 0,93 1,96 1,98 1,99 1,213 1,101 1,102 1,104 1,105 1,198 1,173 1,108 1,109 1,110 1,199 1,114 1,174 1,116 1,117 1,118 1,119 1,121 1,175 1,176 1,124 1,124 1,87 1,125 1,214 1,127 1,59 1,52 1,56 1,67 1,179 1,180 1,217 1,131 1,182 1,134 1,184 1,215 1,137 1,138 1,140 1,186 1,202 1,142 1,203 1,204 1,187 1
user_000211	10 1,11 1,15 1,1 1,4 1,16 1,6 1,7 1,8 1,9 1,145 1,18 1,21 1,22 1,188 1,24 1,153 1,150 1,25 1,27 1,28 1,29 1,30 1,31 1,32 1,33 1,34 1,35 1,36 1,37 1,207 1,40 1,155 1,189 1,42 0,43 1,44 1,157 1,206 1,159 1,207 1,205 1,154 1,40 1,155 1,156 1,157 1,206 1,159 1,47 1,48 1,49 1,51 1,52 1,60 1,53 1,54 1,62 1,55 1,57 1,64 1,74 1,65 1,66 1,67 1,69 1,70 1,71 1,72 1,75 1,160 1,161 1,76 1,78 1,79 1,80 1,81 1,85 1,86 1,191 1,88 1,167 1,209 1,169 1,196 1,90 1,91 1,93 1,94 1,95 1,96 1,98 1,213 1,102 1,103 1,104 1,105 1,106 1,198 1,107 1,112 1,113 1,116 1,117 1,119 1,120 1,121 1,175 1,123 1,178 1,124 1,77 1,83 1,87 1,125 1,214 1,127 1,94 1,92 1,207 1,52 1,56 1,73 1,128 1,219 1,179 1,200 1,130 1,217 1,133 1,215 1,137 0,138 1,140 1,186 1,141 1,142 0,203 1,204 0,187 1
user_000212	10 1,143 1,144 1,0 1,2 1,5 1,17 1,13 0,9 1,14 0,0 1,15 0,2 1,3 1,4 0,5 1,6 1,17 1,8 0,14 1,143 1,11 0,15 1,1 1,2 1,16 1,5 1,17 1,13 1,14 1,145 0,146 1,20 1,147 1,188 1,148 1,24 1,153 1,25 1,27 1,18 0,146 1,19 1,147 1,188 1,149 1,150 1,26 1,151 0,27 1,145 1,18 0,146 1,20 1,21 1,23 1,148 1,153 1,149 1,150 1,28 0,29 0,30 0,31 1,32 1,33 1,34 1,35 0,36 1,37 1,28 1,29 1,30 1,31 0,32 1,33 1,34 1,35 1,36 1,37 1,28 1,29 1,30 1,31 1,32 1,33 1,34 1,35 1,36 1,37 1,207 1,205 1,40 1,189 1,42 1,156 1,157 1,158 1,46 1,47 1,59 0,50 1,52 1,60 1,53 1,61 1,54 1,55 0,56 1,57 1,48 1,58 0,49 1,50 1,51 1,52 1,53 1,62 1,55 1,63 0,48 1,49 1,51 1,52 1,60 1,53 1,61 1,62 1,55 1,57 1,64 1,74 1,65 1,67 1,69 1,70 1,71 1,72 0,73 1,75 1,64 1,65 1,66 1,67 1,68 1,69 1,71 1,72 1,73 1,75 1,160 1,76 1,78 1,163 1,165 1,85 1,86 1,190 1,88 1,192 1,166 1,168 1,89 1,218 1,193 1,214 1,90 1,211 1,92 1,171 1,97 1,98 1,99 1,101 1,102 1,103 1,104 1,105 1,106 1,172 1,198 1,108 1,109 1,111 1,112 1,114 1,116 1,117 1,118 1,120 1,121 1,122 1,123 1,178 1,124 1,77 1,81 1,83 1,87 0,127 1,94 1,92 1,56 1,179 1,180 1,200 1,131 1,182 1,183 0,132 1,134 1,215 1,136 1,185 1,138 1,139 1,186 1,202 1,141 1,187 1
user_000213	143 1,144 1,1 0,2 1,3 1,12 0,6 1,7 1,13 1,9 1,143 1,0 1,1 1,3 1,4 1,16 1,6 1,17 1,9 1,14 1,152 1,145 1,146 1,19 1,21 1,23 1,148 1,24 1,150 1,151 1,28 1,29 1,30 1,31 1,32 1,33 1,34 1,35 1,36 1,37 1,207 1,154 1,155 1,189 1,41 1,156 1,157 1,206 1,45 1,47 1,48 1,59 1,50 1,52 1,53 1,61 1,62 1,55 1,63 1,56 1,64 1,74 1,65 1,66 1,68 1,69 1,70 1,72 1,73 1,75 1,160 1,161 1,162 1,78 1,81 1,164 1,165 1,86 1,125 1,193 1,214 1,209 1,169 1,90 1,127 1,91 1,92 1,212 1,93 1,95 1,97 1,98 1,99 1,100 1,213 1,101 1,103 1,106 0,173 1,109 1,112 1,113 1,114 1,174 1,175 1,176 1,177 1,122 1,123 1,124 1,77 1,83 1,87 1,125 0,126 1,127 1,94 1,52 1,219 1,180 1,200 1,217 0,181 1,201 1,131 1,182 1,132 1,133 1,184 1,137 1,138 1,139 1,140 1,186 1,141 1,142 1,203 1,216 1,204 1,187 1
user_000214	143 1,15 1,2 1,3 1,4 1,16 1,6 1,7 1,13 1,9 1,146 1,19 0,20 1,21 1,22 1,23 1,24 1,149 1,151 1,27 1,146 1,19 1,20 1,147 0,188 1,24 1,153 1,149 1,25 1,26 1,145 1,19 1,147 1,22 1,188 1,24 1,153 1,149 1,150 1,151 1,28 1,29 1,30 1,31 1,32 1,33 0,34 1,35 1,36 1,37 1,28 1,29 1,30 1,31 1,32 0,33 1,34 1,35 1,36 1,37 1,28 1,29 1,30 1,31 1,32 1,33 1,34 1,35 1,36 1,37 1,39 1,154 1,155 1,189 1,42 1,43 1,44 1,156 1,157 0,47 1,38 1,207 1,154 1,189 1,42 1,43 1,44 1,156 1,206 1,47 1,58 1,51 1,52 1,60 1,53 1,61 1,55 1,63 1,56 1,57 0,48 1,58 1,59 1,50 1,51 1,52 1,60 1,55 1,63 1,56 1,64 1,74 1,65 1,66 1,67 1,68 1,69 1,72 1,73 1,75 1,161 1,77 1,79 1,163 1,80 1,82 1,164 1,86 1,88 1,192 1,167 1,194 1,209 1,169 1,210 1,211 1,212 1,171 1,94 1,95 1,97 1,98 1,99 1,213 1,101 1,102 1,103 1,104 1,172 1,198 1,173 1,109 1,110 1,199 1,113 1,174 1,116 1,118 1,119 1,120 1,121 1,176 0,122 1,123 1,178 1,124 1,77 1,83 1,214 1,126 1,92 1,207 0,42 1,59 1,67 1,73 1,129 1,180 1,130 1,217 0,201 1,131 1,182 1,133 1,139 1,140 1,186 1,141 1,203 1,204 1
user_000215	144 0,0 1,15 1,2 0,4 0,6 1,8 0,13 1,9 1,14 0,10 1,143 1,15 1,1 1,3 1,16 1,12 1,6 1,7 1,14 0,11 1,15 1,1 1,3 1,4 1,6 1,7 1,17 1,8 1,14 1,19 1,21 1,147 0,22 1,188 1,24 1,153 1,150 1,151 1,27 1,152 1,18 1,19 1,20 1,22 1,23 1,148 1,153 1,149 1,27 1,28 1,29 1,30 1,31 1,32 1,33 1,34 1,35 1,36 1,37 1,38 1,39 1,205 1,40 1,42 1,43 1,156 1,206 1,46 1,47 1,48 1,58 1,49 1,50 1,51 1,60 1,54 1,62 1,55 1,56 1,64 1,74 1,65 1,66 1,67 0,68 1,69 1,70 1,72 0,75 1,64 1,74 1,65 1,66 1,67 1,69 1,71 1,72 1,73 1,75 1,160 1,162 1,77 1,80 1,82 1,165 1,85 1,87 1,191 1,125 1,168 1,89 1,218 1,193 1,195 1,196 1,127 1,91 1,171 1,95 1,96 1,99 1,101 1,102 1,103 1,104 1,106 1,107 1,173 1,108 1,111 1,112 1,199 1,114 1,115 1,117 1,118 1,119 1,120 1,175 1,177 1,122 1,123 1,178 1,124 1,124 1,81 1,83 1,126 1,94 1,207 1,52 1,67 1,128 1,179 1,129 1,217 0,182 1,132 1,134 1,215 1,135 1,136 1,137 1,138 1,139 1,186 1,141 1,204 1,187 1
user_000216	10 1,143 1,144 1,2 1,3 1,16 1,7 1,8 1,13 1,14 1,152 1,146 1,19 1,147 1,188 1,23 1,148 1,25 1,26 1,27 1,28 1,29 1,30 1,31 1,32 0,33 1,34 1,35 1,36 1,37 1,28 1,29 1,30 1,31 1,32 1,33 1,34 1,35 1,36 1,37 1,207 1,154 1,40 1,41 1,42 1,43 1,44 1,157 1,158 1,46 1,48 1,58 0,49 1,59 1,51 1,52 1,60 1,61 1,63 0,57 1,58 1,49 1,51 1,52 1,60 1,53 1,61 1,54 1,56 1,57 1,64 0,74 1,65 1,67 1,68 1,69 1,70 1,71 1,72 1,73 1,64 1,74 1,65 1,66 0,68 1,69 1,70 1,72 1,73 1,75 1,64 1,74 1,65 1,66 1,67 1,68 1,69 1,72 1,73 1,75 1,160 1,161 1,162 1,78 1,82 1,83 1,84 1,86 1,87 1,88 1,192 1,125 1,166 1,168 1,218 1,194 1,209 1,195 1,197 1,95 1,96 0,97 1,98 1,100 1,213 1,102 1,104 1,106 1,198 1,107 1,173 1,108 1,109 1,199 1,113 0,114 0,174 1,115 1,116 1,117 1,119 1,175 1,124 1,77 1,83 1,125 1,126 1,94 0,52 1,56 1,67 1,73 1,128 1,219 1,179 1,129 0,180 1,130 1,181 1,133 1,184 1,136 1,185 1,137 1,138 1,139 1,202 1,141 1,204 1,187 1
user_000217	143 1,0 1,2 1,3 1,4 1,16 1,5 1,12 1,6 1,7 0,144 1,0 1,15 1,2 1,4 1,12 1,6 1,8 1,13 1,14 1,18 1,146 1,20 1,21 1,188 1,23 1,153 1,149 1,151 1,27 1,28 1,29 1,30 1,31 1,32 1,33 1,34 1,35 1,36 1,37 1,38 1,205 1,154 1,155 1,42 1,44 1,158 1,46 1,159 1,47 1,58 1,49 1,59 1,50 1,52 1,60 1,61 1,54 1,55 1,56 1,74 1,65 1,66 1,67 1,68 1,69 1,70 1,72 1,73 0,75 0,74 1,66 1,67 1,68 1,69 1,70 1,71 1,72 1,73 1,75 1,161 1,77 1,78 1,80 1,82 1,84 1,86 1,190 1,88 1,168 1,194 1,126 1,90 1,197 1,92 1,212 1,171 1,93 1,94 1,95 1,96 1,97 1,100 1,101 1,102 1,103 1,104 1,172 1,198 1,173 1,108 1,109 1,111 1,113 1,114 1,115 1,117 1,118 1,119 1,121 1,175 1,177 1,122 1,124 1,81 1,126 1,92 1,56 1,67 1,73 1,219 1,129 1,180 1,130 1,217 0,201 1,131 1,182 1,183 1,134 1,215 1,135 1,136 1,137 1,138 1,202 1,203 1,216 1,204 1,187 1
user_000218	10 1,144 1,15 1,1 1,2 0,5 1,12 1,6 1,7 0,13 1,144 1,0 1,15 1,2 1,3 1,16 1,12 1,7 1,8 1,13 1,146 1,19 1,21 1,22 1,188 1,24 1,153 1,149 1,26 1,27 1,28 1,29 1,30 1,31 0,32 1,33 1,34 1,35 1,36 1,37 1,28 1,29 1,30 1,31 1,32 1,33 1,34 1,35 1,36 1,37 1,39 1,205 1,154 1,155 1,189 0,44 1,206 1,45 0,158 1,47 0,38 1,39 1,40 1,155 1,42 0,44 1,206 1,158 1,159 1,47 1,38 1,39 1,205 1,40 1,155 1,44 1,157 1,45 1,158 1,47 1,48 1,49 1,59 1,50 1,51 0,53 1,61 1,55 1,63 1,57 1,48 1,49 1,50 1,53 1,61 1,54 1,62 1,63 1,56 1,57 1,74 1,65 1,66 1,67 1,68 1,69 1,70 1,72 1,73 1,75 1,160 1,77 1,78 1,81 1,208 1,165 1,84 1,86 1,192 1,125 1,167 1,168 1,218 1,194 1,209 1,169 1,196 1,212 1,171 1,93 1,96 1,97 1,100 1,213 1,101 1,102 1,103 1,105 1,198 1,107 1,108 1,110 1,113 1,114 1,116 1,117 1,120 1,121 1,175 1,176 1,177 1,122 1,77 1,87 1,125 1,126 1,94 1,207 1,59 1,52 1,73 1,128 1,129 1,180 1,200 1,181 0,201 1,131 1,182 1,133 1,184 1,215 1,135 1,136 1,185 1,137 1,186 1,203 1,216 1,204 1
user_000219	0 1,11 1,1 1,2 1,4 0,5 1,6 1,7 1,8 1,14 1,10 0,143 0,144 1,3 1,4 1,12 1,17 1,8 1,9 1,14 1,0 1,11 1,15 1,3 1,4 1,5 1,7 1,13 1,9 1,14 1,152 1,145 0,18 0,146 1,147 1,23 1,153 1,149 1,26 1,27 1,152 1,145 1,19 1,21 0,188 1,148 1,153 1,150 0,151 1,27 1,18 1,146 1,20 1,147 1,22 1,148 1,24 1,153 1,26 1,27 1,28 1,29 0,30 1,31 1,32 0,33 1,34 1,35 1,36 1,37 1,28 1,29 1,30 1,31 1,32 1,33 1,34 1,35 1,36 1,37 1,39 1,205 1,189 1,41 1,42 1,44 1,156 0,158 1,159 1,47 1,207 1,205 1,40 1,41 1,42 1,43 1,156 1,157 1,206 1,159 1,48 1,58 1,59 1,50 1,51 1,60 1,53 1,63 1,56 1,57 1,64 0,65 1,66 1,67 1,68 1,69 1,70 1,71 1,72 1,75 1,64 1,74 1,65 1,66 1,69 1,70 1,71 1,72 1,73 1,75 1,76 1,80 1,208 1,84 1,85 1,167 1,89 1,218 1,193 1,194 1,209 1,169 1,126 1,210 1,127 1,91 1,211 1,92 1,171 1,93 1,96 1,97 1,100 1,213 1,101 1,102 1,103 1,106 1,173 1,108 1,109 1,110 1,113 1,114 1,174 1,118 1,121 1,175 1,177 1,122 0,178 1,124 1,124 1,83 1,125 1,127 1,92 1,207 1,42 1,59 1,52 1,219 1,179 1,180 1,200 1,217 1,181 1,201 1,182 1,183 1,132 1,134 1,215 1,136 1,138 1,139 1,140 0,141 1,204 1,187 1
user_000220	10 1,143 1,15 0,1 1,4 1,12 1,6 1,7 1,9 1,14 1,144 1,0 1,1 1,2 1,3 1,16 1,12 1,6 1,7 1,17 1,10 1,11 0,1 1,3 1,4 1,16 1,5 1,12 1,17 1,8 0,18 1,146 1,20 0,147 0,22 1,23 1,148 1,24 1,150 1,25 1,152 1,18 0,146 1,19 1,20 1,23 1,148 1,153 1,150 1,27 1,152 0,146 1,19 1,20 1,147 1,24 1,149 1,150 1,25 1,27 1,28 1,29 1,30 1,31 1,32 0,33 0,34 1,35 1,36 1,37 1,28 1,29 1,30 1,31 1,32 1,33 1,34 1,35 1,36 1,37 1,38 1,39 1,207 1,155 1,42 1,43 1,156 1,158 1,46 1,47 1,58 0,49 1,51 1,52 1,61 1,54 1,62 1,55 1,63 1,57 1,48 1,49 1,50 1,51 1,53 1,61 1,55 1,63 1,56 1,57 1,64 1,74 1,65 1,66 1,67 1,68 1,69 1,70 1,71 1,75 1,76 1,162 1,77 1,78 1,79 1,80 1,81 1,164 1,208 1,166 1,167 1,168 1,194 1,214 1,169 1,196 1,90 1,197 1,170 1,95 1,96 1,99 1,213 1,101 1,102 1,104 1,105 1,172 1,173 1,110 1,111 1,199 1,113 1,114 1,174 1,115 1,118 1,119 1,120 1,121 1,176 1,177 1,122 1,123 1,178 1,83 1,214 1,127 1,207 1,59 1,128 1,219 1,179 1,129 1,180 1,130 1,217 1,201 1,182 1,183 1,132 1,133 1,184 1,215 1,136 1,185 1,202 1,142 1,204 1,187 1
user_000221	143 1,15 1,2 1,3 1,4 1,5 1,6 1,17 1,8 1,13 1,152 0,18 0,21 1,147 1,22 1,153 1,150 0,25 1,26 1,27 1,145 1,18 1,20 1,22 1,188 1,148 1,24 1,149 1,25 1,27 1,28 1,29 1,30 1,31 1,32 1,33 1,34 1,35 1,36 1,37 1,40 1,155 1,189 1,41 1,42 1,157 1,206 1,45 1,46 1,47 1,48 1,49 1,59 1,50 1,52 1,53 1,61 1,62 1,56 1,57 1,64 1,74 1,66 1,67 1,68 1,69 1,70 1,71 1,73 1,75 1,161 1,163 1,82 1,164 1,165 1,83 1,84 1,88 1,166 1,167 1,89 1,193 1,194 1,214 1,209 1,195 0,210 1,196 1,92 1,212 0,97 1,98 1,213 1,101 1,105 1,106 1,172 1,198 1,173 1,108 1,109 1,110 1,111 1,199 1,113 1,174 1,115 1,118 1,119 1,120 1,175 1,123 1,178 1,124 1,87 1,125 1,94 1,92 1,42 1,59 1,67 1,73 1,128 1,219 1,129 1,180 1,200 1,201 1,131 1,182 1,132 1,133 1,134 1,215 1,136 1,185 1,140 1,202 1,142 1,204 1
user_000222	10 1,143 0,15 1,1 1,4 1,16 1,5 0,12 1,13 1,9 1,144 1,0 1,11 1,1 1,4 1,12 1,6 1,7 1,17 1,14 1,152 1,145 1,146 1,19 0,147 1,148 1,24 1,153 1,149 1,26 1,152 1,145 1,146 1,19 1,22 1,23 1,148 1,24 1,151 1,27 1,28 1,29 1,30 1,31 1,32 1,33 1,34 1,35 1,36 1,37 1,38 1,39 1,205 1,154 1,42 1,43 1,157 1,206 1,46 1,47 1,48 1,58 1,59 1,50 1,51 1,53 1,62 1,55 1,63 1,56 1,74 1,65 1,66 1,67 1,68 1,69 1,70 1,72 1,73 1,75 1,160 1,76 1,79 1,163 1,82 1,164 1,165 1,88 1,125 1,166 1,167 1,218 1,193 1,210 1,90 1,91 1,197 1,92 1,171 1,94 1,99 1,100 1,105 1,106 1,107 1,173 1,108 1,109 1,111 1,199 1,113 1,114 1,174 0,116 1,117 1,118 1,119 1,120 1,121 1,175 1,176 1,177 1,122 0,123 1,178 1,124 1,81 1,214 1,126 1,127 1,59 1,73 1,219 1,129 1,180 1,130 1,217 0,201 1,131 1,182 1,183 1,132 1,215 1,135 1,136 1,185 1,140 1,141 1,204 1,187 1
user_000223	10 1,143 1,11 0,3 0,4 1,12 1,7 1,8 0,13 1,9 0,143 1,144 1,11 0,2 0,3 1,16 1,12 1,6 1,13 1,9 1,143 1,144 1,11 0,3 1,4 1,16 1,12 1,17 1,8 0,13 1,145 1,146 1,19 1,147 1,188 1,23 1,148 1,149 1,150 1,26 1,28 1,29 1,30 1,31 1,32 1,33 1,34 1,35 1,36 1,37 1,39 1,205 0,154 1,40 1,189 1,43 1,44 0,156 1,45 1,47 1,207 1,205 1,40 1,155 1,42 1,157 1,45 1,158 1,46 1,159 0,38 1,39 1,154 1,189 1,41 1,43 1,44 1,156 1,158 1,159 1,48 1,49 1,59 1,50 1,60 1,61 1,54 1,62 1,55 1,56 1,74 1,65 1,66 1,67 1,68 1,70 1,71 1,72 1,73 1,75 1,162 1,78 1,163 1,165 1,190 1,87 1,191 1,88 1,125 0,218 1,194 1,169 1,126 1,195 1,90 1,170 1,171 1,93 1,94 1,95 1,96 1,97 1,99 1,100 1,213 1,102 1,103 1,104 1,105 1,112 1,113 1,174 1,117 1,119 1,120 1,175 1,177 1,123 1,178 1,124 1,124 1,81 1,87 1,127 1,92 1,42 1,52 1,67 1,219 1,179 1,129 1,200 1,217 1,131 1,133 1,134 1,184 1,215 1,135 1,185 1,137 1,138 1,139 1,140 1,186 1,202 1,142 1,203 1,204 1,187 1
user_000224	10 1,143 1,0 1,1 1,3 1,5 0,12 1,13 0,9 1,14 1,145 1,18 1,146 1,19 1,147 1,23 1,148 1,149 1,25 1,27 1,28 1,29 1,30 1,31 1,32 0,33 1,34 1,35 1,36 1,37 1,38 1,39 1,154 1,155 1,42 1,43 1,157 1,206 1,158 1,47 1,48 1,59 1,50 1,60 1,53 1,61 1,54 1,62 1,63 1,57 1,64 1,74 1,65 1,66 1,67 1,68 1,71 1,72 1,73 1,75 1,76 1,162 1,80 1,84 1,85 1,86 1,87 1,88 1,168 1,89 1,193 1,214 1,126 1,196 1,127 1,91 1,170 1,212 1,171 1,93 1,96 1,97 1,99 1,100 1,102 1,105 1,107 1,109 1,110 1,112 1,199 1,113 1,174 1,115 1,117 1,119 1,120 1,121 1,176 1,177 1,122 1,123 1,178 1,124 1,77 1,83 1,125 1,214 1,92 1,207 1,67 1,73 1,219 1,180 1,200 1,130 1,183 0,132 1,133 1,215 1,135 1,136 1,185 1,138 1,139 1,140 1,186 1,202 0,142 1,216 1
user_000225	10 1,143 1,144 1,1 1,4 1,16 1,7 1,8 1,13 1,9 1,152 1,145 1,18 1,19 1,188 1,23 1,148 1,24 1,25 1,151 1,28 1,29 1,30 1,31 1,32 1,33 1,34 1,35 1,36 1,37 1,38 1,207 1,154 1,40 1,41 1,156 1,157 1,206 1,46 1,47 1,49 1,59 1,50 1,52 1,60 1,53 1,54 1,55 1,63 1,57 1,64 1,74 1,65 1,67 1,68 1,69 1,70 1,71 1,73 1,75 1,162 1,81 1,208 1,165 1,83 1,190 1,87 1,125 0,167 1,168 1,218 1,194 1,209 1,90 1,127 1,91 1,211 1,92 1,212 1,93 1,97 1,100 1,213 0,101 1,102 1,103 1,105 1,106 1,172 0,198 1,107 1,173 1,109 1,110 0,111 1,199 1,116 1,118 1,119 1,120 1,121 1,175 1,176 1,122 1,178 1,124 1,124 1,81 1,83 1,214 1,127 1,42 1,56 1,67 1,128 1,129 1,200 1,130 1,201 1,182 1,183 1,134 1,184 1,215 1,136 1,185 1,138 1,186 1,141 1,187 1
user_000226	10 1,143 1,144 1,15 1,4 0,12 1,6 1,8 1,13 1,14 1,10 0,143 1,1 1,2 0,4 1,16 1,5 0,13 1,9 0,14 1,152 1,20 1,21 1,147 0,188 1,23 1,153 1,25 1,26 1,151 1,152 1,18 1,146 1,20 1,147 0,148 1,149 1,150 1,26 1,27 1,28 1,29 1,30 1,31 1,32 1,33 1,34 1,35 1,36 1,37 1,207 1,205 1,154 1,155 0,41 1,43 1,44 1,156 1,158 1,47 1,48 0,50 1,51 1,52 1,60 1,61 1,54 1,62 1,63 1,57 0,64 0,74 1,66 1,67 1,68 1,69 1,70 1,71 1,72 1,75 1,160 1,77 1,163 1,80 1,82 1,84 1,85 1,191 1,88 1,125 1,218 1,209 1,210 1,127 1,91 1,211 1,197 1,92 1,94 1,95 1,96 1,98 1,103 1,172 1,198 1,107 1,110 0,113 1,115 1,116 1,117 1,120 1,175 1,176 1,122 1,123 1,124 1,77 1,81 1,125 0,214 1,127 1,207 1,42 1,59 1,52 1,67 1,219 1,179 1,129 1,180 1,130 1,217 0,201 1,131 1,182 1,132 1,133 1,184 1,215 1,135 1,136 1,185 1,138 1,139 1,140 1,202 1,203 1,216 1,204 1
user_000227	143 1,144 1,15 0,3 1,4 1,16 1,5 1,12 1,6 1,8 1,143 1,0 1,11 1,1 0,3 1,12 1,6 1,7 1,17 1,14 1,10 1,144 1,11 1,3 1,4 1,16 1,17 1,8 1,13 1,9 0,145 1,146 1,20 1,21 1,188 1,23 1,148 1,153 1,26 1,27 1,28 1,29 1,30 1,31 1,32 1,33 1,34 1,35 1,36 1,37 1,38 1,207 1,205 1,155 1,42 1,43 1,156 1,158 1,159 1,47 1,48 1,49 1,51 1,52 1,60 1,53 1,62 1,63 1,56 1,57 1,64 1,74 1,65 1,66 1,67 1,68 1,71 1,72 1,73 1,75 1,76 1,162 1,163 1,82 1,164 1,83 1,86 1,191 1,192 1,167 1,89 1,194 1,214 1,126 1,210 1,196 1,197 1,171 1,93 1,94 1,96 1,98 1,99 1,100 1,213 1,101 1,102 1,104 1,105 1,172 1,111 1,199 1,174 0,115 1,116 0,117 1,118 1,119 1,175 1,176 1,123 1,81 1,83 1,125 1,214 1,126 1,127 1,94 1,207 1,42 1,56 1,67 1,128 1,179 1,130 1,131 1,182 1,132 1,133 1,134 1,184 1,135 1,136 1,139 1,140 1,202 1,203 0,216 1,204 1,187 1
user_000228	143 1,144 1,0 1,15 1,3 1,5 0,6 1,17 1,9 1,14 1,144 1,0 1,15 1,2 1,4 0,16 1,12 1,13 1,9 1,14 1,152 1,145 1,21 1,147 1,22 0,148 1,24 1,149 1,150 1,151 1,152 1,145 1,19 1,20 1,188 1,23 1,153 1,25 1,151 1,27 1,28 1,29 1,30 1,31 1,32 1,33 1,34 1,35 1,36 1,37 1,205 1,154 1,155 1,189 1,41 1,43 1,206 1,158 1,46 1,159 1,48 1,58 1,59 1,51 1,53 1,61 1,54 1,55 1,63 1,56 1,64 1,74 1,67 1,68 1,69 1,70 1,71 1,72 1,73 1,75 1,160 1,76 1,208 1,165 1,83 1,84 1,85 1,86 1,88 1,125 1,168 1,89 1,194 1,169 1,126 1,210 1,196 1,90 1,91 1,94 1,97 1,100 1,101 1,102 1,106 0,107 1,108 1,109 1,111 1,112 1,199 1,113 1,174 1,116 1,119 1,121 0,175 1,176 1,177 1,122 1,123 1,77 1,83 1,214 1,126 1,92 0,207 1,59 1,52 1,56 1,67 1,128 1,129 1,180 1,200 1,130 1,217 1,181 1,132 1,133 1,134 1,215 1,136 1,140 1,186 1,141 1,142 1,203 1,204 1,187 1
user_000229	144 1,11 1,1 1,2 1,4 1,16 1,5 0,6 1,17 1,13 1,152 1,145 1,20 0,147 1,22 0,148 1,24 1,25 1,151 1,27 1,152 1,20 1,21 0,22 1,188 1,24 1,149 1,25 1,26 1,151 1,152 1,145 1,19 1,20 1,188 1,148 1,25 1,26 1,151 1,27 1,28 1,29 1,30 1,31 1,32 1,33 1,34 1,35 1,36 1,37 1,38 1,39 1,154 1,41 1,42 1,43 1,206 1,45 1,158 1,159 1,48 1,58 1,49 1,59 1,51 1,60 1,53 1,54 1,55 1,56 1,74 1,65 1,66 1,67 0,68 1,69 1,70 1,71 1,72 1,75 1,74 1,65 1,66 1,67 1,68 1,69 1,70 1,72 1,73 1,75 1,160 1,161 1,76 1,162 1,78 1,80 1,164 1,84 1,85 1,87 1,191 1,168 1,89 1,193 1,214 1,126 1,210 1,212 1,171 1,94 1,96 0,98 1,99 1,213 1,102 1,103 1,104 1,105 1,106 1,198 1,107 1,111 1,199 1,114 1,116 1,117 1,118 1,120 1,176 1,177 1,123 1,124 1,124 1,77 1,83 1,87 1,214 1,127 1,94 1,92 1,207 1,52 1,67 1,179 1,129 0,180 1,217 0,181 1,131 1,182 1,133 1,184 1,135 1,136 1,137 1,138 1,141 1,142 1,216 1,187 1
user_000230	144 1,15 1,2 1,3 0,4 1,5 1,7 1,17 1,8 1,13 1,143 1,144 1,11 1,2 1,3 1,5 1,12 1,17 1,8 1,14 1,152 1,18 0,146 1,20 1,21 1,24 1,149 1,150 1,25 1,26 1,152 1,18 1,20 1,21 1,147 1,153 1,149 1,25 1,26 1,27 1,28 1,29 0,30 1,31 1,32 1,33 1,34 1,35 0,36 1,37 1,28 1,29 1,30 1,31 1,32 1,33 1,34 1,35 1,36 1,37 1,207 1,205 1,154 1,41 1,42 0,43 1,44 1,156 1,159 1,47 1,38 1,207 1,205 1,40 0,189 1,43 1,156 1,45 1,46 1,159 1,39 1,205 1,40 1,155 1,189 1,43 1,45 1,158 1,159 0,47 1,48 1,59 1,50 1,52 1,60 1,53 1,61 1,55 1,63 1,56 1,74 1,65 1,67 1,68 1,69 1,70 1,71 1,72 1,73 1,75 1,160 1,79 1,163 1,82 1,164 1,208 1,190 1,87 1,191 1,192 1,218 1,193 1,194 1,195 1,91 1,211 1,92 1,170 1,171 1,95 1,98 1,99 1,213 1,103 1,104 1,105 1,106 1,172 1,198 1,173 1,108 1,110 1,111 1,199 1,114 1,115 1,117 1,118 1,121 1,175 1,176 0,122 0,123 1,178 1,77 1,81 1,125 1,127 1,94 1,207 1,42 1,59 1,56 1,67 1,73 1,128 1,219 1,179 1,130 1,217 0,181 1,201 1,182 1,184 1,215 1,136 1,185 1,138 1,202 1,204 1
user_000231	10 1,0 1,11 1,15 1,2 1,12 1,6 1,7 1,13 1,14 1,144 1,0 1,11 1,15 1,1 1,12 1,6 1,7 1,13 1,9 0,152 1,146 1,19 1,21 1,188 1,23 1,24 1,150 1,26 1,151 1,28 1,29 1,30 1,31 1,32 1,33 1,34 1,35 1,36 1,37 1,28 0,29 0,30 0,31 0,32 0,33 0,34 0,35 0,36 0,37 0,38 1,39 1,207 1,205 1,40 1,43 1,44 1,206 1,46 1,159 1,48 1,49 1,59 1,52 1,53 1,54 1,62 0,55 1,63 1,57 1,48 1,58 1,59 1,50 1,53 1,61 1,54 1,55 1,63 1,57 1,64 1,74 1,65 1,66 1,67 0,69 1,71 1,72 1,73 1,75 1,64 1,74 1,65 1,66 1,68 1,69 1,70 1,71 1,72 1,75 1,160 1,76 1,78 1,80 1,208 1,165 1,190 1,87 1,191 1,192 1,167 1,89 1,194 1,169 1,195 1,210 1,91 1,197 1,94 1,95 1,96 0,98 1,100 1,101 1,104 1,105 1,107 1,108 1,109 1,110 1,111 1,112 1,199 1,113 1,174 1,115 1,117 1,118 1,120 1,121 1,177 1,178 1,83 1,87 1,125 1,92 1,207 1,52 1,67 1,219 1,129 0,180 1,200 1,131 1,183 1,132 0,133 0,134 1,184 1,215 1,136 1,185 1,137 1,138 1,140 1,186 1,202 1,141 0,216 1,187 1
user_000232	144 1,11 1,15 1,1 1,4 1,7 1,17 1,8 1,13 1,9 1,145 1,18 1,19 1,20 1,188 1,24 1,149 1,25 1,26 1,27 1,28 1,29 1,30 1,31 1,32 1,33 1,34 1,35 1,36 1,37 1,38 0,39 1,205 1,154 1,40 1,43 1,157 0,206 1,158 1,46 1,207 1,154 1,155 1,41 1,42 1,44 1,156 1,157 1,46 1,47 1,48 1,58 1,49 1,50 1,52 1,60 1,53 1,54 1,62 1,56 1,64 0,74 1,65 1,66 1,68 0,69 0,71 1,72 1,73 0,75 1,64 1,74 1,65 1,67 1,68 1,69 1,70 1,72 1,73 1,75 1,162 1,77 1,163 1,81 1,83 1,85 1,87 1,88 1,166 1,89 0,218 1,194 1,209 1,195 1,196 1,127 1,170 1,93 1,94 1,95 1,96 0,97 1,98 1,101 1,102 1,104 1,105 1,106 1,111 1,199 1,113 1,116 1,117 1,118 1,121 1,177 1,122 1,123 1,178 1,124 1,124 1,83 1,87 1,125 1,126 1,127 1,42 1,59 1,52 1,67 1,129 1,180 1,200 1,130 1,181 1,201 1,131 1,182 1,132 1,134 1,215 1,136 1,137 1,138 1,139 1,140 1,186 1,142 1,203 1,187 1
user_000233	0 1,15 1,1 1,2 1,4 1,5 1,12 1,6 1,7 1,9 0,143 1,144 1,0 1,15 1,3 0,16 1,5 1,12 1,9 1,14 1,10 1,143 1,144 1,2 1,3 1,17 1,8 0,13 1,9 1,14 1,152 0,145 1,18 0,22 1,188 1,148 1,24 1,149 1,25 1,27 1,152 1,18 1,19 1,147 1,22 1,23 0,24 1,153 1,151 1,27 1,145 1,18 1,21 1,147 1,22 1,24 1,153 1,149 1,150 0,27 1,28 1,29 1,30 1,31 1,32 1,33 1,34 1,35 0,36 1,37 1,28 1,29 1,30 1,31 1,32 1,33 1,34 1,35 1,36 1,37 1,39 1,207 1,155 1,41 1,42 1,44 1,157 1,158 1,159 1,47 1,48 1,59 0,50 1,51 1,60 1,53 1,61 1,62 1,63 1,57 1,64 0,74 1,65 1,66 1,67 1,68 1,70 1,71 1,72 1,75 1,64 1,74 1,66 1,67 1,68 1,69 1,71 1,72 1,73 1,75 1,78 1,79 1,163 1,80 1,81 1,82 1,164 1,83 1,190 1,88 1,125 1,167 1,168 1,193 1,194 1,169 1,126 1,210 1,90 1,94 0,96 1,97 1,98 1,99 1,100 1,213 1,103 1,106 1,107 1,109 1,110 1,111 1,112 1,199 1,113 1,114 1,115 1,116 1,117 1,120 1,121 1,176 1,122 1,178 1,124 1,77 1,81 1,87 1,214 1,126 1,127 1,92 1,52 1,67 1,73 1,128 1,179 1,129 1,200 1,217 0,201 1,131 1,185 1,202 1,141 1,142 1,203 1,216 1,204 1,187 1
user_000234	143 1,144 1,1 1,2 1,4 0,16 1,5 1,12 1,6 1,8 0,10 1,1 1,2 1,3 1,4 1,16 1,6 1,8 1,9 1,14 1,145 1,18 1,20 0,21 1,22 1,24 1,153 1,150 1,25 1,151 1,152 1,146 1,19 1,20 1,22 1,23 1,148 1,153 1,149 1,151 1,28 1,29 0,30 1,31 1,32 1,33 1,34 0,35 0,36 1,37 0,28 1,29 1,30 1,31 1,32 1,33 1,34 1,35 1,36 1,37 1,39 1,207 1,205 1,189 1,42 1,43 0,44 1,156 1,45 1,47 1,38 1,39 1,205 1,40 1,189 1,43 1,156 1,157 1,159 1,47 1,48 1,59 1,52 1,60 0,53 1,54 1,62 1,55 1,63 0,57 1,50 0,51 0,52 1,60 1,53 1,61 1,54 1,62 1,63 1,56 1,48 1,58 1,49 1,59 1,50 1,51 1,60 1,62 1,55 1,57 1,64 1,74 1,65 1,66 1,67 1,69 1,70 1,72 1,73 1,75 1,79 1,163 1,82 1,164 1,208 1,84 1,125 1,166 1,167 1,89 1,209 1,169 1,210 1,90 0,127 1,91 1,211 1,197 1,92 1,170 1,96 1,97 1,99 1,100 1,104 1,172 1,198 1,108 0,110 1,115 1,116 1,117 1,118 1,121 1,175 1,176 1,177 1,122 1,124 1,77 1,81 1,214 1,127 1,94 1,92 1,207 1,59 1,52 1,56 0,67 1,73 1,128 1,180 1,200 1,217 1,181 0,201 1,183 1,132 1,134 1,184 1,215 1,135 1,136 1,140 1,186 1,202 1,141 1,142 1,204 1
user_000235	10 1,0 1,15 1,1 1,3 0,12 0,6 0,13 0,9 1,14 0,10 1,15 1,1 1,2 0,4 1,5 1,6 1,17 1,8 0,14 1,152 1,145 1,18 1,19 1,188 1,23 1,148 1,26 1,151 1,27 1,28 0,29 1,30 1,31 0,32 1,33 1,34 1,35 0,36 1,37 1,28 1,29 1,30 1,31 1,32 1,33 1,34 1,35 0,36 1,37 1,38 0,39 1,205 1,155 1,189 1,156 1,157 1,45 1,158 1,47 1,39 1,40 1,155 1,189 1,42 1,156 1,157 1,206 1,45 1,46 1,48 1,58 1,50 1,52 1,53 1,61 1,54 1,55 1,63 0,56 1,48 1,58 1,50 1,51 1,52 1,60 1,53 1,61 0,54 1,55 1,74 0,65 1,66 1,67 1,68 1,69 0,70 1,71 1,72 1,73 1,64 1,74 1,65 1,66 1,68 1,69 1,70 1,71 1,72 1,75 1,160 1,161 1,76 1,162 1,77 1,78 1,163 1,80 1,82 1,164 1,191 1,194 1,169 1,126 1,195 1,210 1,211 1,92 1,212 1,94 1,98 1,99 1,102 0,103 1,105 1,172 1,107 1,111 1,112 1,199 1,113 1,174 1,115 1,117 1,119 1,120 1,121 1,175 1,176 1,177 1,122 1,123 1,178 1,124 1,83 1,87 1,125 1,126 1,94 1,59 0,52 1,67 1,73 1,179 1,200 1,131 1,182 1,133 1,184 1,135 1,185 1,137 1,139 1,186 1,202 1,141 1,142 1,216 1,204 1,187 1
user_000236	10 1,11 0,1 1,3 0,4 1,5 0,7 1,8 0,13 1,14 0,144 1,11 0,15 1,1 1,3 1,5 1,12 1,8 0,13 1,9 1,10 1,143 1,1 1,3 1,4 1,5 1,6 0,17 1,13 1,14 0,146 1,19 1,21 0,22 1,188 1,23 1,24 1,153 0,149 0,27 0,145 1,18 1,146 1,20 1,21 1,149 1,25 0,26 1,151 1,27 1,152 1,145 1,146 1,21 0,188 1,148 1,24 1,149 1,150 1,27 0,28 1,29 1,30 1,31 1,32 1,33 1,34 1,35 1,36 1,37 1,38 1,207 1,205 1,40 1,42 1,44 1,156 1,206 1,158 1,159 1,48 1,51 1,52 1,60 1,61 1,54 1,62 1,55 1,63 1,57 1,64 1,74 1,66 1,67 1,69 1,70 1,71 1,72 1,73 1,75 1,161 1,77 1,79 1,81 1,164 1,83 1,84 1,85 1,190 1,191 1,192 1,125 0,167 1,89 1,169 1,196 1,90 1,197 1,92 1,94 1,99 1,100 1,101 1,102 1,104 1,105 1,172 1,198 1,107 1,173 1,109 1,110 1,111 0,112 1,113 1,114 1,174 1,116 1,117 1,119 1,120 1,121 1,122 1,87 1,126 1,127 0,94 1,92 1,207 1,59 1,67 1,73 1,128 1,219 1,129 1,180 1,217 1,131 1,182 1,183 1,133 1,134 1,184 1,185 1,139 1,140 1,186 1,141 1,203 1,187 1
user_000237	144 0,0 1,1 1,2 1,4 0,16 1,6 1,17 1,13 1,9 1,152 0,146 0,19 0,147 0,22 1,148 1,149 1,150 0,151 1,27 1,145 0,18 1,20 1,22 0,188 0,23 0,150 0,25 0,26 0,27 1,28 1,29 1,30 1,31 1,32 0,33 1,34 1,35 0,36 1,37 1,207 1,205 1,154 1,155 1,41 1,156 1,206 1,45 1,158 1,47 1,59 1,50 1,52 1,60 1,53 1,61 1,62 1,55 1,63 1,56 1,64 1,74 1,65 1,66 1,68 1,69 1,70 1,71 1,73 1,75 1,161 1,76 1,162 1,163 1,80 1,82 1,164 1,165 1,191 1,125 1,218 1,169 1,126 1,196 1,90 1,211 1,92 1,170 1,171 1,94 1,96 1,97 1,98 1,100 1,213 1,101 1,102 1,104 1,105 1,172 1,198 1,173 1,108 1,110 1,112 1,113 1,174 1,115 1,116 1,118 1,120 1,175 1,176 1,122 1,124 1,124 1,77 1,81 1,83 1,87 1,125 1,214 1,126 1,42 1,52 1,128 1,129 1,180 1,200 1,130 1,217 0,181 1,133 1,134 1,185 1,137 1,138 0,140 1,216 1,187 1
user_000238	10 1,11 1,15 1,2 1,3 1,5 1,7 1,8 1,9 1,14 1,145 1,146 1,20 1,21 1,147 0,24 1,153 1,149 1,25 1,151 1,152 1,145 1,18 1,146 1,20 1,23 1,149 1,150 1,26 1,27 1,28 1,29 1,30 1,31 1,32 1,33 1,34 1,35 1,36 1,37 1,39 1,207 1,205 1,154 1,155 1,43 1,156 1,158 1,46 1,159 1,58 1,49 1,50 1,51 1,52 1,60 1,61 1,55 1,63 1,57 1,64 1,74 1,65 1,67 1,68 1,69 1,70 1,72 1,73 1,75 0,74 1,65 1,66 1,67 1,68 1,70 1,71 1,72 1,73 1,75 1,79 1,164 1,208 1,84 1,88 1,192 1,166 1,168 1,89 1,194 1,169 1,195 1,90 1,127 0,211 1,170 1,212 1,171 1,93 1,95 1,96 1,99 1,100 1,213 1,101 1,102 1,103 1,104 1,106 1,172 0,198 1,107 1,173 1,108 1,111 1,112 1,199 1,114 1,115 1,116 1,118 1,176 1,177 1,123 1,178 1,124 1,81 1,87 1,214 1,94 1,219 1,179 1,129 1,217 1,182 1,183 1,132 1,184 1,135 1,136 1,137 1,139 1,140 1,202 1,141 1,142 1,203 1,216 1,204 1,187 1
user_000239	10 1,143 1,144 1,0 1,1 1,16 0,12 0,6 1,7 1,9 0,143 1,144 1,0 1,11 1,4 0,16 1,6 1,7 1,17 1,13 1,143 1,144 1,11 1,15 0,1 0,16 0,5 1,6 1,9 1,14 1,146 1,20 0,147 0,22 1,188 1,23 1,148 1,153 1,151 1,27 1,145 1,146 1,20 1,21 1,22 1,23 1,153 1,149 1,150 1,27 1,28 1,29 1,30 1,31 1,32 1,33 1,34 1,35 1,36 1,37 1,38 1,39 1,154 1,40 1,41 1,43 1,157 1,206 1,45 1,158 1,49 0,59 1,51 0,52 1,53 1,61 1,54 1,62 1,56 1,57 1,48 0,58 0,51 1,60 1,53 1,61 1,54 1,62 1,63 1,57 1,48 1,58 0,49 1,51 1,53 1,54 1,62 1,55 1,63 1,57 1,64 1,74 0,65 0,66 1,67 1,69 1,70 1,72 1,73 1,75 1,64 1,74 1,65 1,66 1,67 1,68 1,69 1,70 1,72 1,73 1,162 1,79 1,80 1,81 1,164 1,83 1,85 1,87 1,191 1,89 1,193 1,214 1,169 1,126 1,210 1,127 1,197 1,92 1,212 1,94 1,96 1,97 1,98 0,99 1,213 1,101 1,102 1,107 1,173 0,108 1,110 0,112 1,113 1,117 1,120 1,176 0,123 1,124 1,81 1,83 1,127 1,94 1,207 1,52 1,67 1,128 1,219 1,179 1,129 1,180 1,217 1,201 1,131 1,182 1,183 1,132 1,184 1,215 1,136 1,185 1,137 1,138 1,139 1,140 1,202 1,141 1,142 1,203 1,216 1,187 1
user_000240	10 1,143 1,15 1,2 1,3 1,5 1,7 1,17 1,13 1,9 0,152 0,145 1,21 1,147 1,188 1,23 1,150 1,25 1,26 1,151 1,28 1,29 1,30 1,31 1,32 1,33 1,34 1,35 1,36 1,37 1,38 1,39 1,207 1,155 1,42 1,43 1,156 1,45 1,158 1,159 1,49 1,59 1,50 1,52 1,61 1,54 1,62 1,63 1,56 1,57 1,64 0,74 1,65 0,66 1,67 1,68 1,70 1,71 1,72 1,73 1,160 1,78 1,79 1,163 1,85 1,191 1,88 1,192 1,167 1,168 1,218 1,193 1,126 1,195 1,210 1,90 1,127 1,170 1,93 1,94 1,96 1,97 1,98 1,100 1,101 1,105 1,106 0,172 1,108 1,112 1,113 1,114 1,116 1,118 1,121 1,175 1,176 1,122 1,124 1,124 1,77 1,81 1,83 1,87 1,214 1,127 1,92 1,59 1,52 1,56 1,67 1,73 1,128 1,219 1,179 1,129 1,181 1,131 1,182 1,134 1,184 1,215 1,136 1,138 1,140 1,202 1,141 1,203 1,204 1,187 1
user_000241	144 1,11 1,15 1,3 1,4 1,5 0,6 1,13 1,9 1,14 1,152 1,18 1,21 1,147 1,188 1,148 1,24 1,153 1,26 1,151 1,145 0,18 0,20 0,147 0,188 0,148 0,153 0,149 0,151 0,27 0,28 1,29 1,30 1,31 1,32 1,33 1,34 1,35 1,36 1,37 1,38 1,39 1,205 1,40 1,189 1,156 1,157 1,45 1,158 1,159 1,58 1,49 1,59 1,50 1,53 1,54 1,62 1,55 1,63 1,56 1,64 1,74 1,65 1,66 1,68 1,69 1,70 1,71 1,72 1,73 1,160 1,78 1,79 1,81 1,82 1,164 0,165 1,86 1,192 1,218 1,194 1,209 1,195 1,196 1,90 1,127 1,91 1,212 1,171 1,94 1,97 1,99 1,100 1,213 1,105 1,106 1,107 1,173 1,108 1,109 1,112 1,199 1,115 1,116 1,118 1,120 1,121 1,176 1,177 1,123 1,124 1,124 1,77 1,87 1,126 1,127 1,207 1,42 1,59 1,56 1,179 1,129 1,200 1,130 1,217 1,201 1,131 1,182 1,132 1,134 1,215 1,135 1,185 1,137 1,140 1,202 1,141 1,203 1,204 1,187 1
user_000242	10 1,143 1,1 1,3 1,4 0,16 1,7 1,17 1,13 1,9 1,0 1,11 1,1 1,2 1,4 1,5 1,12 1,17 1,8 0,13 1,145 1,19 0,20 1,21 1,188 0,23 1,24 1,150 1,25 1,26 1,152 1,20 1,21 1,147 1,22 1,148 1,153 1,25 1,26 1,27 0,152 1,18 1,146 1,20 1,147 1,148 1,153 1,149 1,25 1,27 1,28 1,29 1,30 1,31 1,32 1,33 0,34 1,35 1,36 1,37 1,28 1,29 1,30 1,31 1,32 1,33 1,34 1,35 1,36 1,37 1,39 1,205 1,40 1,189 1,42 1,156 1,206 1,45 1,158 1,159 1,48 1,58 1,49 1,59 1,50 1,52 1,60 1,53 1,62 1,55 1,64 1,74 1,65 1,66 1,67 0,69 1,70 1,71 1,72 1,73 0,64 1,65 1,66 1,67 1,69 1,70 1,71 1,72 1,73 1,75 1,76 1,77 1,78 1,163 1,82 1,208 1,83 1,85 1,87 1,191 1,194 0,214 1,126 1,127 1,170 1,212 1,171 1,93 1,94 1,95 1,97 1,98 1,99 1,213 1,102 0,106 1,198 1,173 1,109 1,110 1,111 1,117 1,175 1,122 1,123 1,124 1,77 0,81 1,83 1,87 1,125 1,126 1,92 1,207 1,42 1,59 1,52 1,73 1,129 1,180 1,200 1,130 1,217 0,201 1,131 1,182 1,183 1,132 1,133 1,134 1,184 1,215 1,135 1,138 1,139 1,140 1,203 1,216 1,204 1,187 1
user_000243	10 1,143 1,0 1,3 0,4 0,5 1,7 1,8 0,13 1,9 1,143 1,144 1,0 1,11 1,4 1,16 1,12 1,6 1,13 1,14 1,10 1,143 1,144 1,15 0,3 1,16 1,6 1,7 1,8 1,13 1,152 1,145 1,146 1,20 1,21 1,148 1,24 1,149 1,25 1,26 1,28 1,29 1,30 1,31 1,32 1,33 1,34 1,35 1,36 1,37 1,28 1,29 1,30 1,31 1,32 1,33 1,34 1,35 1,36 1,37 1,28 1,29 1,30 1,31 1,32 1,33 1,34 1,35 1,36 1,37 1,38 1,39 1,207 1,189 1,41 1,43 1,44 1,156 1,206 1,158 1,49 1,50 1,51 1,52 1,60 1,61 1,54 1,63 1,56 1,57 1,64 1,74 1,65 1,66 1,67 0,69 0,70 1,71 0,73 1,75 0,64 1,74 1,65 1,66 1,67 1,68 1,69 1,70 1,71 1,75 1,161 1,76 1,162 1,79 1,163 1,80 1,208 1,165 1,84 1,85 1,87 1,125 0,166 1,193 1,209 1,195 1,196 1,127 1,211 1,95 0,96 1,97 1,98 1,99 1,102 1,103 1,104 1,106 1,173 1,109 1,112 1,199 1,113 1,114 1,174 1,115 0,116 1,120 1,175 1,122 1,123 1,77 1,81 1,83 1,214 1,126 1,127 1,92 1,42 1,52 1,73 1,128 1,219 1,200 1,130 1,217 1,183 1,132 1,133 1,134 1,135 1,185 1,137 1,138 1,139 1,140 1,202 1,141 1,142 1,216 1
user_000244	10 1,0 1,11 1,15 1,4 1,16 1,12 1,17 0,8 0,14 1,10 1,144 1,15 1,1 1,4 1,16 1,5 1,6 1,8 0,14 1,0 1,11 1,1 1,3 1,4 1,12 1,6 1,7 1,17 1,8 1,152 0,145 0,146 1,20 1,147 1,24 1,150 1,26 1,151 1,27 1,152 1,146 1,19 1,20 1,147 1,23 1,24 1,149 1,150 1,26 1,28 1,29 1,30 1,31 1,32 1,33 1,34 1,35 1,36 1,37 1,207 1,154 1,189 0,41 1,42 1,44 1,156 1,206 1,158 1,47 1,39 1,205 1,154 1,40 1,189 1,43 1,156 1,157 1,206 1,158 1,48 1,58 0,59 0,50 1,51 1,60 1,53 1,62 1,56 1,57 1,58 1,59 1,51 1,61 1,54 1,62 1,55 1,63 1,56 1,57 1,64 1,74 1,65 1,66 1,67 1,69 1,70 0,72 1,73 1,75 1,64 1,74 1,65 1,66 1,67 1,68 1,69 1,72 1,73 1,75 1,160 1,77 1,80 1,82 1,208 0,87 1,191 1,192 1,166 1,193 1,214 1,169 1,210 1,196 1,91 1,211 1,212 0,171 1,94 1,95 1,101 1,102 1,104 1,172 1,107 1,173 1,111 1,112 0,199 1,113 1,114 1,115 1,116 1,118 1,119 1,121 1,175 1,123 1,178 1,124 1,124 1,77 1,81 1,125 1,214 1,94 1,59 1,52 1,56 1,73 1,128 1,219 1,179 1,180 1,130 1,217 1,181 1,201 1,131 1,182 1,183 1,133 1,184 1,215 1,135 1,202 1,141 1,203 1,216 1,204 1
user_000245	10 1,143 1,144 1,11 1,4 1,16 1,12 1,6 0,13 1,9 1,144 1,1 1,2 1,3 1,4 1,5 1,7 1,17 1,8 0,9 1,143 1,144 1,0 1,11 1,2 1,16 1,12 1,6 1,8 1,9 1,152 1,18 1,19 1,21 1,188 1,149 1,150 1,26 1,151 1,27 1,28 1,29 0,30 1,31 1,32 1,33 1,34 0,35 1,36 1,37 1,28 1,29 1,30 1,31 1,32 1,33 1,34 1,35 1,36 1,37 1,154 1,155 1,189 1,41 1,42 0,44 1,157 1,206 1,45 1,158 1,39 1,207 1,40 1,155 1,189 1,43 1,206 1,45 1,159 1,47 1,48 1,58 1,49 1,50 1,52 1,53 1,62 0,55 1,63 1,56 1,48 1,58 1,49 1,59 1,50 1,51 1,61 1,62 1,55 1,63 1,64 1,74 1,65 1,66 1,67 1,69 1,70 1,71 1,72 1,73 1,76 0,81 1,84 1,85 1,87 1,192 1,166 1,167 1,89 1,194 0,214 1,169 1,126 1,210 1,196 1,197 1,170 1,171 1,94 1,95 1,96 0,97 1,98 1,213 1,101 1,102 1,104 1,105 1,106 1,172 1,173 1,109 1,110 1,111 1,112 1,113 1,114 1,115 1,116 1,117 1,175 1,176 1,123 1,124 1,124 1,83 1,87 1,125 1,126 1,127 1,94 1,42 1,59 1,128 1,219 1,200 1,130 1,181 1,201 1,131 1,132 1,134 1,184 1,135 1,138 1,186 1,202 1,141 1,203 1,216 1
user_000246	143 1,144 1,0 1,1 1,2 1,6 1,7 1,17 1,9 0,14 1,152 0,18 1,19 1,20 1,188 1,23 0,24 1,149 1,150 1,151 1,28 1,29 1,30 1,31 1,32 1,33 1,34 1,35 1,36 1,37 1,38 1,39 1,154 1,189 1,41 1,43 1,44 1,157 1,158 1,159 1,48 1,58 1,49 1,50 1,52 1,60 1,54 1,55 1,56 1,57 1,64 1,65 1,66 1,67 1,69 1,70 1,71 1,72 1,73 1,75 1,162 1,79 1,82 1,165 1,83 1,84 1,86 1,190 1,191 1,88 0,125 1,166 1,193 1,214 1,169 1,210 1,196 1,91 1,212 1,93 1,96 0,97 1,98 1,99 1,100 1,213 1,101 1,103 1,105 1,106 0,172 1,109 1,110 1,112 1,199 1,117 1,120 1,121 1,175 1,122 1,124 1,124 1,77 1,81 1,83 1,214 1,126 1,127 1,207 1,59 1,52 1,56 1,73 1,219 1,129 1,180 1,217 1,181 1,131 1,182 1,133 1,134 1,137 1,138 1,139 1,140 1,202 1,141 1,203 1,216 1
user_000247	143 1,0 1,15 1,2 0,4 0,12 1,6 1,17 1,13 1,14 0,144 1,0 1,11 1,2 0,3 1,16 1,5 1,12 1,7 1,17 1,146 1,19 1,20 1,147 1,188 1,153 1,25 1,26 1,151 1,27 1,28 1,29 1,30 1,31 1,32 1,33 1,34 1,35 0,36 1,37 1,28 1,29 1,30 1,31 1,32 1,33 1,34 1,35 1,36 1,37 1,39 1,154 1,155 1,41 1,42 1,44 1,156 1,157 1,158 1,159 1,59 1,50 1,51 1,52 1,53 1,61 1,54 0,62 1,63 1,57 1,48 1,58 1,49 1,50 1,52 1,53 1,54 1,62 1,63 1,56 1,64 1,74 1,65 1,66 1,67 1,68 1,70 1,71 1,72 1,75 1,160 1,77 1,79 1,163 1,80 1,81 1,190 1,88 1,192 1,167 1,168 1,169 1,90 1,127 1,211 1,197 1,92 1,170 1,212 0,94 1,96 1,97 1,98 1,99 1,100 1,105 1,106 1,172 1,198 1,107 1,173 1,108 1,109 1,110 1,199 1,114 1,115 1,120 1,121 1,176 1,122 1,178 1,81 1,87 1,125 0,214 1,126 1,94 1,56 1,67 1,73 1,128 1,179 1,200 1,130 1,182 1,183 1,132 1,133 1,184 1,215 1,135 1,136 1,138 1,140 1,202 1,141 1,203 1,216 1,187 1
user_000248	10 1,143 1,144 1,15 1,1 1,16 1,12 1,6 1,17 1,9 1,152 1,18 0,146 1,19 0,147 0,24 1,153 1,149 1,150 1,25 1,152 1,18 1,19 1,22 0,188 1,149 1,150 1,26 1,151 1,27 1,152 1,18 1,20 1,147 1,22 1,24 1,149 1,25 1,26 1,151 1,28 1,29 1,30 1,31 1,32 1,33 1,34 1,35 1,36 1,37 1,38 1,39 1,189 1,41 0,42 1,206 1,45 1,158 1,46 1,159 1,39 1,207 1,40 1,41 1,42 1,44 1,156 1,157 1,45 1,46 1,38 0,39 1,207 1,154 1,41 1,43 1,44 1,46 1,159 1,47 1,48 1,49 0,51 1,52 1,60 1,61 1,62 1,55 1,63 1,57 1,48 1,58 0,59 1,50 1,53 1,61 1,54 1,62 1,63 1,57 1,58 1,49 1,59 1,50 1,51 1,52 1,60 1,54 1,62 1,57 1,64 1,74 1,65 1,66 1,67 1,68 1,70 0,71 1,72 0,73 1,74 1,65 1,66 1,67 1,68 1,70 1,71 1,72 1,73 1,75 1,160 1,161 1,76 1,162 1,77 1,79 1,163 1,80 1,81 1,164 1,208 1,83 1,88 1,89 1,218 1,194 0,169 1,126 1,92 1,171 1,96 0,98 1,99 1,100 1,103 1,104 1,172 1,198 1,107 1,173 1,108 0,109 0,111 1,112 1,113 1,114 1,115 1,117 1,118 1,120 1,121 1,175 1,77 1,125 1,214 1,126 1,94 1,92 1,207 1,42 1,59 1,67 1,128 1,129 1,180 1,200 1,217 1,131 1,132 1,133 1,184 1,215 1,135 1,137 1,186 1,141 1,203 1,216 1,204 1,187 1
user_000249	143 1,144 1,0 1,15 1,4 0,5 1,12 1,6 1,7 1,8 1,144 1,0 1,11 1,1 0,3 1,16 1,5 1,6 1,17 1,8 1,10 1,143 1,144 1,0 1,15 1,16 1,6 1,17 1,9 0,14 1,152 0,18 0,20 1,147 0,22 1,24 1,153 1,150 1,26 1,27 1,152 0,146 1,21 1,22 1,188 0,148 1,153 1,149 1,150 1,26 1,145 1,18 1,146 1,21 1,188 1,23 1,153 1,150 1,25 1,27 1,28 1,29 1,30 1,31 1,32 0,33 1,34 1,35 1,36 1,37 1,28 1,29 0,30 1,31 1,32 1,33 1,34 1,35 1,36 1,37 1,28 1,29 1,30 1,31 1,32 1,33 1,34 1,35 1,36 1,37 1,154 1,40 0,189 1,41 1,42 1,206 1,45 1,158 1,46 0,47 1,38 1,39 1,207 1,154 1,189 1,157 1,45 1,158 1,46 1,159 1,48 1,59 1,50 1,52 1,53 1,61 1,54 1,62 1,63 0,56 1,58 0,59 1,50 1,51 0,52 1,60 1,53 1,61 1,63 1,56 1,49 1,59 1,50 1,52 1,60 1,53 1,62 1,63 1,56 1,57 1,64 1,74 1,66 1,67 1,69 1,70 0,71 1,72 1,73 1,75 1,65 1,66 1,67 1,68 0,69 1,70 1,71 1,72 1,73 1,75 1,64 0,74 1,65 1,66 1,67 1,69 1,70 1,71 1,72 1,75 1,162 1,77 1,78 1,79 1,80 1,81 1,165 1,83 1,86 1,191 1,192 1,166 1,194 1,209 1,169 1,126 1,91 1,92 1,171 1,94 1,96 1,97 1,100 1,213 1,103 1,104 0,105 1,172 1,107 1,108 1,110 0,199 1,113 1,114 1,115 1,177 1,122 1,124 1,124 1,77 1,81 1,87 1,125 1,126 1,94 1,207 1,42 1,59 1,56 1,67 1,73 1,219 1,179 1,180 1,200 1,217 1,181 1,201 0,131 1,134 1,215 1,135 1,138 1,186 1,202 1,141 1,142 1,203 1,216 1,187 1
user_000250	10 1,1 1,2 0,3 1,4 1,16 1,5 1,12 1,8 0,9 1,152 1,145 1,18 0,147 1,188 1,153 1,149 1,150 1,26 1,151 1,28 1,29 1,30 1,31 1,32 1,33 1,34 1,35 1,36 1,37 1,38 1,154 0,40 1,189 1,42 1,43 1,44 1,45 1,158 1,46 1,48 1,49 1,50 1,51 1,52 1,61 1,54 1,62 1,55 1,56 1,64 0,74 1,65 1,66 1,67 1,68 1,69 1,70 1,72 1,75 1,160 1,78 1,79 1,81 1,82 1,208 1,86 1,87 1,191 1,192 1,166 1,89 1,194 1,126 1,90 1,197 1,92 1,170 1,94 1,95 1,96 1,99 1,100 1,213 1,101 1,102 1,103 1,104 1,106 0,172 1,198 1,107 1,199 1,118 1,120 1,122 1,123 1,178 1,124 1,124 1,77 1,81 1,87 1,125 0,214 1,126 1,127 1,94 1,207 1,42 1,59 1,67 1,73 1,128 1,219 1,130 1,217 0,201 1,183 1,135 1,136 1,185 1,137 1,139 1,140 1,202 1,142 1,203 1,204 1,187 1
user_000251	10 1,0 1,11 1,15 0,1 1,12 0,6 1,13 1,9 1,14 1,10 1,143 1,11 1,1 1,2 1,5 1,7 1,17 1,8 1,13 1,18 1,20 1,147 1,22 1,188 1,23 1,24 1,153 1,150 1,27 1,28 1,29 1,30 1,31 1,32 1,33 1,34 1,35 1,36 1,37 1,38 1,207 1,205 1,154 1,41 1,43 1,156 1,157 1,158 1,46 1,58 1,59 1,50 1,51 1,52 1,54 1,55 1,63 1,56 1,57 1,64 0,74 1,66 1,67 1,68 1,70 1,71 1,72 1,73 1,75 1,160 1,161 1,162 1,79 1,164 1,208 1,83 1,88 1,125 1,166 1,218 1,193 1,194 1,126 1,90 1,127 1,92 1,212 0,93 1,94 1,99 1,100 1,101 1,104 1,105 1,172 1,173 1,108 1,112 1,199 1,113 1,115 1,118 1,119 1,120 1,121 1,177 1,178 1,124 1,83 1,126 1,127 1,94 1,92 1,207 1,59 1,52 1,56 1,73 1,128 1,179 1,129 1,200 1,181 1,201 1,131 1,182 1,183 1,133 1,134 1,136 1,137 1,138 1,140 1,202 1,141 1,203 1,216 0,204 1,187 1
user_000252	143 1,144 1,0 1,2 0,3 1,7 1,17 1,8 1,9 1,14 1,0 1,11 1,15 1,2 1,3 1,5 1,12 1,6 1,7 1,13 1,145 1,19 1,20 1,147 1,22 1,23 1,148 1,153 1,150 1,26 1,28 1,29 1,30 1,31 1,32 0,33 1,34 1,35 0,36 1,37 1,38 1,207 1,205 1,40 1,155 1,44 1,206 1,45 1,46 1,159 1,48 1,58 1,49 1,59 1,52 1,60 1,53 1,54 1,55 1,63 1,64 1,74 1,65 1,67 1,69 1,70 1,71 1,72 1,73 1,75 1,161 1,78 1,82 1,164 1,208 1,83 1,84 1,190 1,87 1,166 1,218 1,126 1,195 1,127 1,211 1,197 1,92 1,171 1,93 1,95 1,96 1,97 1,98 1,99 1,213 1,104 1,105 1,106 1,109 1,111 1,112 1,199 1,174 1,115 1,117 1,118 1,177 1,124 1,124 1,77 0,81 0,83 0,214 1,126 1,127 1,94 1,207 1,42 1,59 1,52 1,56 1,219 1,217 1,181 0,201 1,131 0,183 1,133 1,134 1,184 1,215 1,135 1,185 1,137 1,139 1,186 1,202 1,141 1,216 1,204 1
user_000253	144 1,0 1,11 1,15 1,2 1,16 1,5 1,12 1,8 1,14 1,152 1,145 1,18 0,19 1,188 1,23 1,153 1,149 1,150 1,151 1,145 1,146 1,19 1,147 1,22 1,23 1,149 1,25 1,151 1,27 1,28 1,29 1,30 1,31 1,32 1,33 1,34 1,35 1,36 1,37 1,207 1,154 1,40 1,155 1,42 1,157 1,206 1,45 1,158 1,46 1,58 1,49 1,50 1,52 1,60 1,53 1,61 1,54 0,62 1,56 1,48 1,58 0,49 1,59 1,50 1,51 1,53 1,61 1,54 0,55 1,48 1,58 1,50 1,51 1,60 1,61 1,54 1,62 1,63 1,57 1,64 1,74 1,65 1,67 0,68 1,69 1,71 1,72 1,73 1,75 1,64 0,74 1,65 1,66 1,67 0,70 1,71 1,72 1,73 1,75 1,74 1,65 1,66 1,67 1,68 1,69 1,70 1,71 1,72 1,75 1,161 1,80 1,81 1,82 1,164 1,208 1,165 1,190 1,191 1,125 1,166 1,218 1,194 1,209 1,195 1,210 1,196 1,90 1,91 1,95 1,98 1,99 1,100 1,102 1,198 1,173 1,109 1,110 1,111 1,199 1,113 1,174 1,115 1,116 1,117 1,119 1,176 1,177 1,124 1,87 1,125 1,126 1,127 1,94 1,92 1,52 1,56 1,67 1,73 1,219 1,180 1,200 1,217 1,181 1,201 1,182 1,183 1,132 1,133 1,134 1,215 1,135 1,136 1,137 1,138 1,139 1,140 1,202 1,142 1,203 1
user_000254	10 1,143 1,144 1,2 1,3 0,16 1,5 1,12 0,7 0,9 0,143 1,0 1,15 1,2 1,3 1,5 1,6 1,7 1,13 0,14 1,19 1,20 1,147 1,22 1,188 1,23 1,24 1,149 1,150 0,26 1,28 1,29 1,30 1,31 1,32 1,33 1,34 1,35 1,36 1,37 1,154 1,40 1,155 1,41 1,42 0,43 1,156 1,157 1,46 1,47 0,48 0,49 1,52 1,60 1,53 1,61 1,54 1,62 1,63 1,56 1,64 0,74 1,66 1,67 1,68 1,69 1,70 1,71 1,72 1,73 1,64 1,74 1,66 1,67 1,68 1,69 1,70 1,71 1,73 1,75 1,77 1,164 1,208 1,83 1,84 1,85 1,86 1,87 1,191 1,125 1,166 1,167 1,168 1,218 1,193 1,214 1,209 1,210 1,127 1,170 1,98 1,99 1,213 1,101 1,103 1,104 1,172 1,198 1,107 1,108 1,110 1,112 1,199 1,113 1,114 1,116 1,117 1,118 1,119 1,177 1,122 1,123 1,124 1,124 1,77 1,126 1,92 1,207 1,59 1,56 1,67 1,128 1,219 1,179 1,129 1,180 1,200 1,131 1,183 1,132 1,134 1,215 1,135 1,185 1,137 1,186 1,202 1,141 1,142 1,204 1
user_000255	0 1,15 0,1 1,3 1,4 0,16 1,6 1,7 1,9 1,14 1,152 1,18 1,146 1,147 1,188 1,148 1,150 1,25 1,26 1,27 1,28 1,29 1,30 1,31 1,32 0,33 1,34 1,35 1,36 1,37 1,38 1,39 1,207 1,154 1,41 1,43 1,44 0,206 1,159 1,47 1,48 1,50 1,52 1,60 1,53 1,61 1,54 1,63 1,56 1,57 1,64 1,74 1,65 1,66 1,67 1,68 1,70 1,72 1,73 1,75 1,160 1,162 1,78 1,79 1,81 1,164 0,208 1,165 1,83 1,84 1,85 1,87 1,167 1,168 1,193 1,126 1,195 1,91 1,197 1,170 1,98 1,99 1,213 1,101 1,102 1,103 1,104 1,106 1,172 1,198 1,107 1,110 1,111 1,112 1,115 1,118 1,119 1,121 1,175 1,176 1,122 1,178 1,124 1,124 1,81 1,126 1,94 1,92 1,207 1,42 1,59 1,67 1,219 1,179 1,180 1,200 1,130 1,217 1,201 1,131 1,182 1,183 1,184 1,135 1,136 1,202 1,142 1,203 1,216 1,204 1
user_000256	10 1,143 1,0 1,3 1,4 1,16 1,7 1,8 0,9 1,14 1,10 1,143 1,15 1,2 1,4 0,6 1,7 1,17 1,9 1,14 1,143 0,144 0,15 0,2 0,4 0,16 0,7 0,17 0,8 0,14 0,145 1,18 1,19 1,147 1,22 1,148 0,153 1,149 1,25 1,26 1,152 1,145 1,18 0,22 1,188 1,153 1,150 0,25 1,26 1,27 1,145 1,18 1,19 1,20 1,188 1,23 1,24 1,153 1,25 1,151 1,28 1,29 1,30 1,31 1,32 1,33 1,34 1,35 1,36 1,37 1,154 1,40 1,155 1,41 1,42 1,44 1,45 1,158 1,159 1,47 1,48 0,58 1,49 1,59 1,51 1,52 1,60 1,53 1,55 1,57 1,58 1,49 1,59 1,50 1,51 1,60 1,61 1,62 1,55 1,63 1,64 1,74 0,65 1,67 1,68 1,69 1,70 1,72 1,73 1,75 1,160 1,76 1,162 1,78 1,81 1,85 1,190 1,87 1,191 1,166 1,168 1,218 1,193 1,194 1,214 1,126 1,196 1,91 1,197 1,94 1,96 0,97 1,98 1,99 1,100 1,103 1,104 1,198 1,107 1,173 1,110 1,111 1,114 1,115 1,117 1,118 1,119 1,121 1,175 1,176 0,122 1,178 1,124 1,83 1,125 1,214 1,207 1,42 1,73 1,128 1,179 1,129 1,180 1,181 1,131 1,182 1,132 1,133 1,184 1,135 1,136 1,138 1,140 1,186 1,141 1,142 1,203 1,216 1,204 1,187 0
user_000257	143 1,144 1,0 1,15 1,2 1,16 1,5 1,12 1,7 1,14 1,152 1,146 1,19 1,20 1,21 1,23 1,148 1,153 1,26 1,27 1,28 1,29 1,30 1,31 1,32 1,33 1,34 1,35 1,36 1,37 1,28 1,29 1,30 1,31 1,32 1,33 1,34 1,35 1,36 1,37 1,205 1,154 1,40 1,189 1,41 1,44 1,156 1,157 1,45 1,47 1,207 1,154 1,40 1,155 1,42 1,44 1,206 1,158 1,46 1,159 1,48 1,58 1,59 1,50 1,51 1,53 1,54 1,62 1,56 1,57 1,64 1,65 1,66 1,67 1,68 1,69 1,70 1,72 1,73 1,75 1,74 1,65 1,66 1,67 1,68 1,69 1,71 1,72 1,73 1,75 1,161 1,162 1,77 1,78 1,163 1,80 1,208 1,165 1,84 1,190 1,87 1,88 1,168 1,209 1,169 1,126 1,127 1,91 1,211 1,93 1,96 1,98 1,99 1,213 1,102 1,105 1,106 1,172 1,198 1,173 1,111 1,112 1,199 1,113 1,114 1,116 1,117 1,118 1,119 1,121 1,175 1,122 1,123 1,178 1,124 1,77 1,81 1,125 1,214 1,126 1,92 1,56 1,67 1,73 1,179 1,129 1,200 1,130 1,217 1,133 1,134 1,184 1,215 1,136 1,185 1,137 1,140 1,202 1,142 1,203 1
user_000258	10 1,11 1,15 1,3 1,4 1,12 1,6 1,7 1,8 1,9 1,18 1,146 1,19 1,21 0,147 1,23 1,153 1,149 1,150 1,25 1,145 1,146 1,19 1,21 1,147 1,24 1,150 1,25 1,151 1,27 1,28 1,29 1,30 1,31 1,32 1,33 1,34 1,35 1,36 1,37 1,39 1,205 1,154 1,40 1,42 1,44 1,156 1,157 1,45 1,46 1,58 1,59 1,51 1,52 1,53 1,54 1,62 1,63 1,56 1,57 1,64 1,74 1,65 1,66 1,67 1,68 1,69 1,72 1,73 1,75 1,161 1,76 1,162 1,77 1,78 1,80 1,164 1,83 1,87 1,125 1,167 1,89 1,169 1,126 1,195 1,196 1,90 1,170 1,171 1,93 1,96 1,98 0,100 1,213 1,102 1,103 1,106 0,172 1,198 1,173 1,109 1,110 1,113 1,114 1,174 1,116 1,117 1,118 1,121 1,175 1,122 1,123 1,124 1,77 1,83 1,87 1,214 1,94 1,92 1,207 1,59 1,67 1,73 1,219 1,200 1,130 1,217 1,201 1,131 1,183 1,133 1,184 1,215 1,185 1,138 1,139 1,186 1,202 1,141 1,142 1
user_000259	143 1,144 1,0 1,2 0,3 1,16 1,6 1,7 1,17 0,14 1,152 1,145 1,18 0,146 1,19 1,148 1,25 1,26 1,151 1,27 1,18 1,146 1,20 1,147 1,22 1,23 1,148 1,150 1,25 1,26 1,28 1,29 1,30 1,31 1,32 1,33 0,34 1,35 0,36 1,37 1,28 1,29 1,30 1,31 1,32 1,33 1,34 1,35 1,36 1,37 1,38 1,39 1,205 1,40 1,189 1,157 1,206 1,45 1,158 1,47 1,48 1,58 1,49 1,50 1,51 1,52 1,53 1,61 1,56 1,57 1,64 1,74 1,65 1,67 1,68 1,69 1,70 1,72 1,73 1,75 1,160 1,76 1,78 1,82 1,165 1,84 1,85 1,86 1,87 1,166 1,167 0,218 1,169 1,210 1,196 1,90 1,197 1,92 1,212 1,94 1,96 1,97 1,99 1,100 1,213 1,102 1,105 1,106 1,198 1,107 1,173 1,108 1,111 1,112 1,113 1,114 1,116 1,118 1,119 1,121 1,175 1,176 1,123 1,178 1,77 1,81 1,214 1,126 1,92 1,207 1,42 0,56 1,67 1,73 1,219 1,129 1,200 1,217 0,181 1,182 1,183 0,184 1,135 1,137 1,139 1,140 1,202 1,142 1,203 1,216 1
user_000260	143 1,0 1,15 1,1 1,3 1,5 1,12 1,6 1,8 1,13 1,145 1,20 1,21 1,147 0,22 1,148 1,24 1,153 1,149 1,25 1,18 0,19 0,20 0,21 0,188 0,153 0,149 0,26 0,151 0,27 0,152 1,145 1,18 1,19 1,22 0,23 1,153 1,150 1,25 1,26 1,28 1,29 1,30 1,31 1,32 1,33 1,34 1,35 1,36 1,37 1,39 1,154 1,189 1,41 1,42 1,156 1,157 1,206 1,158 1,47 1,48 1,58 1,50 1,51 1,52 1,60 1,53 1,61 1,55 0,56 1,58 1,49 1,59 1,50 1,51 1,52 1,54 1,62 1,55 1,57 1,65 1,66 1,67 1,68 1,69 1,70 1,71 1,72 1,73 1,75 1,162 1,77 1,163 1,81 1,164 0,83 1,84 1,86 1,190 1,88 1,166 1,167 1,194 1,169 1,126 1,196 1,90 1,211 1,212 1,94 1,98 1,99 1,213 1,101 1,102 1,103 1,104 1,105 1,198 1,108 1,109 1,110 1,111 1,112 1,113 1,115 1,118 1,119 1,120 1,121 1,175 1,177 1,123 1,124 1,83 1,125 1,126 1,127 1,59 1,52 1,56 1,67 1,219 1,179 1,129 1,200 1,217 0,201 1,183 1,134 1,184 1,135 1,136 1,185 1,137 1,139 1,186 1,202 1,142 1,203 1
user_000261	143 1,0 1,11 1,2 1,4 1,12 1,17 1,8 1,9 1,14 1,152 1,19 1,21 1,22 1,188 1,23 1,149 1,150 1,25 1,26 1,152 1,18 1,19 1,21 1,188 1,148 1,24 1,150 1,25 1,151 1,152 1,146 1,19 1,21 1,188 1,148 1,24 1,153 1,149 1,27 1,28 1,29 1,30 1,31 1,32 1,33 1,34 1,35 1,36 1,37 1,38 1,39 1,207 1,40 1,42 1,43 1,44 1,206 1,159 1,47 1,154 1,40 1,189 1,41 1,42 1,43 1,156 1,206 1,45 1,159 1,38 1,207 1,155 1,41 1,42 1,156 1,157 1,45 1,159 1,47 1,48 1,58 1,49 1,59 1,51 1,52 1,60 1,61 1,54 1,56 1,48 1,58 1,59 1,50 1,51 1,52 1,60 1,53 1,55 1,63 1,58 1,50 1,51 1,60 1,53 1,54 1,62 1,55 1,63 1,56 1,64 1,74 1,65 1,66 1,67 1,69 1,70 1,71 1,72 1,73 1,64 1,74 1,65 1,66 1,67 1,68 1,69 1,70 1,71 1,73 1,64 1,65 1,67 1,68 1,69 1,70 1,71 1,72 1,73 1,75 1,76 1,163 1,164 1,208 1,190 1,87 1,192 1,193 1,214 1,209 1,169 1,126 1,195 1,210 1,90 1,127 1,211 1,197 1,171 1,95 1,96 1,97 1,99 1,102 1,104 1,106 1,198 1,173 1,108 1,110 1,113 1,114 1,115 1,117 1,118 1,119 1,176 1,177 1,178 1,124 1,124 1,77 1,81 1,83 1,87 1,125 1,92 1,207 1,56 1,67 1,73 1,219 1,179 1,129 1,130 1,217 1,131 1,182 1,183 1,132 1,133 1,215 1,135 1,136 1,185 1,137 1,202 1,142 1,216 1,187 1
user_000262	143 1,0 1,15 1,2 1,3 0,12 0,17 0,8 0,13 1,9 1,143 1,11 0,1 0,2 1,3 0,5 1,6 1,8 0,9 0,14 0,11 0,1 1,2 1,3 0,4 1,16 0,5 1,8 0,9 1,14 1,146 1,19 1,20 1,21 1,147 1,148 1,24 1,150 1,151 1,27 1,28 0,29 0,30 1,31 0,32 0,33 1,34 0,35 0,36 1,37 1,28 1,29 1,30 1,31 1,32 1,33 1,34 0,35 1,36 1,37 1,28 1,29 1,30 1,31 1,32 1,33 1,34 1,35 1,36 1,37 1,38 0,39 1,154 1,40 1,189 1,156 1,206 1,45 1,46 1,159 1,38 1,207 1,205 1,155 1,189 1,44 1,158 1,46 1,159 1,47 1,48 1,58 1,49 1,59 1,50 1,51 1,52 1,62 1,56 1,57 0,48 1,58 1,59 1,50 1,52 1,61 1,62 1,63 1,56 1,57 1,64 1,74 1,66 1,67 1,68 1,69 1,70 1,72 1,73 1,75 1,160 1,161 1,76 1,78 1,82 1,85 1,190 1,192 1,166 1,167 1,89 1,193 1,194 1,169 1,195 1,90 0,170 1,171 1,93 1,94 1,97 1,98 1,100 1,213 1,101 1,102 1,103 1,104 1,106 1,198 1,107 1,173 1,112 1,199 1,174 1,115 1,116 1,119 1,121 1,175 1,123 1,124 1,124 1,83 1,92 1,207 1,42 1,59 1,52 1,67 1,73 1,128 1,219 1,129 1,130 1,181 1,201 0,182 1,132 1,133 1,134 0,184 1,136 1,140 1,186 1,202 1,142 1,203 1,216 1,187 1
user_000263	10 1,143 1,15 1,1 0,3 1,5 0,12 0,7 1,17 1,14 1,152 1,18 1,21 1,147 1,188 1,153 1,149 1,25 1,151 1,27 1,28 1,29 1,30 1,31 1,32 1,33 1,34 1,35 1,36 1,37 1,39 1,205 1,154 1,41 1,42 1,43 1,44 1,156 1,157 1,47 1,48 1,58 1,49 1,52 1,60 1,53 0,61 1,54 1,55 0,56 1,48 1,58 1,49 1,59 1,50 1,51 1,61 1,54 1,63 1,56 1,64 1,74 1,65 1,66 1,67 1,68 1,70 1,71 1,73 1,75 1,78 1,163 1,164 1,165 1,83 1,84 1,85 1,88 1,192 1,125 1,167 1,168 1,193 1,194 1,209 1,195 1,127 1,211 1,197 1,212 1,97 1,98 1,100 1,213 1,101 1,102 1,106 1,172 1,109 1,110 1,111 1,199 1,114 1,117 1,119 1,120 1,175 1,176 1,177 1,122 1,178 1,124 1,77 1,125 1,214 1,126 1,127 1,94 1,92 1,42 1,52 1,56 1,73 1,128 1,129 1,200 1,217 0,201 1,182 1,132 1,133 1,134 1,215 1,135 1,136 1,137 1,139 1,140 1,203 1,187 1
user_000264	143 0,0 1,11 1,1 1,3 1,5 1,12 1,17 1,8 1,14 1,143 1,15 1,2 1,3 1,4 0,16 1,5 1,12 1,13 1,9 1,10 1,143 0,11 1,15 1,3 1,16 1,12 1,7 1,8 1,14 1,152 1,145 1,147 1,22 1,188 1,148 1,150 1,25 1,26 1,27 1,28 1,29 1,30 1,31 1,32 1,33 1,34 1,35 1,36 1,37 1,38 0,205 1,154 1,41 1,42 1,44 1,206 1,45 1,158 1,46 0,39 1,205 1,154 1,40 1,41 1,156 1,157 1,45 1,158 1,159 1,48 1,58 1,50 1,51 1,52 1,61 0,54 1,62 1,55 1,57 0,48 1,51 1,52 1,60 1,53 1,61 1,54 1,62 1,55 1,56 1,74 1,65 1,66 1,68 1,69 1,70 1,71 1,72 1,73 1,75 1,162 1,77 1,78 1,163 1,81 1,82 1,208 1,87 1,192 1,125 1,167 1,168 1,218 1,194 1,214 1,209 1,126 1,195 1,196 1,92 1,96 0,97 1,98 1,100 1,102 1,105 1,106 1,172 1,107 1,109 1,110 1,111 1,114 1,174 1,116 1,117 1,118 1,121 1,176 1,177 1,123 1,124 1,124 1,77 1,83 1,87 1,59 1,52 1,128 1,219 1,129 1,180 1,130 1,217 0,201 0,131 1,183 1,132 1,134 1,184 1,215 1,136 1,137 1,138 0,139 1,186 1,142 1,203 1,216 1,187 1
user_000265	10 1,11 0,1 1,2 0,4 1,7 1,17 1,8 0,9 1,14 1,10 1,144 1,0 1,15 1,3 1,5 1,6 1,7 1,17 1,13 1,18 0,20 1,21 0,147 1,22 0,23 1,148 1,24 1,149 1,25 1,152 1,18 1,146 1,21 1,147 1,23 1,24 1,153 1,149 1,25 1,28 1,29 1,30 1,31 1,32 1,33 1,34 1,35 1,36 1,37 1,39 1,205 1,154 1,155 1,42 1,43 1,44 1,206 1,159 1,47 1,48 1,58 1,49 1,59 1,51 1,52 1,53 1,61 1,54 1,56 1,64 1,74 1,65 1,66 1,67 0,68 1,69 1,72 1,73 1,75 1,64 0,74 1,65 1,66 1,68 1,69 1,70 1,71 1,72 1,73 1,64 1,74 1,65 1,67 1,69 1,70 1,71 1,72 1,73 1,75 1,160 1,161 1,162 1,79 1,81 1,82 1,208 1,165 1,85 1,190 1,191 1,192 1,166 1,167 1,193 0,209 1,127 1,92 1,171 1,95 1,96 1,99 1,100 1,213 1,101 1,102 1,104 1,105 1,172 1,198 1,107 1,173 1,108 1,110 0,111 1,199 1,114 1,115 1,116 1,117 1,123 1,178 1,124 1,124 1,77 1,81 1,125 1,126 1,127 1,207 1,56 1,67 1,128 1,179 1,217 0,201 1,182 1,183 1,132 1,133 1,134 1,135 1,138 1,139 1,140 1,186 1,141 1,142 1,216 1,187 1
user_000266	10 0,0 1,11 1,15 1,1 1,16 0,5 1,12 1,6 1,9 1,11 1,1 1,2 0,3 1,4 0,6 1,7 1,17 0,8 1,9 1,10 1,143 1,144 1,0 1,3 1,5 1,7 1,8 1,9 1,14 1,18 0,146 1,19 0,20 0,188 1,23 1,148 1,149 1,25 1,151 1,152 0,19 1,20 1,22 1,188 1,148 1,149 1,150 1,26 1,27 1,152 1,18 1,21 1,147 1,22 1,23 1,148 1,153 1,149 1,150 1,28 1,29 1,30 1,31 1,32 1,33 0,34 1,35 1,36 1,37 1,28 1,29 1,30 1,31 1,32 1,33 1,34 1,35 1,36 1,37 1,38 1,205 1,154 1,189 1,42 1,43 1,44 1,157 1,46 0,159 1,38 1,154 1,155 1,41 1,42 1,43 1,156 1,206 1,158 1,159 1,48 1,58 1,49 1,59 1,52 1,60 1,55 1,63 1,56 1,57 1,74 1,66 1,67 1,68 1,69 1,70 1,71 1,72 1,73 0,75 0,74 1,65 1,66 1,67 1,68 1,69 1,70 1,71 1,72 1,75 1,160 1,161 1,76 1,77 1,79 1,208 1,165 1,83 1,84 1,86 1,191 1,125 1,168 1,89 1,194 1,214 1,126 1,211 1,197 1,171 1,97 1,98 1,100 1,101 1,102 1,103 1,104 1,105 1,198 1,107 1,173 1,108 1,109 1,110 0,112 1,114 1,116 1,118 1,119 1,120 1,176 1,122 1,124 1,124 1,83 1,125 1,126 1,92 1,59 1,67 1,73 1,128 1,129 1,200 1,130 1,217 0,182 1,183 1,132 1,215 1,135 1,185 1,137 1,139 1,186 1,141 1,142 1,216 1,204 1,187 1
user_000267	143 1,144 1,11 1,15 1,4 1,16 1,6 1,8 0,13 1,14 0,10 1,0 1,11 1,1 1,4 0,16 1,7 1,17 1,13 1,9 1,10 1,144 1,0 1,1 1,2 0,5 1,12 1,6 1,7 1,9 1,152 0,18 0,146 1,20 1,21 0,148 1,153 0,149 0,150 1,25 0,18 1,146 1,21 0,22 1,188 1,23 1,24 1,150 1,26 1,27 1,28 1,29 1,30 1,31 1,32 1,33 1,34 1,35 1,36 1,37 1,205 1,154 1,155 1,41 1,42 1,156 1,157 1,45 1,46 1,47 1,58 1,49 1,59 1,50 1,51 1,52 1,60 1,53 1,63 1,56 1,64 1,74 1,65 1,67 0,68 1,70 1,71 1,72 1,73 1,75 1,80 1,82 1,208 1,83 1,84 1,190 1,192 1,168 1,89 1,218 1,214 1,126 1,195 1,90 1,127 1,170 1,171 1,93 1,94 1,95 1,97 1,98 1,100 1,101 1,102 1,103 1,105 1,172 1,198 1,107 1,173 1,109 1,110 1,112 1,199 1,118 1,175 1,176 1,177 1,122 1,124 1,87 1,214 1,127 1,94 1,92 1,207 1,59 1,56 1,67 1,73 1,219 1,179 1,130 1,217 0,181 1,183 0,132 0,184 1,215 1,135 1,185 1,137 1,138 1,186 0,202 1,141 1,142 1,203 1,216 1
user_000268	10 1,144 1,11 1,1 1,3 1,5 1,7 1,8 1,13 1,9 1,152 1,146 1,20 1,22 1,188 0,23 1,24 1,153 1,149 1,151 1,28 1,29 1,30 1,31 1,32 1,33 1,34 1,35 1,36 1,37 1,154 1,40 1,155 1,189 1,42 1,44 1,157 0,206 1,159 1,47 1,48 1,49 1,59 1,60 1,61 1,54 1,62 1,55 1,63 1,56 1,64 0,74 1,66 1,67 1,68 1,70 1,71 1,72 1,73 1,75 1,161 1,162 1,79 1,163 1,80 1,81 1,82 1,164 1,208 1,83 1,84 1,87 1,167 1,214 1,169 1,210 1,196 1,91 1,211 1,170 1,96 1,98 1,100 1,102 1,104 1,105 1,172 1,110 1,112 1,199 1,113 1,114 1,115 1,116 0,117 1,118 1,121 1,175 1,122 1,123 0,124 1,83 1,87 1,214 1,126 1,94 1,92 1,207 1,42 1,52 1,56 1,67 1,73 1,128 1,129 1,180 1,200 1,130 1,217 0,132 1,133 1,135 1,136 1,185 1,138 1,186 1,202 1,141 1,142 1,187 1
user_000269	143 0,144 1,0 1,15 1,3 0,16 1,5 1,12 0,17 1,9 0,10 1,143 1,144 1,15 1,1 1,5 1,17 0,13 0,9 1,14 0,10 1,144 1,0 1,11 0,1 1,12 1,6 1,7 1,13 1,9 1,152 1,18 1,19 0,22 0,188 0,148 0,24 0,153 0,149 0,27 0,145 1,18 1,19 1,22 1,188 1,148 1,24 1,149 1,150 1,26 1,28 1,29 1,30 1,31 1,32 1,33 1,34 1,35 1,36 1,37 1,207 1,205 1,40 1,41 1,42 1,43 1,44 1,158 1,46 1,159 1,48 1,58 1,49 1,50 1,60 1,53 1,61 1,54 1,62 1,63 1,48 1,58 1,59 1,51 1,52 1,54 1,62 1,55 1,63 1,57 1,64 1,74 1,65 1,67 1,68 1,69 1,70 1,71 1,73 1,75 1,64 1,74 1,65 1,66 1,67 1,68 1,69 1,70 1,72 1,73 1,160 1,162 1,78 1,163 1,82 1,208 1,84 1,86 1,191 1,88 1,192 1,166 1,167 1,168 1,89 1,218 1,209 1,91 1,197 1,171 1,98 1,99 1,100 1,213 1,101 1,102 1,104 1,105 1,109 1,110 1,112 1,114 1,174 1,115 1,116 1,117 1,118 1,119 1,120 1,175 1,176 1,177 1,122 1,178 1,124 1,124 1,81 1,126 1,94 1,92 1,207 1,42 1,59 1,56 1,128 1,219 1,180 1,217 1,133 1,215 1,135 1,136 1,185 1,137 1,138 1,139 1,142 1,203 1,216 1,187 1
user_000270	143 1,144 1,11 1,1 1,4 1,16 0,5 1,6 1,7 1,8 0,0 1,11 1,15 1,1 1,4 1,16 1,12 1,17 1,13 1,14 1,145 1,146 1,21 1,147 1,22 1,148 1,153 1,149 1,150 1,25 1,28 1,29 1,30 1,31 1,32 1,33 1,34 1,35 1,36 1,37 1,39 1,205 1,154 1,189 1,41 1,43 1,44 1,156 1,157 1,206 1,58 0,49 1,59 1,50 1,51 1,52 1,53 1,54 0,63 1,57 1,48 0,58 1,49 1,59 1,51 1,53 1,62 1,55 1,56 1,57 1,48 1,59 1,50 1,51 1,52 1,60 1,61 1,54 1,63 1,57 1,64 0,74 1,66 1,67 1,68 1,70 0,71 0,72 1,73 1,75 1,64 1,74 1,66 1,67 1,68 1,69 1,70 1,72 1,73 1,75 1,160 1,161 1,162 1,78 1,84 1,85 1,86 1,87 1,192 1,166 1,89 1,218 1,194 1,126 1,195 1,196 1,90 1,127 1,92 1,95 1,98 1,99 1,100 1,213 1,101 1,105 1,106 1,172 1,198 1,107 1,109 1,110 1,111 1,113 1,115 1,116 1,118 1,176 1,177 1,123 1,124 1,77 0,83 0,214 1,126 1,92 1,59 1,56 1,73 1,219 1,179 1,130 1,181 1,201 1,131 1,182 1,183 1,133 1,134 1,215 1,135 1,136 1,185 1,137 1,138 1,139 1,140 1,202 1,141 1,187 1
user_000271	144 1,11 0,1 1,2 0,4 0,5 1,6 0,17 1,8 0,14 1,143 1,144 1,11 1,1 1,3 1,12 1,7 1,8 1,9 1,14 1,145 1,19 0,21 1,147 0,188 1,148 1,24 1,153 1,26 1,151 1,18 0,146 1,20 1,21 0,22 0,23 1,150 1,25 1,26 1,27 1,145 1,18 1,21 1,147 1,188 1,148 1,150 1,26 1,151 1,27 1,28 1,29 1,30 1,31 1,32 1,33 1,34 1,35 1,36 1,37 1,39 1,207 1,205 1,189 1,42 1,43 1,157 1,45 1,158 1,46 1,59 1,50 1,51 1,60 1,53 1,61 1,62 1,63 1,56 1,57 1,64 0,74 1,65 1,66 1,68 1,69 1,70 1,71 1,72 1,73 1,64 1,65 1,67 0,68 1,69 1,70 1,71 1,72 1,73 1,75 1,64 1,74 1,65 1,67 0,69 1,70 1,71 0,72 0,73 1,75 1,161 1,78 1,163 1,80 1,82 1,84 1,190 1,87 1,167 1,168 1,89 1,193 1,214 1,195 1,196 1,197 1,170 1,212 1,171 1,95 1,96 1,97 1,98 1,213 1,101 1,106 1,172 1,198 1,108 1,109 1,111 1,199 1,174 1,115 1,118 1,120 1,176 1,177 1,122 0,123 1,178 1,124 1,81 1,83 1,125 1,214 1,126 1,127 1,42 1,59 1,52 1,73 1,128 1,180 1,200 1,201 1,182 1,183 0,132 1,215 1,135 1,185 1,139 1,186 1,202 1,141 1,142 1,203 1,216 1,187 1
user_000272	10 1,11 1,1 1,2 0,4 1,16 1,12 1,7 1,17 1,9 1,152 1,146 1,20 1,21 1,22 0,23 1,24 1,150 1,25 1,151 0,18 1,146 1,20 1,147 1,22 1,148 1,153 1,149 1,25 1,27 1,28 1,29 1,30 1,31 1,32 1,33 1,34 1,35 1,36 1,37 1,38 1,39 1,205 1,154 1,155 1,44 1,156 1,45 1,46 1,47 0,48 1,49 1,59 1,50 1,51 1,53 1,61 1,54 0,55 1,57 1,64 1,74 1,65 1,66 1,69 1,70 1,71 1,72 1,73 1,75 1,77 1,78 1,163 1,80 1,81 1,85 1,87 1,191 1,88 0,125 1,89 1,218 1,194 1,209 1,127 1,91 1,211 1,92 1,212 1,93 1,96 1,98 1,99 1,100 1,213 1,101 1,103 0,105 1,106 1,172 1,198 1,109 1,110 1,111 1,112 0,113 1,114 1,174 1,115 1,116 1,117 1,118 1,175 1,176 1,122 1,123 1,178 1,83 1,87 1,125 0,92 1,207 1,52 1,56 1,73 1,128 1,219 1,130 1,182 1,132 1,133 1,184 1,135 1,136 1,138 1,140 1,186 1,202 1,142 1,187 1
user_000273	10 1,11 1,15 1,2 1,3 1,5 1,12 1,6 1,13 1,9 0,10 1,143 1,11 1,15 1,2 1,6 1,7 1,17 1,13 1,14 1,145 1,18 1,146 1,19 1,22 1,149 1,150 1,25 1,26 1,27 1,28 1,29 1,30 1,31 1,32 1,33 1,34 1,35 1,36 1,37 1,207 1,205 1,155 1,189 1,42 1,43 1,44 1,45 1,158 1,46 1,48 1,58 1,49 1,59 1,50 1,52 1,60 1,53 1,54 1,63 1,74 1,65 1,66 1,67 0,68 1,69 1,70 1,71 1,72 1,75 1,64 1,74 1,65 1,66 1,67 1,68 1,69 1,70 1,71 1,75 1,161 1,76 1,162 1,77 1,79 1,82 1,83 1,84 1,85 1,191 1,88 1,166 1,194 0,209 1,126 1,210 1,196 1,90 1,127 1,95 1,96 1,97 1,100 1,101 1,102 1,103 1,106 1,198 1,108 1,111 1,112 1,199 1,113 1,114 1,174 1,116 1,117 1,119 1,120 1,121 1,176 1,177 1,123 1,178 1,124 1,81 1,83 1,126 1,127 1,92 1,207 1,42 1,52 1,128 1,129 1,180 1,200 1,217 1,201 1,131 1,182 1,183 1,133 1,134 1,215 1,185 1,140 1,186 1,142 1,204 1
user_000274	144 1,11 1,1 1,2 1,4 1,16 1,5 1,12 1,8 1,14 1,152 1,146 1,20 0,147 0,188 1,24 1,153 1,149 1,26 1,27 1,152 0,145 0,146 1,19 1,21 0,23 1,24 1,150 1,25 1,26 1,28 1,29 1,30 1,31 1,32 1,33 1,34 1,35 1,36 1,37 1,38 1,39 1,207 1,40 1,41 1,44 1,157 1,206 1,46 0,47 1,39 1,207 1,154 1,40 1,189 1,43 1,206 1,45 1,46 0,47 1,48 1,58 1,51 1,52 1,53 1,61 1,54 1,62 1,55 1,56 1,64 1,74 0,65 1,66 1,68 1,69 1,71 1,72 1,73 1,75 1,160 1,76 1,162 1,81 1,208 1,165 1,83 1,84 1,85 1,191 1,168 1,89 1,193 1,214 1,195 1,127 1,91 1,170 1,171 1,93 1,96 1,97 1,98 1,99 1,100 1,101 1,102 1,103 1,104 1,172 1,198 1,107 1,173 1,108 1,199 1,117 1,119 1,120 1,121 1,175 1,177 1,122 1,123 1,124 1,124 1,83 1,125 1,126 1,127 1,94 1,52 1,56 1,73 1,179 1,129 1,130 1,217 0,181 1,201 1,131 1,182 1,183 1,132 1,133 0,184 1,215 1,139 1,202 1,203 1,187 1
user_000275	10 1,143 1,144 0,0 1,11 1,16 0,12 0,6 1,13 0,14 1,10 1,0 1,11 1,2 0,3 1,16 1,7 1,8 1,13 1,14 1,10 1,143 1,15 1,1 1,2 1,5 0,12 1,6 1,17 1,13 1,145 1,146 1,21 1,147 1,22 1,23 1,148 1,24 1,25 1,151 1,28 1,29 1,30 1,31 1,32 0,33 1,34 1,35 0,36 1,37 1,28 1,29 1,30 1,31 1,32 1,33 1,34 1,35 1,36 1,37 1,39 1,207 0,205 1,154 1,155 1,43 1,156 1,46 1,159 1,47 1,59 1,50 1,52 1,60 1,53 1,61 1,54 1,55 1,63 1,57 1,64 1,74 1,65 1,66 1,67 1,69 0,71 1,72 1,73 1,75 1,64 1,74 1,65 1,67 1,68 1,69 1,70 1,71 1,73 1,75 1,160 1,161 1,76 1,77 1,80 1,164 1,208 0,84 1,86 1,88 0,192 1,209 1,126 1,196 1,127 1,211 1,197 1,92 1,212 1,95 1,96 1,98 1,99 1,100 1,103 1,105 1,172 1,107 1,173 1,108 1,109 1,112 1,199 1,114 1,174 1,115 1,118 1,120 1,175 1,176 1,177 1,122 0,178 1,124 1,77 1,214 1,126 1,92 1,207 1,73 1,128 1,179 1,180 1,200 1,130 1,217 1,201 1,182 1,183 1,133 1,136 1,137 1,140 1,186 1,141 1,142 1,203 1,216 1,204 1,187 1
user_000276	10 1,143 1,144 1,15 1,3 0,16 0,6 1,7 1,13 1,9 1,10 1,143 1,144 0,0 1,4 0,16 1,7 1,17 1,9 1,14 0,144 1,0 1,11 1,1 1,3 0,16 1,5 0,8 0,13 1,14 0,145 1,18 1,146 1,19 1,188 1,148 1,153 1,25 0,26 1,27 1,28 1,29 1,30 1,31 1,32 1,33 0,34 1,35 0,36 1,37 1,28 1,29 1,30 1,31 1,32 1,33 1,34 1,35 0,36 1,37 1,39 1,207 1,205 0,155 0,42 0,156 1,157 0,206 1,158 0,159 1,205 1,154 1,189 1,41 1,42 1,43 1,44 0,206 1,158 0,159 1,38 1,207 1,189 1,41 1,42 1,43 1,156 1,206 1,45 1,46 1,49 1,51 1,52 1,60 1,53 1,61 1,62 1,63 1,56 1,57 0,48 1,49 1,51 1,52 1,61 1,62 1,55 1,63 1,56 1,57 0,48 1,58 0,49 1,51 1,60 1,61 1,54 1,62 1,55 1,56 1,64 1,74 0,65 1,66 1,68 0,69 1,70 1,71 1,72 1,75 1,64 1,74 1,66 1,67 1,68 0,69 1,70 1,71 1,73 1,75 1,64 1,65 1,67 1,68 1,69 1,70 1,71 1,72 1,73 1,75 1,161 1,76 1,77 0,78 1,163 1,164 1,208 1,190 1,87 1,88 1,125 1,166 1,89 1,214 1,126 1,210 1,127 1,211 1,171 1,93 1,96 1,97 1,99 1,100 1,213 1,103 1,104 1,105 1,106 1,172 1,107 1,110 1,111 1,199 1,115 1,116 1,117 1,119 1,121 1,175 1,176 1,124 1,81 1,83 1,87 1,125 1,126 1,127 1,94 1,207 0,59 0,56 1,73 1,128 1,219 1,179 1,129 1,180 1,130 1,181 1,201 1,131 1,182 1,183 1,132 1,133 1,184 1,185 1,137 1,203 1
user_000277	143 1,15 1,1 1,2 0,4 0,16 1,5 0,7 1,17 1,9 1,143 1,0 1,11 1,15 1,3 1,16 1,5 0,6 1,8 1,13 1,145 1,18 1,146 1,20 0,21 1,148 1,149 1,26 1,151 1,27 1,152 1,19 1,20 1,22 1,188 1,23 1,153 1,25 1,26 1,151 1,28 1,29 1,30 1,31 1,32 0,33 1,34 1,35 1,36 1,37 1,38 1,39 1,207 1,189 1,41 1,156 1,206 1,45 1,46 1,159 1,58 1,59 0,51 1,60 1,53 1,61 0,54 1,62 1,63 1,56 1,48 1,49 1,50 1,51 1,60 1,61 1,54 1,62 1,56 1,57 0,64 1,74 1,65 0,67 1,68 0,69 0,71 1,72 1,73 1,75 0,64 0,74 1,65 0,66 1,68 0,69 1,70 1,71 1,72 1,73 1,161 1,162 1,78 1,163 1,164 1,208 1,85 1,190 1,87 1,192 1,125 1,166 1,89 1,195 1,210 1,127 1,170 1,171 1,93 1,95 1,96 1,213 1,103 1,105 1,106 1,172 1,107 1,112 1,199 0,115 0,116 1,119 1,120 1,177 1,123 1,124 1,124 1,77 1,81 1,83 1,125 1,214 1,126 1,94 1,92 1,207 1,59 1,128 1,219 1,200 1,130 1,217 1,181 1,201 1,131 1,182 1,183 1,132 1,184 1,215 1,135 1,185 1,137 1,140 1,202 1,141 1,142 1,203 1,204 1,187 1
user_000278	143 1,144 1,15 1,1 1,2 1,12 1,6 1,17 0,13 0,14 1,10 1,144 1,11 0,1 1,2 0,16 0,5 0,12 1,17 1,8 0,143 0,144 1,11 1,15 1,3 1,16 1,5 1,7 1,8 1,13 1,152 1,18 1,146 1,21 1,22 1,24 1,153 1,149 1,150 1,151 1,28 1,29 1,30 1,31 1,32 1,33 1,34 1,35 0,36 1,37 1,28 1,29 1,30 1,31 1,32 0,33 1,34 1,35 1,36 1,37 1,28 1,29 1,30 1,31 1,32 1,33 1,34 1,35 1,36 1,37 1,38 1,154 1,189 1,41 1,42 1,44 1,45 1,158 1,159 1,47 1,48 1,49 1,50 1,52 1,60 1,53 1,61 1,54 0,55 1,63 0,48 1,49 1,59 1,50 1,51 1,60 1,53 1,61 1,63 1,57 1,64 0,74 1,65 1,66 1,67 1,68 0,69 1,70 1,71 1,72 1,64 1,74 1,65 1,66 1,68 1,69 1,70 1,72 1,73 1,75 1,76 1,163 1,80 1,208 1,165 1,83 1,84 1,191 1,125 0,167 1,218 1,193 1,209 1,169 1,210 1,90 1,127 1,92 1,212 1,94 1,97 1,101 1,103 1,172 1,198 1,107 1,173 0,109 1,110 1,112 1,199 1,113 1,114 1,174 1,116 1,117 1,119 1,175 1,176 1,123 1,124 1,124 1,77 1,81 1,83 1,214 1,126 1,127 1,92 1,207 1,42 0,59 1,56 1,219 1,180 1,200 1,130 1,217 0,201 0,131 1,132 1,133 1,134 1,135 1,137 1,140 1,141 1,142 1,203 1,216 1
user_000279	10 1,143 0,0 1,1 1,3 0,16 0,5 0,6 1,17 1,14 0,0 1,1 1,2 0,3 0,4 1,12 0,6 1,7 1,17 1,8 1,0 1,15 1,1 1,2 0,3 0,16 0,5 0,7 1,17 1,14 1,152 0,19 1,20 1,147 1,22 1,148 1,153 1,25 1,151 1,27 1,145 1,146 1,19 1,21 1,147 1,153 1,149 1,150 1,26 1,27 1,28 1,29 1,30 1,31 1,32 0,33 1,34 1,35 1,36 1,37 1,39 1,207 1,205 1,155 1,42 1,43 1,156 1,158 1,46 1,159 1,48 1,58 1,49 1,59 1,50 1,52 1,61 1,54 1,55 1,57 1,64 0,74 1,65 1,66 1,67 1,68 0,69 1,70 1,71 1,72 1,64 0,65 1,66 1,67 1,68 1,70 1,71 1,72 1,73 1,75 1,160 1,162 1,77 1,78 1,82 1,164 1,165 1,83 1,84 1,85 1,86 1,191 1,192 1,166 1,214 1,127 1,197 1,92 1,170 1,212 1,96 0,97 1,98 1,100 1,105 1,106 1,172 1,107 1,108 1,109 1,110 1,111 1,199 1,174 1,115 0,116 1,117 1,119 1,120 1,121 1,175 1,176 1,123 1,178 1,77 1,87 1,214 1,126 1,92 1,207 1,52 1,56 1,67 1,128 1,217 0,181 1,131 1,182 1,183 1,134 1,215 1,136 1,138 1,139 1,140 1,186 1,142 1,203 1,204 1,187 1
user_000280	143 1,15 1,1 1,3 1,4 1,7 1,17 1,8 1,13 1,9 1,152 1,18 1,19 1,21 0,22 1,148 1,24 1,150 0,151 1,27 1,145 1,19 1,147 1,22 0,188 0,23 1,24 1,149 1,150 1,25 1,152 1,145 1,18 1,146 1,20 1,148 1,24 1,149 1,26 1,151 1,28 1,29 1,30 1,31 1,32 1,33 1,34 1,35 1,36 1,37 1,39 1,207 1,205 1,40 1,42 1,43 1,156 1,157 1,206 1,45 1,59 0,51 1,52 1,60 1,53 1,61 1,62 1,55 1,56 0,57 1,48 1,58 1,59 1,50 1,52 1,60 1,54 1,55 1,63 1,57 1,64 0,74 1,65 1,66 1,68 1,69 1,70 0,72 1,73 0,75 1,64 0,74 1,65 1,66 1,68 1,69 0,70 1,71 1,73 1,75 1,74 1,65 1,66 1,67 1,68 1,69 1,70 1,71 1,72 1,73 1,160 1,78 1,163 1,82 1,84 1,85 1,190 1,87 1,88 1,125 1,166 1,89 1,193 1,210 1,196 1,127 1,91 1,211 1,212 1,93 1,96 1,97 1,98 1,213 1,101 1,103 1,105 1,172 1,198 1,107 1,108 1,109 1,111 1,113 1,174 1,115 1,116 1,117 1,119 1,120 1,178 1,124 1,81 1,83 1,87 1,125 0,214 1,94 1,92 1,207 1,59 1,56 1,128 1,129 1,130 1,217 1,201 1,131 1,132 1,133 1,134 1,215 1,136 1,138 1,140 1,186 1,202 1,203 1,216 1,204 1
user_000281	10 1,11 1,1 1,3 1,4 1,16 1,5 1,6 1,7 1,14 1,145 1,18 1,147 1,22 1,188 1,23 1,148 1,149 1,26 0,27 1,145 1,18 0,146 1,21 1,147 0,24 1,149 1,150 1,26 1,151 1,28 1,29 1,30 1,31 0,32 0,33 1,34 1,35 1,36 1,37 1,28 1,29 1,30 1,31 1,32 1,33 1,34 1,35 1,36 1,37 1,38 1,40 1,155 1,189 1,41 1,157 1,206 1,45 1,46 1,47 1,48 0,58 0,50 1,51 1,61 1,54 1,55 0,63 0,56 1,57 1,48 1,58 1,49 1,59 1,50 1,52 1,53 1,54 0,62 1,57 1,64 1,65 1,67 1,68 1,69 0,70 1,71 0,72 1,73 1,75 1,64 0,74 1,65 1,66 1,67 1,69 1,70 1,71 1,72 1,73 1,161 1,78 1,164 1,84 1,86 1,87 1,192 1,167 1,193 1,214 1,126 1,195 1,196 1,90 1,127 1,91 1,211 1,197 1,170 1,93 1,97 1,99 1,100 1,213 1,102 1,103 1,104 1,105 1,106 1,107 1,108 1,109 1,110 1,111 1,199 1,113 1,114 1,115 1,117 1,120 1,175 1,177 1,123 1,124 1,83 1,87 1,125 1,214 1,94 1,207 1,52 1,56 1,73 1,128 1,219 1,200 1,217 0,201 1,182 1,133 1,134 1,135 1,136 1,185 1,139 1,140 1,186 1,202 1,141 0,187 1
user_000282	10 0,143 1,15 0,2 0,4 1,12 1,6 1,17 1,13 1,14 1,144 1,0 1,11 1,1 0,3 1,16 1,12 1,6 1,8 1,9 1,145 1,18 0,20 0,22 0,188 1,148 1,24 1,149 0,26 1,27 1,145 1,18 1,146 1,20 1,188 1,24 1,153 1,150 1,26 1,151 1,28 0,29 1,30 1,31 1,32 0,33 0,34 1,35 1,36 1,37 1,28 1,29 1,30 1,31 1,32 0,33 1,34 0,35 1,36 1,37 1,28 1,29 1,30 1,31 1,32 1,33 1,34 1,35 1,36 1,37 1,38 1,205 1,155 1,189 1,41 1,43 1,44 1,158 1,159 1,47 1,58 0,59 1,50 1,51 1,53 1,61 1,54 1,55 1,63 0,57 1,50 1,51 1,60 1,53 1,61 1,54 1,62 1,55 1,63 1,56 1,64 0,74 1,65 1,66 0,67 1,68 1,69 1,71 1,72 1,75 1,64 1,74 1,66 1,67 1,69 1,70 1,71 1,72 1,73 1,75 1,161 1,77 1,81 1,164 1,208 1,190 1,191 1,88 0,166 1,168 1,194 0,169 1,210 1,127 1,211 1,197 1,92 1,170 1,94 1,95 1,97 1,99 1,101 1,103 1,105 1,106 0,172 1,173 1,110 1,111 1,114 1,174 1,116 1,117 1,118 1,119 1,120 1,175 1,177 1,124 1,77 1,83 1,87 1,125 0,214 1,126 1,94 1,42 1,59 1,56 1,67 1,73 1,128 1,129 1,130 1,217 1,131 1,182 1,133 1,134 1,184 1,215 1,185 1,137 1,139 1,140 1,186 1,142 1,216 1,187 1
user_000283	144 1,0 1,11 0,2 1,4 1,5 1,6 0,8 1,9 1,14 1,152 1,18 1,20 1,147 1,188 1,153 1,149 1,150 1,151 1,27 1,28 1,29 1,30 1,31 0,32 1,33 0,34 0,35 0,36 1,37 1,28 1,29 1,30 1,31 0,32 1,33 1,34 1,35 0,36 1,37 1,28 1,29 1,30 1,31 1,32 1,33 1,34 1,35 1,36 1,37 1,38 1,40 1,155 1,189 1,41 1,156 1,157 1,206 1,45 1,158 1,49 1,59 1,51 1,60 1,53 1,61 1,54 1,62 1,63 1,57 1,64 1,74 1,65 0,66 1,68 1,69 1,70 1,71 1,72 1,73 1,78 1,81 1,82 1,164 1,208 1,165 1,84 1,86 1,88 1,192 1,125 1,168 1,89 1,193 1,195 1,90 1,127 1,211 1,92 1,93 1,96 1,97 1,99 1,213 1,101 1,102 1,105 1,106 1,198 1,107 1,173 0,108 1,110 1,199 1,113 1,114 1,174 1,117 1,118 1,121 1,175 1,176 1,177 1,124 1,77 1,83 1,87 1,127 1,94 1,42 1,59 1,52 1,67 1,128 1,179 1,180 1,200 1,130 1,217 0,201 0,131 1,183 1,132 1,133 0,184 1,215 0,135 1,185 1,186 1,141 0
user_000284	10 1,143 1,144 1,15 1,2 1,6 1,7 1,17 1,13 1,9 1,152 0,145 1,18 0,146 1,20 0,23 0,148 1,24 1,153 1,27 1,145 1,19 1,20 1,147 0,22 1,149 1,25 1,26 1,151 1,27 1,146 1,19 1,20 1,21 1,22 1,23 1,24 1,25 1,26 1,27 1,28 1,29 1,30 1,31 1,32 1,33 1,34 1,35 1,36 1,37 1,39 1,154 1,40 1,155 1,42 1,44 1,156 1,45 1,46 1,159 1,48 1,59 1,50 1,51 1,52 1,53 1,61 1,54 1,55 0,63 1,64 1,74 1,65 1,66 1,67 1,68 1,70 1,71 1,73 1,75 1,64 0,74 0,66 0,68 0,69 0,70 0,71 0,72 0,73 0,75 0,160 1,76 1,78 1,82 1,164 1,83 1,86 1,87 1,191 1,192 1,125 1,218 1,214 1,209 1,127 1,91 1,211 1,92 1,170 1,94 1,96 1,97 1,99 1,213 1,102 0,103 1,104 1,105 1,172 1,198 1,107 1,173 1,108 1,109 1,112 1,113 1,174 1,115 1,118 1,119 1,120 0,176 1,123 0,124 1,124 1,77 1,83 1,214 1,127 1,92 1,207 1,42 1,59 1,56 1,67 1,219 1,129 1,180 1,130 1,201 1,183 1,132 1,135 1,138 1,139 1,140 1,186 1,141 1,142 1,204 1
user_000285	10 1,0 1,15 1,1 0,4 0,16 0,17 0,8 0,13 0,9 0,143 1,144 1,0 1,11 1,2 1,16 0,7 1,17 1,8 0,14 1,10 1,144 1,11 0,1 0,3 0,5 1,12 0,6 0,7 1,14 0,152 0,145 1,146 1,20 1,22 1,23 1,148 1,24 1,153 0,149 1,152 0,145 1,146 1,147 1,22 0,24 1,153 1,150 1,25 1,26 1,145 1,20 1,21 1,147 1,22 1,23 1,148 1,149 1,150 1,151 1,28 1,29 1,30 1,31 1,32 1,33 1,34 1,35 0,36 1,37 1,28 1,29 1,30 1,31 1,32 1,33 1,34 1,35 0,36 1,37 1,28 1,29 1,30 1,31 1,32 1,33 1,34 1,35 1,36 1,37 1,38 1,207 1,154 1,155 1,41 1,43 0,157 1,45 1,46 1,47 1,39 1,207 1,205 0,189 0,42 1,156 1,157 1,206 1,158 1,46 1,38 1,39 1,207 1,205 1,42 1,43 1,156 1,45 1,46 1,159 1,48 0,58 1,59 0,50 1,52 1,60 1,53 1,61 1,54 1,56 1,48 1,58 0,49 1,51 1,52 1,53 1,61 1,54 1,62 1,56 1,48 1,58 1,49 1,52 1,60 1,54 1,62 1,55 1,56 1,57 0,64 0,74 1,65 0,66 1,67 1,68 1,69 1,71 0,73 1,75 1,64 1,65 1,66 1,67 1,68 1,69 1,70 1,71 1,73 1,75 1,160 1,76 0,77 1,78 1,79 1,82 1,164 1,208 1,84 1,190 1,192 1,89 1,218 1,193 1,126 1,195 1,210 1,171 1,93 1,95 1,99 1,101 1,105 1,106 1,172 1,198 1,107 1,173 1,110 0,199 1,114 1,174 1,117 1,118 1,120 1,121 0,175 1,176 1,177 1,122 1,178 1,124 1,77 1,81 1,83 0,87 1,94 1,207 1,52 1,67 1,73 1,219 1,179 1,129 1,180 1,200 1,130 1,201 1,182 1,132 1,133 1,134 1,215 1,135 1,185 1,139 1,141 1,142 1,203 0,204 1
user_000286	143 0,144 1,11 1,3 0,4 0,12 1,7 1,8 1,13 1,9 0,143 0,144 1,1 0,3 0,4 0,16 0,12 1,7 1,13 1,14 1,143 0,144 1,11 1,15 0,3 1,5 1,12 1,7 0,13 0,14 1,145 1,146 1,19 0,21 1,147 0,148 1,24 1,149 0,25 1,26 1,145 1,18 1,146 1,19 1,188 0,23 0,148 1,24 1,153 1,25 1,28 1,29 1,30 1,31 1,32 1,33 1,34 1,35 1,36 1,37 1,39 1,207 1,205 1,40 1,42 1,206 1,45 1,158 1,159 1,47 1,49 1,59 1,50 1,60 1,61 1,54 1,62 1,55 1,63 1,56 1,64 1,74 1,66 1,67 1,68 1,69 1,70 1,72 1,73 0,75 1,160 1,76 1,79 1,164 1,165 1,84 1,86 1,191 1,88 1,192 1,218 1,169 1,195 1,127 1,91 1,197 1,170 1,171 1,93 1,95 1,98 1,99 1,100 1,213 1,101 1,102 1,104 1,105 1,106 1,198 1,107 1,108 1,110 1,111 1,112 1,113 1,114 1,174 1,115 1,117 1,120 1,121 1,176 1,177 1,122 1,123 1,178 1,125 1,214 1,126 1,207 1,42 1,67 1,128 1,219 1,180 1,200 1,217 0,181 1,201 0,132 1,135 1,136 1,138 1,139 1,140 1,202 1,203 1,216 1,187 1
user_000287	143 1,144 1,1 1,2 0,3 0,16 1,5 0,12 1,6 1,7 1,10 1,143 1,144 1,2 0,3 1,16 1,5 0,6 1,17 1,9 1,144 1,0 1,11 1,15 1,3 0,16 1,12 1,6 1,17 1,8 1,152 1,18 1,19 1,20 1,147 1,24 1,153 1,25 1,151 1,27 1,28 1,29 1,30 1,31 0,32 0,33 1,34 1,35 0,36 1,37 1,28 1,29 1,30 1,31 1,32 1,33 1,34 1,35 0,36 1,37 1,38 1,39 1,40 1,189 1,41 1,43 1,156 1,206 1,45 0,158 0,64 1,74 1,65 1,66 1,68 1,69 1,71 1,72 1,73 1,75 1,76 1,77 1,78 1,79 1,80 1,190 1,87 1,88 1,192 1,166 1,89 1,194 1,126 1,210 1,90 1,127 1,91 1,211 1,92 1,212 1,98 1,99 1,213 1,102 1,172 1,198 1,107 1,108 1,109 1,110 1,112 1,113 1,174 1,116 1,119 1,121 1,175 1,177 1,123 1,124 1,81 1,83 1,214 1,127 1,94 1,92 1,52 1,73 1,128 1,179 1,129 1,217 1,181 1,201 1,131 1,182 1,132 1,133 1,134 1,184 1,215 1,136 1,185 1,137 1,139 1,140 1,186 1,216 1,204 1,187 1
user_000288	10 1,143 0,0 1,11 0,1 1,16 0,7 1,17 1,13 1,9 0,143 1,0 1,11 1,2 0,4 0,5 0,12 0,8 0,13 1,14 1,152 1,18 0,19 1,22 1,188 0,148 1,153 1,149 1,25 1,151 1,145 1,19 1,147 1,22 1,188 0,23 1,24 1,149 1,26 1,151 1,18 1,146 1,19 1,20 1,188 1,23 1,148 1,26 1,151 1,27 1,28 1,29 0,30 1,31 1,32 1,33 0,34 0,35 0,36 1,37 1,28 1,29 0,30 1,31 1,32 1,33 1,34 1,35 0,36 1,37 1,28 1,29 1,30 1,31 1,32 1,33 1,34 1,35 1,36 1,37 1,207 1,205 1,155 1,189 1,42 1,43 1,157 1,45 1,159 1,47 1,49 1,59 1,50 1,51 1,60 1,53 1,54 1,62 1,55 1,57 1,48 1,58 1,49 1,59 1,51 1,61 1,54 1,55 1,63 1,57 1,64 1,65 1,66 1,67 1,68 1,70 1,71 1,72 1,73 1,75 1,64 1,74 1,65 1,66 1,68 1,70 1,71 1,72 1,73 1,75 1,161 1,76 1,79 1,163 1,81 1,85 1,190 1,88 1,166 1,89 1,193 1,194 1,195 1,210 1,196 1,90 1,197 1,171 1,93 1,94 1,96 1,97 1,98 1,99 1,104 1,106 1,107 1,173 1,108 1,110 1,112 1,113 1,174 1,115 1,116 1,118 1,121 1,175 1,178 1,124 1,124 1,77 1,83 1,125 1,126 1,42 1,59 1,52 1,56 1,73 1,128 1,219 1,217 1,201 1,131 1,182 1,132 1,133 1,134 1,184 1,135 1,136 1,137 1,138 1,139 1,202 1,141 1,142 1,203 1,187 1
user_000289	143 1,144 1,0 1,15 1,4 1,5 1,12 1,17 1,13 1,9 1,146 1,19 1,21 1,147 1,188 1,148 1,153 1,25 1,151 1,27 1,28 1,29 1,30 1,31 1,32 1,33 1,34 1,35 1,36 1,37 1,38 0,39 1,40 1,189 1,42 1,43 1,45 1,158 1,159 1,47 1,38 1,205 1,155 1,189 1,42 1,44 1,156 1,206 1,45 1,46 1,48 1,49 1,59 1,50 1,60 1,61 1,54 1,62 1,55 1,56 1,64 1,74 1,66 1,67 1,68 1,69 1,70 1,72 0,73 1,75 1,64 1,74 1,65 1,66 1,67 1,68 1,69 1,70 1,71 1,73 1,161 1,162 1,77 1,163 1,80 1,82 1,166 1,168 1,218 1,193 1,126 1,210 1,196 1,127 0,91 1,197 1,92 1,212 1,93 1,94 1,97 1,98 1,100 1,101 1,102 1,103 1,104 1,105 1,106 1,172 1,198 1,173 1,112 1,113 1,114 1,174 1,116 1,118 1,119 1,120 1,121 1,122 1,123 1,178 1,124 1,124 1,83 1,214 0,126 1,127 1,92 1,207 1,59 1,56 1,73 1,219 1,129 1,200 1,130 1,181 1,182 1,183 1,134 1,215 1,135 1,185 1,137 1,138 1,202 1,142 1
user_000290	143 0,0 1,1 1,2 1,3 0,5 1,12 1,7 1,17 1,14 1,10 0,144 1,2 1,3 1,4 0,5 1,12 1,7 1,13 1,9 1,10 1,143 1,0 1,11 1,2 0,16 1,17 1,8 1,13 1,14 1,152 1,19 1,21 1,147 1,22 1,23 1,149 1,150 1,26 1,27 1,28 1,29 1,30 0,31 0,32 1,33 1,34 1,35 1,36 1,37 1,28 1,29 1,30 1,31 1,32 1,33 1,34 1,35 1,36 1,37 1,207 1,205 1,154 1,155 1,41 1,43 1,44 1,157 1,206 1,45 1,58 1,49 1,59 1,50 1,51 1,52 1,53 1,54 1,55 0,57 1,64 1,74 1,66 1,67 1,69 1,70 1,71 1,72 1,73 1,75 1,160 1,161 1,77 1,78 1,79 1,82 1,164 1,208 1,165 1,83 1,191 1,125 1,166 1,167 1,209 1,126 1,210 1,127 1,197 1,170 1,96 1,97 1,100 1,213 1,101 1,104 1,105 1,106 1,198 1,107 1,108 1,111 1,112 1,199 1,113 1,114 1,174 1,116 1,118 1,119 1,120 1,176 1,177 1,124 1,77 1,81 1,87 1,94 1,42 1,59 1,67 1,73 1,128 1,219 1,129 1,130 1,201 1,131 1,183 1,132 1,134 1,184 1,215 1,136 1,185 1,137 1,138 1,186 1,142 1,187 1
user_000291	143 1,144 1,0 1,2 1,3 1,12 1,6 1,17 1,13 1,9 1,152 1,145 1,20 1,21 1,147 1,153 1,149 1,150 1,26 1,151 1,28 1,29 1,30 1,31 1,32 0,33 1,34 1,35 1,36 1,37 1,28 1,29 1,30 1,31 1,32 1,33 1,34 1,35 1,36 1,37 1,38 1,39 1,207 1,154 1,42 1,156 1,157 1,45 1,46 1,47 1,58 1,59 1,50 1,51 1,52 1,53 1,61 1,54 1,55 1,56 1,64 0,74 1,66 1,67 1,69 1,70 1,71 1,72 1,73 1,75 1,64 1,74 1,65 1,67 1,68 1,69 1,70 1,72 1,73 1,75 1,161 1,77 0,79 1,81 1,208 1,165 1,84 1,85 1,191 1,88 0,125 1,218 1,209 1,126 1,210 1,90 1,91 1,92 1,170 1,94 1,96 1,98 1,213 1,101 1,102 1,104 1,105 1,198 1,107 1,109 1,112 1,199 1,114 1,174 1,115 1,120 1,121 1,175 1,176 1,177 1,123 1,178 1,124 1,124 1,83 1,126 1,92 1,42 1,52 1,67 1,73 1,128 1,179 1,129 1,180 1,200 1,217 0,181 1,201 1,131 1,183 1,132 1,133 1,135 1,136 1,137 1,138 1,139 1,204 1,187 1
user_000292	144 1,0 1,11 0,15 1,2 0,16 0,5 1,17 1,8 1,13 1,10 1,143 0,0 1,15 1,4 1,5 1,12 1,7 0,13 1,14 0,143 1,144 1,2 1,3 1,4 1,5 1,12 1,17 1,8 1,9 1,152 1,145 1,20 1,21 1,22 1,23 1,148 1,24 1,26 1,151 1,28 1,29 1,30 1,31 1,32 1,33 1,34 1,35 1,36 1,37 1,38 1,155 1,189 1,41 1,42 1,43 1,156 1,157 1,45 1,158 1,58 1,49 1,50 1,51 1,52 1,60 1,54 1,62 1,55 1,63 1,64 1,74 1,65 1,66 1,67 0,68 1,69 1,70 1,72 1,75 1,64 0,74 1,65 1,66 1,67 1,68 1,70 1,71 1,73 1,75 1,64 1,74 1,65 1,67 1,68 1,69 1,70 1,71 1,73 1,75 1,162 1,164 1,83 1,84 1,85 1,86 1,190 1,191 1,192 1,169 1,195 1,196 1,91 1,211 1,92 1,170 1,212 1,171 1,94 1,95 1,96 1,100 1,213 1,106 1,172 1,198 1,173 1,108 1,111 1,112 1,199 1,114 1,174 1,115 1,116 1,117 1,119 1,120 1,175 1,177 1,123 1,178 1,124 1,124 1,81 1,87 1,125 1,126 1,94 1,92 1,42 1,59 1,56 1,73 1,180 1,130 1,217 0,181 1,131 1,132 1,134 1,184 1,215 1,137 1,138 1,140 1,202 1,142 1,204 1,187 1
user_000293	10 1,15 1,1 1,2 0,3 0,16 1,5 0,6 0,7 1,17 1,152 1,145 1,20 1,22 1,188 1,24 1,25 1,26 1,151 1,27 1,28 1,29 1,30 1,31 1,32 1,33 1,34 1,35 1,36 1,37 1,38 1,205 1,155 1,189 1,42 1,44 0,156 1,157 1,158 1,159 1,49 1,59 1,50 1,52 1,60 1,53 1,61 1,62 1,63 1,56 1,64 1,74 1,66 1,67 1,68 1,69 1,70 1,71 1,73 1,75 1,160 1,76 1,80 1,82 1,164 1,208 1,165 1,87 1,125 1,166 1,89 1,218 1,214 1,126 1,196 1,90 1,211 1,92 1,170 1,93 1,96 0,97 1,98 1,99 1,102 1,103 1,104 1,105 1,106 0,172 1,198 1,107 1,109 1,111 1,113 1,116 1,118 1,119 1,120 1,175 1,177 1,124 1,87 1,125 1,214 1,126 1,94 1,92 1,42 1,52 1,56 1,179 1,180 1,130 1,181 1,131 1,183 1,134 1,136 1,185 1,137 1,138 1,139 1,186 1,202 1,141 1,142 1,203 1,204 1,187 1
user_000294	10 1,143 1,15 1,1 1,3 1,16 0,5 0,7 0,8 0,13 1,143 1,144 1,0 1,1 1,2 1,16 1,12 1,6 1,9 1,14 1,152 1,18 1,146 1,21 1,22 1,23 1,148 1,153 1,149 1,151 1,28 1,29 1,30 1,31 1,32 1,33 1,34 1,35 1,36 1,37 1,38 0,40 1,155 1,189 1,41 1,43 1,157 1,206 1,46 1,159 1,48 1,58 1,49 1,50 1,60 1,53 1,61 1,54 1,56 1,57 1,64 0,65 0,66 0,67 0,68 0,70 0,71 0,72 0,73 0,75 0,64 1,74 1,66 1,67 1,68 1,69 1,70 1,71 1,73 1,75 1,161 1,76 1,77 1,79 1,81 1,84 1,85 1,86 1,191 1,88 1,125 1,166 1,167 1,168 1,209 1,169 1,196 1,91 1,94 1,95 1,97 1,99 1,100 1,102 1,103 1,105 1,106 0,172 0,107 1,173 1,110 1,111 1,112 1,199 1,114 1,174 1,118 1,119 1,121 1,175 1,177 1,123 1,178 1,124 1,83 1,87 1,214 1,127 1,94 1,207 1,59 1,52 1,67 1,219 1,130 1,181 1,201 0,131 1,183 1,132 1,133 1,215 1,136 1,137 1,138 1,140 1,186 1,141 1,204 1,187 1
user_000295	143 1,144 0,15 1,1 1,3 0,16 1,12 1,6 1,17 1,8 0,10 1,143 1,11 1,15 1,4 0,16 1,6 1,7 0,8 0,13 1,144 1,0 1,15 1,1 1,3 1,16 1,12 1,6 1,7 1,14 1,18 1,20 1,21 0,147 1,22 0,23 1,24 1,25 1,26 1,27 1,19 1,20 1,21 1,147 1,22 1,148 1,24 1,149 1,150 1,25 1,28 1,29 1,30 1,31 1,32 0,33 1,34 1,35 1,36 1,37 1,28 1,29 1,30 1,31 1,32 1,33 1,34 1,35 1,36 1,37 1,38 1,39 1,40 1,155 1,41 1,43 1,44 1,206 1,46 1,47 0,207 1,205 1,154 1,189 1,42 1,43 1,156 1,206 1,46 0,159 1,207 1,154 1,40 1,155 1,41 0,43 1,44 1,156 1,206 1,45 1,58 1,49 1,52 1,53 1,61 1,54 1,55 0,63 1,56 1,57 1,48 1,49 1,52 1,60 1,53 1,61 1,62 1,55 1,63 1,56 1,74 1,65 1,66 1,67 1,68 1,69 1,70 0,71 1,73 1,75 1,64 1,74 1,65 1,66 1,67 1,69 1,71 1,72 1,73 1,75 1,160 1,77 1,80 1,81 1,208 1,83 1,84 1,85 1,190 1,87 1,191 1,88 1,125 0,166 1,218 1,126 1,211 1,197 1,212 1,94 1,96 1,98 1,99 1,100 1,104 1,106 0,172 1,107 1,173 1,109 1,115 1,117 0,118 1,120 1,121 1,176 1,177 1,122 1,123 0,178 0,124 1,124 1,77 1,81 1,83 1,87 1,126 1,127 1,42 1,59 1,52 1,56 1,73 1,128 1,219 1,179 1,129 1,200 1,130 1,181 1,201 1,134 1,184 1,215 1,135 0,137 1,138 1,140 1,202 1,203 1
user_000296	143 1,144 0,11 1,1 1,4 1,12 0,6 1,7 1,8 0,14 0,0 1,11 1,2 0,3 1,4 1,5 0,12 0,6 1,7 1,14 1,10 1,0 1,11 1,2 1,3 1,5 1,12 1,7 1,17 1,14 1,152 1,18 1,19 1,21 0,188 1,23 0,148 0,24 0,149 1,151 0,152 1,145 1,146 1,147 1,22 1,148 1,24 1,153 1,149 1,25 1,28 1,29 1,30 1,31 1,32 0,33 1,34 1,35 1,36 1,37 1,28 1,29 1,30 1,31 1,32 1,33 1,34 1,35 1,36 1,37 1,38 1,207 1,155 1,189 1,41 1,44 1,156 1,206 1,158 1,47 1,48 1,49 1,59 1,50 1,60 1,61 0,54 1,62 1,63 1,56 1,48 1,58 1,59 1,50 1,51 1,52 1,60 1,61 1,62 1,56 1,74 1,66 1,67 1,68 1,69 1,70 0,71 1,72 1,73 1,75 0,64 1,74 0,65 0,67 1,68 0,69 1,71 1,72 1,73 1,75 0,64 1,74 1,65 1,66 1,68 1,70 1,71 1,72 1,73 1,75 1,160 1,79 1,80 1,81 1,164 1,190 1,88 1,167 1,168 1,89 1,218 1,193 1,194 1,209 1,169 1,195 1,127 1,92 1,171 1,95 1,97 1,99 1,100 1,213 1,101 1,102 1,103 1,104 1,106 1,172 1,109 1,111 1,112 1,199 1,174 1,115 1,116 1,117 1,118 1,120 1,121 1,175 1,177 1,122 1,123 1,178 1,124 1,87 1,125 1,126 1,127 1,92 1,207 1,56 1,219 1,179 1,200 1,130 1,131 1,132 1,215 1,135 1,185 1,137 1,139 1,186 1,202 1,142 1,216 1,187 1
user_000297	10 0,144 1,11 0,2 1,4 0,16 1,12 1,8 1,13 1,9 1,0 1,11 1,15 1,1 1,2 1,12 1,6 1,17 1,8 1,13 1,152 0,146 1,19 1,21 0,147 1,23 1,153 1,150 1,25 1,151 1,28 1,29 1,30 1,31 1,32 0,33 1,34 1,35 1,36 1,37 1,38 1,207 0,154 1,155 1,189 1,43 1,44 0,157 1,46 0,47 1,48 1,58 0,49 1,50 1,52 1,60 1,53 1,61 1,63 1,57 1,64 1,74 1,65 1,66 1,67 1,68 1,71 0,72 1,73 1,75 1,64 1,74 1,65 1,66 1,67 1,68 1,69 1,70 1,72 1,73 1,161 1,76 1,80 1,81 1,82 1,164 1,83 1,84 1,85 1,86 1,190 1,125 0,194 1,195 1,211 1,197 1,92 1,170 1,171 1,93 1,97 1,98 1,99 1,213 1,101 1,102 1,103 1,104 1,198 1,173 1,112 1,113 1,114 1,116 0,117 1,123 1,178 1,124 1,124 1,81 1,83 1,87 1,125 0,214 1,126 1,94 1,92 1,42 1,56 1,67 1,219 1,179 1,200 1,181 1,201 1,183 1,132 1,133 1,134 1,184 1,215 1,135 1,136 1,138 1,139 1,140 1,202 1,203 0,216 1,204 1
user_000298	10 1,143 1,0 1,15 1,1 0,5 1,12 1,6 1,8 1,9 1,0 1,11 1,1 0,2 1,3 1,16 1,5 1,12 1,17 1,8 1,10 1,144 1,11 1,15 1,1 1,16 1,5 1,12 1,17 1,13 1,152 0,18 1,20 1,21 1,147 1,23 1,24 1,25 1,26 1,151 1,152 1,145 1,146 1,21 1,147 1,148 1,149 1,25 1,151 1,27 1,28 1,29 1,30 1,31 1,32 1,33 1,34 1,35 1,36 1,37 1,38 1,39 1,207 1,154 1,189 1,43 1,44 1,45 1,46 1,47 1,58 1,49 1,59 1,51 1,52 1,54 1,62 1,63 1,56 1,57 1,64 1,74 1,65 1,66 1,67 1,68 1,69 1,70 1,71 1,72 1,160 1,161 1,162 1,77 1,81 1,165 1,84 1,86 1,190 1,192 1,167 1,168 1,193 1,209 1,169 1,195 1,196 1,90 1,127 0,212 1,99 1,100 1,103 1,105 1,106 0,107 1,109 1,112 1,199 1,113 1,174 1,115 1,116 1,117 1,118 1,119 1,177 1,122 1,123 1,178 1,124 1,124 1,81 1,83 1,87 1,214 1,126 1,127 1,92 1,207 1,42 1,73 1,219 1,179 1,180 1,201 0,131 1,182 1,183 1,133 1,134 1,215 1,135 1,137 0,140 1,186 1,202 1,141 0,142 1,203 1
user_000299	144 1,0 1,11 0,2 0,3 1,16 1,5 1,12 1,8 1,13 1,10 0,143 1,15 1,1 1,4 1,16 1,5 1,13 1,9 1,14 1,152 1,146 1,20 1,147 0,22 1,148 1,153 1,149 1,150 1,151 1,152 0,145 1,19 1,20 1,22 0,24 1,153 1,150 1,26 1,27 1,28 1,29 1,30 1,31 1,32 1,33 1,34 1,35 1,36 1,37 1,28 0,29 0,30 0,31 0,32 0,33 0,34 0,35 0,36 0,37 0,207 1,154 1,189 1,41 1,42 1,44 1,157 1,46 1,159 1,47 1,58 1,49 1,50 1,51 1,60 1,61 1,54 1,62 1,55 0,56 1,58 1,49 1,59 1,51 1,52 1,53 1,62 1,55 1,56 1,57 1,64 1,74 1,65 0,66 0,67 1,68 1,69 1,70 1,73 1,75 1,64 1,74 1,66 1,67 1,68 1,69 1,70 1,72 1,73 1,75 1,78 1,82 1,208 1,86 1,87 1,125 1,167 1,89 1,218 1,193 1,194 0,214 1,126 1,196 1,90 1,91 1,197 1,170 1,93 1,95 1,98 1,100 1,213 1,102 1,103 1,106 1,172 1,107 1,108 1,110 0,112 1,114 1,174 1,115 1,117 1,118 1,119 1,121 1,176 1,177 1,122 1,124 1,77 1,81 1,83 1,87 1,127 1,92 1,207 1,59 1,52 1,128 1,219 1,179 1,180 1,217 0,201 1,131 1,182 1,183 1,215 1,137 1,140 1,186 1,202 1,141 1,142 1,203 1,204 1,187 1
user_000300	10 1,143 1,0 1,15 1,2 1,5 0,6 1,7 1,13 1,9 1,146 1,20 1,147 0,22 1,188 1,23 1,153 1,150 1,26 1,151 0,28 1,29 1,30 1,31 1,32 1,33 1,34 1,35 1,36 1,37 1,38 1,39 1,207 1,205 1,189 1,157 1,206 1,158 1,159 1,47 1,58 1,49 1,59 1,50 1,52 1,60 1,53 1,54 1,56 1,57 1,64 0,65 1,66 1,67 1,69 1,70 1,71 1,72 1,73 1,75 1,161 1,162 1,77 1,79 1,81 1,164 1,84 1,87 1,192 1,168 1,89 1,193 1,214 1,209 1,169 1,126 1,210 1,90 1,211 1,93 1,96 1,97 1,98 1,99 1,100 1,101 1,102 1,104 1,106 0,199 1,113 1,114 1,117 1,120 1,121 1,175 1,177 1,122 0,124 1,77 1,81 1,83 1,87 1,125 0,214 1,126 1,94 1,207 1,42 1,59 1,52 1,56 1,128 1,179 1,180 1,130 1,201 1,131 1,182 1,183 1,215 1,135 1,185 1,137 1,139 1,140 1,186 1,202 1,216 0,187 1
user_000301	144 0,11 1,2 0,3 1,4 1,16 1,5 1,12 1,17 1,9 1,143 1,144 1,0 1,1 0,3 1,16 1,5 1,6 0,8 0,13 0,18 1,19 1,21 1,147 1,22 1,23 0,148 1,24 1,25 1,27 1,28 1,29 1,30 1,31 1,32 1,33 1,34 1,35 0,36 1,37 1,38 1,207 1,205 1,40 1,41 1,43 1,156 1,157 1,159 1,47 0,48 1,59 1,50 1,52 1,61 1,54 1,62 1,55 1,56 1,57 1,64 1,74 0,65 0,66 1,67 0,69 0,71 1,72 1,73 1,75 1,160 1,78 1,80 1,82 1,208 1,83 1,87 1,192 1,89 1,194 0,214 1,209 1,169 1,126 1,196 1,91 1,170 1,93 1,94 1,95 0,96 1,97 1,98 1,213 1,101 1,102 1,103 1,104 1,106 1,198 1,107 1,173 1,108 1,109 1,110 1,112 1,114 1,174 1,115 1,118 1,177 1,123 1,124 1,124 1,77 1,81 1,94 1,92 1,42 1,52 1,56 1,73 1,179 1,200 1,217 1,201 1,183 1,132 1,133 1,134 1,184 1,137 1,138 1,139 1,140 1,202 1,141 1,142 1,203 1,204 1
user_000302	10 0,143 1,0 1,2 1,3 1,7 1,17 1,8 1,13 1,9 1,152 1,19 1,20 1,21 1,147 0,149 1,150 1,26 1,151 1,27 1,28 1,29 1,30 1,31 1,32 1,33 1,34 1,35 1,36 1,37 1,205 1,154 1,189 1,41 1,42 1,43 0,206 1,46 1,159 1,47 1,59 1,50 1,51 1,52 1,60 1,61 1,62 1,55 1,56 1,57 1,64 1,74 1,65 1,66 1,67 1,68 1,70 1,71 1,72 1,75 1,162 1,77 1,81 1,165 1,83 1,190 1,191 1,88 1,125 1,89 1,194 1,214 1,169 1,210 1,91 1,211 1,197 1,212 1,171 1,95 1,97 1,98 1,213 1,101 1,102 1,103 1,104 1,107 1,108 1,110 1,113 1,119 1,176 1,177 1,122 1,123 1,81 1,83 1,87 1,125 1,214 1,127 1,94 1,92 1,42 1,59 1,67 1,128 1,129 1,180 1,200 1,130 1,217 0,181 1,201 1,182 1,183 1,132 1,133 1,134 1,184 1,215 1,138 1,140 1,186 1,202 1,141 1,216 1,204 1,187 1
user_000303	10 1,144 1,11 1,15 1,2 1,12 1,7 1,13 1,9 1,14 1,146 1,20 1,21 1,22 0,188 1,23 1,24 1,150 1,151 1,27 1,28 1,29 1,30 1,31 1,32 1,33 0,34 1,35 1,36 1,37 1,28 1,29 1,30 1,31 1,32 1,33 1,34 1,35 1,36 1,37 1,28 1,29 1,30 1,31 1,32 0,33 1,34 1,35 1,36 1,37 1,38 0,205 1,154 1,40 1,155 1,43 1,45 1,158 1,46 1,47 1,48 1,58 1,49 1,59 1,53 1,61 1,62 0,55 1,63 1,56 1,64 1,65 1,66 1,67 1,68 1,69 1,70 1,71 1,73 1,75 1,160 1,161 1,162 1,77 1,78 1,80 1,84 1,86 1,190 1,191 1,166 1,89 1,193 0,194 1,214 1,169 1,126 1,90 1,212 1,171 1,98 0,99 1,213 1,101 1,102 1,103 1,106 0,172 1,198 1,173 1,108 1,109 1,110 0,113 1,174 1,116 1,118 1,119 1,121 1,177 1,123 1,124 1,81 1,125 0,214 1,126 1,127 0,94 1,92 1,52 1,56 1,73 1,128 1,129 1,180 1,181 1,201 1,131 1,182 1,133 1,184 1,185 1,138 1,139 1,140 1,186 1,202 1,141 1,142 1,204 1
user_000304	144 1,1 1,2 1,3 0,4 1,16 0,5 0,8 1,13 1,14 1,144 1,0 1,11 1,15 1,4 0,16 0,12 1,6 0,8 1,13 1,10 1,11 0,15 0,1 0,2 1,16 0,17 1,13 1,9 0,14 1,152 0,18 0,19 1,20 0,147 0,23 1,153 1,149 1,151 0,27 1,145 1,18 1,19 1,21 1,147 1,23 1,153 1,149 1,25 1,27 1,28 1,29 1,30 1,31 1,32 0,33 1,34 1,35 1,36 1,37 1,28 1,29 1,30 1,31 1,32 1,33 1,34 1,35 1,36 1,37 1,39 1,154 1,40 1,189 1,42 1,206 1,45 1,158 1,159 1,47 1,48 1,49 1,59 1,50 1,53 1,61 1,62 1,55 1,63 1,57 1,64 0,74 1,65 0,66 1,67 1,70 1,71 1,72 1,73 1,75 1,64 1,74 1,65 1,66 1,67 1,69 1,70 1,71 1,73 1,75 1,78 0,80 1,164 1,84 1,86 1,191 1,88 1,167 1,218 1,209 1,169 1,126 1,195 1,196 1,127 1,211 1,197 1,212 1,171 1,94 1,96 1,98 1,100 1,101 1,102 1,103 1,106 1,172 1,198 1,173 1,108 1,111 1,112 1,114 1,116 1,119 1,120 1,121 1,176 1,177 1,122 1,123 1,178 1,124 1,81 1,87 1,125 1,214 1,126 1,92 1,59 1,56 1,73 1,129 1,180 1,200 1,217 0,201 1,132 1,133 1,184 1,136 1,137 1,139 1,140 1,186 1,202 1,141 1,142 1,204 1
user_000305	144 1,0 1,15 1,3 1,4 1,16 1,8 1,13 1,9 1,14 1,152 1,18 1,146 1,20 1,22 1,23 1,148 1,153 1,150 1,27 1,28 1,29 1,30 1,31 1,32 1,33 1,34 1,35 1,36 1,37 1,207 1,154 1,155 1,189 1,42 1,43 1,156 1,45 1,46 1,159 1,49 1,59 1,51 1,52 1,60 1,53 1,62 1,63 1,56 1,57 1,64 1,74 1,66 1,67 1,69 1,70 1,71 1,72 1,73 1,75 1,160 1,161 0,76 1,79 1,163 1,81 1,82 1,208 1,165 1,85 1,86 1,190 1,191 1,192 1,125 0,166 1,89 1,214 1,195 1,95 1,97 1,98 0,100 1,102 1,103 1,105 1,106 0,172 0,107 1,112 1,114 1,115 1,116 1,117 1,118 1,119 0,175 1,176 1,177 1,178 1,124 1,124 1,77 1,81 1,125 1,126 1,94 1,92 1,207 1,42 1,52 1,56 1,73 1,128 1,219 1,179 1,200 1,130 1,183 1,132 1,133 1,134 1,215 1,136 1,185 1,138 1,186 1,203 1,204 1,187 1
user_000306	10 0,143 1,11 1,15 1,1 0,16 1,5 1,6 1,17 1,8 1,0 1,11 1,1 1,3 1,4 0,16 1,12 0,6 1,7 0,8 1,10 1,143 1,11 1,1 1,2 1,16 1,7 1,8 1,13 1,14 1,145 1,18 0,20 1,147 0,22 1,23 1,153 1,149 1,25 1,27 1,18 1,19 1,21 1,147 1,188 1,148 1,153 1,149 1,150 1,151 1,28 1,29 1,30 1,31 1,32 1,33 1,34 1,35 1,36 1,37 1,38 1,205 1,154 1,41 1,42 1,43 1,44 1,156 1,45 1,46 1,48 1,58 1,59 1,50 1,51 1,52 1,60 1,62 1,55 1,57 1,64 0,74 1,65 1,66 1,67 1,69 1,70 1,71 1,72 1,73 1,64 1,65 1,66 1,68 1,69 1,70 1,71 1,72 1,73 1,75 1,160 1,76 1,78 1,79 1,80 1,81 1,164 1,86 1,191 1,88 1,168 1,194 1,214 1,169 1,210 1,91 1,92 1,170 1,212 0,95 1,96 1,101 1,102 1,103 1,104 1,172 1,198 1,107 1,173 1,108 1,109 1,111 1,112 0,199 1,113 1,114 1,174 1,115 1,116 1,117 1,120 1,121 1,176 1,177 1,124 1,124 1,77 1,81 1,83 1,94 1,92 1,42 1,59 1,52 1,67 1,128 1,219 1,200 1,130 1,131 1,182 1,133 0,184 1,185 1,137 1,138 1,140 1,186 1,202 1,216 1
user_000307	143 1,144 1,11 1,2 0,4 0,16 0,5 1,12 1,7 1,8 0,144 1,11 1,1 1,3 1,4 1,12 1,17 1,8 0,13 1,14 1,143 1,11 1,15 1,3 1,4 0,5 1,12 1,7 1,8 1,13 1,152 1,145 1,146 1,20 1,21 1,24 1,149 1,25 1,151 1,27 1,28 1,29 1,30 1,31 1,32 1,33 1,34 1,35 1,36 1,37 1,58 1,59 1,50 1,51 1,52 1,53 1,61 1,62 1,55 1,57 1,64 1,74 1,65 1,66 1,68 1,70 1,71 1,72 1,73 0,75 1,64 1,65 1,66 1,67 1,68 1,69 1,70 1,72 1,73 1,75 1,64 0,74 1,66 1,67 0,68 1,70 1,71 1,72 1,73 0,75 1,78 1,163 1,80 1,165 1,85 1,88 1,167 1,218 1,193 1,209 1,169 1,126 1,195 1,127 1,91 1,92 1,212 1,171 1,94 1,95 1,96 1,98 1,100 1,102 1,104 1,105 1,106 1,172 1,198 1,108 1,112 1,199 0,113 1,114 1,115 1,116 1,118 1,175 1,176 1,123 1,178 1,124 1,77 1,81 1,83 1,87 1,125 1,126 1,127 1,92 1,207 1,42 1,59 1,52 1,67 1,128 1,179 1,129 0,180 1,200 1,130 1,182 1,183 1,184 1,136 1,185 1,140 1,203 1,204 1,187 1
user_000308	10 1,144 1,15 1,1 1,3 1,16 1,5 1,12 1,17 1,14 1,10 1,143 1,144 1,3 1,4 1,16 1,12 1,8 1,13 1,9 1,28 1,29 1,30 1,31 1,32 1,33 1,34 1,35 1,36 1,37 1,39 1,207 1,154 1,40 1,42 1,44 1,156 1,206 1,45 1,46 1,48 1,58 1,59 1,51 1,52 1,60 1,61 1,54 1,62 1,63 1,64 1,74 1,65 1,66 1,67 1,68 1,69 1,70 1,71 1,73 1,161 1,77 1,78 1,80 1,82 1,164 1,83 1,84 1,85 1,86 1,190 1,125 1,167 1,218 1,193 1,196 1,90 1,91 1,92 1,212 1,97 1,98 1,99 1,101 1,104 1,106 1,172 1,198 1,107 1,108 1,109 1,110 1,112 1,199 1,113 1,114 1,174 1,115 1,116 1,117 1,118 1,176 1,177 1,122 1,124 1,124 1,83 1,214 1,94 1,92 1,207 1,42 1,56 1,67 1,128 1,179 1,129 1,200 1,130 1,181 1,201 1,132 1,134 1,215 1,136 1,185 1,139 1,140 1,202 1,187 1
user_000309	0 1,15 1,1 1,3 0,4 1,16 1,5 1,6 1,17 1,13 1,143 1,144 1,15 1,1 1,2 0,5 1,7 0,17 1,8 1,9 1,20 1,21 1,147 1,22 1,188 1,148 1,24 1,149 1,150 1,27 1,28 1,29 1,30 1,31 1,32 1,33 1,34 1,35 1,36 1,37 1,207 1,40 1,155 0,189 1,42 1,156 0,45 1,158 1,46 1,159 1,205 1,154 1,40 1,155 1,189 1,43 1,156 1,157 1,158 1,46 1,58 1,49 1,59 1,60 1,53 1,54 1,55 1,63 1,56 1,57 1,74 1,65 1,66 0,68 1,69 1,70 1,71 1,72 1,73 1,75 1,76 1,78 1,79 1,163 1,82 1,164 1,83 1,85 1,190 1,87 1,88 1,125 1,218 1,194 1,90 1,211 1,170 1,212 1,94 1,95 1,96 1,98 1,100 1,213 1,102 1,104 1,105 1,107 1,108 1,110 1,112 1,119 1,121 1,175 1,177 1,122 1,123 1,124 1,124 1,77 1,83 1,125 1,214 1,127 1,94 1,92 1,207 1,42 1,59 1,52 1,56 1,73 1,128 1,219 1,179 1,180 1,200 1,130 1,181 1,201 1,182 1,215 1,185 1,138 1,139 1,140 1,186 1,216 1,204 1,187 1
user_000310	144 1,0 1,11 1,3 1,4 0,16 1,5 1,6 1,8 1,14 1,145 1,19 1,20 1,147 1,188 1,23 1,153 1,149 1,150 1,25 1,28 1,29 1,30 1,31 1,32 1,33 1,34 1,35 1,36 1,37 1,38 1,39 1,205 1,154 0,42 1,43 1,44 1,206 0,159 1,47 1,38 1,205 1,40 1,155 1,41 1,43 1,44 1,158 1,159 1,47 1,48 1,49 1,59 1,50 1,52 1,53 1,54 1,62 1,63 1,57 1,74 0,65 1,66 1,68 1,69 1,70 1,71 0,72 1,73 1,75 1,160 1,162 1,80 1,164 1,165 1,83 1,86 1,190 1,88 1,167 1,193 1,214 1,126 1,210 1,90 1,127 1,211 1,197 1,170 1,212 0,96 1,97 1,98 1,99 1,213 1,105 1,106 1,107 1,109 1,111 1,112 1,174 1,115 1,116 1,117 1,120 0,121 1,175 1,176 1,177 1,122 1,178 1,77 0,83 0,87 1,125 1,126 1,94 1,207 1,59 1,52 1,56 1,73 1,128 1,219 1,179 1,129 1,200 1,130 1,217 1,131 1,215 1,135 1,136 1,137 1,138 1,139 1,142 1,203 1,187 1
user_000311	10 1,143 1,0 1,11 0,2 1,16 1,5 1,8 1,13 0,9 1,10 1,0 1,15 1,1 0,2 1,5 1,17 1,8 1,9 1,14 1,0 1,11 1,15 1,3 1,4 0,5 1,7 1,17 1,8 1,13 1,18 0,146 0,147 1,22 0,188 1,148 1,153 0,150 0,25 0,26 0,145 1,146 1,20 1,22 0,188 1,148 1,24 1,25 1,151 1,27 1,152 1,145 1,146 1,20 1,188 1,23 1,148 1,24 1,150 1,25 1,28 1,29 1,30 1,31 1,32 1,33 1,34 1,35 1,36 1,37 1,39 1,205 1,189 1,41 1,42 1,43 1,156 1,206 1,159 1,47 1,48 0,58 0,49 1,51 1,52 0,60 1,53 1,54 1,62 1,56 1,48 1,49 1,59 1,50 1,51 1,60 1,53 1,54 1,62 1,57 1,64 1,74 1,65 1,66 1,67 1,69 1,70 1,71 1,73 1,75 1,161 1,162 1,78 1,163 1,82 1,86 1,190 1,87 1,191 1,125 0,166 1,89 1,193 1,214 1,209 1,126 1,210 1,91 1,197 1,171 1,96 1,99 1,213 1,103 1,104 1,107 1,173 1,109 1,111 1,112 1,117 1,118 1,121 1,175 1,122 1,123 1,178 1,77 1,81 1,83 1,126 1,127 1,92 1,207 1,42 1,56 0,67 0,128 1,179 1,129 1,200 1,217 1,201 1,183 1,132 1,133 1,134 1,184 1,215 1,135 1,185 1,137 1,140 1,186 1,202 1,141 1,142 1,216 1,204 1,187 1
user_000312	143 1,144 1,11 1,2 1,4 1,16 1,5 1,6 1,9 1,14 1,145 1,18 1,19 1,21 1,22 1,23 1,24 1,150 1,151 1,27 1,145 1,18 1,21 1,147 1,22 1,23 1,153 1,149 1,26 1,27 1,152 1,145 1,19 1,20 1,147 1,148 1,153 1,150 1,25 1,27 1,28 1,29 1,30 1,31 1,32 1,33 1,34 1,35 1,36 1,37 1,38 1,207 1,205 1,154 1,42 1,43 1,157 1,158 1,46 1,159 1,48 1,49 1,59 1,50 1,51 1,60 1,54 1,62 1,55 1,63 1,64 1,74 1,66 1,67 1,68 1,69 1,70 1,72 1,73 1,75 1,64 1,74 1,65 1,66 1,68 1,70 1,71 1,72 1,73 1,75 1,161 1,76 1,162 1,79 1,80 1,81 1,208 1,84 1,87 0,88 1,125 1,166 1,167 1,194 0,210 1,196 1,90 1,127 1,170 1,212 1,96 1,97 1,99 1,213 1,101 1,102 1,104 1,105 1,106 1,107 1,109 1,111 1,112 1,113 1,114 1,116 1,119 1,121 1,176 1,177 1,123 1,178 1,124 1,124 1,81 1,83 1,87 1,126 1,127 1,207 1,42 1,52 1,67 1,128 1,219 1,129 1,180 1,200 1,130 1,217 1,181 1,131 1,182 1,135 1,139 1,186 1,203 1,216 1,204 1,187 1
user_000313	10 1,0 1,1 1,3 1,4 1,5 1,6 1,17 1,8 1,13 1,152 1,146 1,20 1,21 1,147 1,153 1,150 1,25 1,151 1,27 1,28 1,29 1,30 1,31 1,32 1,33 1,34 1,35 1,36 1,37 1,39 1,207 1,205 1,154 1,155 1,157 1,45 1,158 1,46 1,47 1,48 1,49 1,59 1,51 1,53 1,54 1,62 1,63 1,56 1,57 1,48 1,58 1,49 1,50 1,52 1,60 1,61 1,54 1,62 1,56 1,64 1,65 1,66 1,67 1,68 1,69 1,70 1,72 1,73 1,75 1,74 1,65 1,66 1,67 1,68 1,69 1,70 1,71 1,73 1,75 1,160 1,162 0,79 1,80 1,82 1,208 0,83 1,84 1,86 1,191 1,88 1,125 1,167 1,89 1,90 1,211 1,92 1,170 1,212 1,171 1,97 1,99 1,213 1,101 1,103 1,105 1,106 1,172 1,107 1,109 1,110 1,113 1,174 1,115 1,116 1,119 1,120 1,121 1,175 1,176 1,177 1,124 1,125 0,214 1,126 1,94 1,92 1,207 1,59 1,52 1,67 1,219 1,179 1,200 1,130 1,217 0,201 1,131 1,132 1,133 1,184 1,135 1,136 1,137 1,138 1,186 1,202 1,142 1,203 1,187 1
user_000314	0 1,15 1,1 1,3 0,4 1,5 1,12 1,17 1,8 1,14 1,0 1,11 1,1 1,2 0,3 1,6 1,7 1,8 1,13 1,14 1,145 1,18 0,146 1,22 1,188 1,148 1,153 1,149 1,150 1,151 1,28 1,29 1,30 1,31 1,32 1,33 1,34 1,35 1,36 1,37 1,40 1,155 1,189 1,41 1,42 1,156 1,206 1,45 1,46 1,47 1,64 1,74 1,65 1,66 1,67 1,68 1,69 1,71 1,73 1,75 1,161 1,76 1,162 1,77 1,79 1,163 1,80 1,82 1,164 1,208 1,192 1,125 1,166 1,193 1,194 1,126 1,90 1,127 1,170 1,212 1,98 1,100 1,101 1,102 1,104 1,106 0,172 1,173 1,108 1,111 1,113 1,174 1,116 1,121 1,177 1,122 1,123 1,124 1,77 1,81 1,83 1,125 0,214 1,127 1,207 1,42 1,59 1,52 1,67 1,73 1,128 1,219 1,179 1,129 1,180 1,200 1,217 1,183 1,134 1,215 1,136 1,185 1,137 1,138 1,139 1,140 1,186 1,202 1,141 1,204 1
user_000315	143 1,11 1,15 1,3 1,4 0,16 1,6 1,7 1,13 1,9 0,152 1,18 0,19 1,21 1,147 1,153 1,25 1,26 1,151 1,27 1,28 1,29 1,30 1,31 1,32 0,33 1,34 1,35 1,36 1,37 1,38 1,207 1,155 1,41 1,42 1,44 1,156 1,157 1,46 1,159 1,48 1,59 1,50 1,52 1,60 1,53 1,61 1,54 1,56 1,57 1,64 1,74 1,65 1,66 1,67 1,69 1,71 1,72 1,73 1,75 1,76 1,77 1,163 1,80 1,81 1,83 1,85 1,190 1,191 1,88 1,167 1,193 1,194 0,214 1,209 1,169 1,210 1,90 1,92 1,212 1,97 1,98 1,99 1,101 1,102 1,103 1,172 1,198 1,112 1,199 1,113 1,117 1,120 1,121 1,176 1,177 1,123 1,178 1,124 1,124 1,83 1,125 1,127 1,92 1,207 1,42 1,59 1,52 1,128 1,219 1,179 1,180 1,200 1,130 1,217 0,131 1,183 1,133 1,134 1,184 1,215 1,136 1,137 1,138 1,140 1,186 1,202 1,141 1,216 1,204 1
user_000316	10 1,143 1,11 1,1 1,4 1,16 1,5 1,6 1,17 1,8 0,152 0,18 1,20 1,22 1,188 0,23 1,148 1,150 0,25 1,151 1,152 1,145 1,18 1,146 1,20 1,24 1,149 1,150 1,26 1,151 1,28 1,29 1,30 1,31 1,32 1,33 1,34 1,35 1,36 1,37 1,38 1,207 1,205 1,40 1,189 1,43 1,156 1,157 1,158 1,47 1,48 1,59 1,51 1,52 1,61 1,54 1,55 1,63 1,56 1,57 1,64 1,74 1,66 1,68 1,69 1,70 1,71 1,72 1,73 0,75 1,64 1,74 1,65 1,67 0,68 1,69 1,70 1,71 1,73 0,75 1,64 1,74 1,65 1,66 1,68 0,69 1,70 1,71 1,72 1,75 1,161 1,162 1,78 1,80 1,164 0,208 0,84 1,85 0,88 1,166 1,168 1,89 1,218 1,195 1,90 1,211 1,212 1,93 1,94 1,95 1,97 1,99 1,101 1,104 1,105 1,106 1,108 1,109 1,110 1,111 1,199 1,113 1,115 1,116 1,117 1,118 1,120 1,121 1,177 1,123 1,178 1,124 1,77 1,87 1,125 1,214 1,94 1,92 1,207 1,56 1,73 1,180 1,200 1,201 1,131 1,182 1,132 1,133 1,134 1,215 1,138 1,139 1,186 1,202 1,141 1,142 1,203 0,216 1,204 1,187 1
user_000317	144 1,1 1,2 0,3 0,4 1,16 1,5 1,6 1,17 0,13 1,11 1,15 1,1 1,3 1,4 1,16 1,12 0,7 1,13 1,14 1,18 0,146 1,147 1,22 1,188 1,23 1,148 1,24 1,149 1,151 1,28 1,29 1,30 1,31 1,32 0,33 0,34 1,35 1,36 1,37 1,28 1,29 1,30 1,31 1,32 1,33 1,34 1,35 1,36 1,37 1,207 1,40 1,155 1,189 0,42 1,43 1,44 1,157 1,206 1,45 1,38 1,205 1,40 1,155 1,189 1,156 1,206 1,46 1,159 1,47 1,58 1,49 1,59 0,50 1,52 1,60 1,53 1,54 1,62 1,55 1,64 1,74 1,66 1,67 1,68 1,69 1,70 1,71 1,73 1,75 1,160 1,161 1,76 0,78 1,80 1,81 1,164 1,208 1,83 1,85 1,191 1,125 0,166 1,167 1,168 1,214 1,195 1,90 1,127 1,212 1,100 1,101 1,105 1,172 1,198 1,107 1,109 1,110 1,111 1,199 1,113 1,174 1,117 1,119 1,120 1,121 1,175 1,176 1,123 1,124 1,124 1,77 1,81 1,125 0,126 1,127 1,94 1,207 1,59 1,73 1,128 1,179 1,129 1,180 1,200 1,217 1,201 1,131 1,183 1,184 1,215 1,135 1,136 1,185 1,138 1,140 1,186 1,202 1,204 1,187 1
user_000318	10 1,0 1,1 1,2 0,4 1,5 1,6 1,7 0,17 1,9 1,10 1,144 0,0 1,11 1,15 1,16 1,7 0,17 1,8 0,13 1,10 1,143 1,15 1,1 1,3 1,5 1,12 1,6 1,8 1,13 1,152 1,146 1,19 1,147 1,188 1,23 1,153 1,26 1,151 1,27 1,28 1,29 1,30 1,31 1,32 1,33 1,34 1,35 0,36 1,37 1,28 1,29 1,30 1,31 1,32 1,33 1,34 1,35 1,36 1,37 1,28 1,29 1,30 1,31 1,32 0,33 1,34 1,35 1,36 1,37 1,38 1,207 1,205 1,40 1,41 1,206 1,158 1,46 1,159 1,47 1,48 1,58 1,49 1,59 1,50 1,52 1,53 1,61 1,62 1,63 1,64 1,74 1,66 1,67 1,68 1,69 1,70 1,72 1,73 1,75 1,161 1,76 1,162 1,77 1,208 1,165 1,85 1,86 1,190 1,87 1,166 1,167 1,193 1,214 1,169 1,196 1,127 1,92 1,212 1,93 1,97 1,98 1,99 1,213 1,104 1,105 1,172 1,198 1,108 1,199 1,113 1,114 1,174 1,115 1,118 1,119 1,120 1,121 1,175 1,176 1,177 1,122 1,178 1,124 1,125 1,214 1,126 1,127 1,94 1,59 1,52 1,67 1,73 1,179 1,129 1,180 1,217 0,181 1,201 1,131 1,134 1,184 1,215 1,136 1,137 1,138 1,139 1,202 1,141 1,142 1
user_000319	0 1,11 1,15 1,2 1,3 1,5 1,12 1,6 1,7 1,8 1,152 1,18 1,19 1,20 1,188 1,148 1,24 1,153 1,149 1,25 1,28 1,29 0,30 1,31 1,32 1,33 1,34 0,35 1,36 1,37 1,28 1,29 1,30 1,31 1,32 1,33 1,34 1,35 1,36 1,37 1,205 1,154 1,155 1,41 1,42 1,43 1,44 1,206 1,46 1,47 1,48 1,58 1,59 1,50 1,51 1,52 1,60 1,61 1,56 0,57 1,64 1,65 1,66 1,67 1,68 1,70 1,71 1,72 1,73 1,75 1,161 1,77 1,80 1,208 1,165 1,86 1,190 1,88 1,192 1,166 1,167 1,89 1,193 1,194 1,214 1,195 1,91 1,211 1,197 1,92 1,97 1,98 1,99 1,101 1,102 1,103 1,105 1,172 1,198 1,107 1,173 1,108 1,109 1,113 1,114 1,116 1,117 1,118 1,120 1,121 1,176 0,177 1,122 1,123 1,178 1,81 1,83 1,87 1,214 1,126 1,127 1,94 1,207 1,59 1,52 1,67 1,73 1,200 1,130 1,217 0,201 1,134 1,215 1,135 1,136 1,185 1,140 1,142 1,203 1,204 1
user_000320	143 1,144 1,15 1,1 1,2 1,16 1,12 1,6 1,7 1,8 0,10 1,144 1,15 1,1 1,4 1,5 0,12 1,8 1,9 1,14 1,152 1,19 1,20 0,21 0,22 1,23 1,150 1,25 1,26 1,27 0,18 1,146 1,21 1,147 1,188 1,23 1,148 1,150 1,25 1,27 1,28 1,29 1,30 1,31 1,32 1,33 0,34 1,35 0,36 1,37 1,28 1,29 1,30 1,31 1,32 1,33 1,34 1,35 1,36 1,37 1,39 1,207 1,205 1,40 1,42 1,43 1,156 1,45 1,46 1,159 1,58 1,49 1,51 1,60 1,53 1,61 1,55 1,63 1,56 1,57 1,64 0,74 1,65 1,67 1,68 1,69 1,70 1,71 1,73 1,75 1,160 1,76 1,162 1,77 1,79 1,82 1,208 1,85 1,191 1,88 1,125 1,169 1,195 1,210 1,196 1,90 1,127 1,91 0,211 1,95 1,96 0,99 1,100 1,213 1,102 1,103 1,104 1,105 1,106 1,108 1,109 1,110 1,111 1,112 1,199 1,114 1,115 1,117 1,118 1,119 1,120 1,177 1,122 1,77 1,81 1,83 1,87 1,125 1,126 1,92 1,207 1,42 1,59 1,180 1,217 0,201 1,131 1,182 1,132 1,133 1,215 1,135 1,136 1,138 1,139 1,140 1,186 1,202 1,141 1,216 1
user_000321	143 1,144 1,11 0,15 1,3 0,16 1,7 1,8 0,13 1,14 1,10 1,143 1,0 1,15 1,4 1,7 1,17 1,8 1,9 1,14 1,145 1,146 1,20 1,147 1,188 1,24 1,149 1,150 1,25 1,26 1,28 1,29 1,30 1,31 1,32 1,33 1,34 1,35 1,36 1,37 1,38 1,39 1,207 1,41 1,42 1,43 1,45 1,158 1,46 1,47 1,49 1,59 1,50 1,52 0,53 1,54 1,62 1,63 1,56 0,57 1,48 1,49 1,59 1,50 1,52 1,53 1,61 1,62 1,55 1,63 1,64 1,74 1,65 1,66 0,68 1,69 1,71 1,72 1,73 1,75 1,64 1,74 1,65 1,66 1,67 1,68 1,70 1,71 1,73 1,75 1,160 1,161 1,162 1,79 1,163 1,82 1,85 1,190 1,88 0,125 1,193 0,209 1,210 1,127 0,91 1,211 1,212 1,93 1,94 1,95 1,96 1,97 1,98 1,99 1,101 1,102 1,103 0,104 1,172 1,173 1,112 1,113 1,114 1,174 1,115 1,116 1,120 1,176 1,178 1,124 1,124 1,81 1,83 1,214 1,94 1,92 1,207 1,56 1,179 1,129 1,130 1,201 1,131 1,183 1,132 1,134 1,215 1,136 1,185 1,137 1,138 1,139 1,140 1,186 1,202 1,141 1,142 1,203 0,216 1,204 1
user_000322	10 1,143 1,144 1,15 1,3 1,5 1,12 1,7 1,8 1,14 1,18 0,146 1,20 0,147 0,22 1,149 1,150 1,25 1,26 1,27 0,18 1,146 1,147 1,22 1,188 1,23 1,148 1,24 1,149 1,26 1,28 1,29 1,30 1,31 0,32 0,33 1,34 1,35 0,36 1,37 1,28 1,29 1,30 1,31 0,32 0,33 1,34 1,35 0,36 1,37 1,28 1,29 1,30 1,31 1,32 1,33 1,34 1,35 1,36 1,37 1,39 1,205 0,155 0,41 1,42 1,44 0,157 1,46 1,159 1,47 1,58 0,49 1,50 1,52 1,60 1,61 1,54 1,62 1,56 1,57 1,64 1,74 1,65 1,66 1,67 1,69 1,70 1,71 1,72 1,75 1,162 1,77 1,78 1,79 0,80 1,81 1,82 1,164 1,83 1,86 1,190 1,87 1,191 1,192 1,168 1,89 1,193 1,90 1,170 1,95 1,97 1,213 1,101 1,102 1,106 0,172 1,198 1,107 1,111 1,112 1,199 1,113 1,114 1,174 1,115 1,116 1,119 1,120 1,175 1,176 1,177 1,122 1,123 1,124 1,77 1,83 1,214 1,94 1,42 1,59 1,56 1,67 1,128 1,219 1,179 1,129 1,130 1,181 1,131 1,182 1,183 1,132 1,133 1,136 1,138 1,140 1,186 1,202 1,142 1,203 1
user_000323	10 1,144 1,15 1,2 1,3 1,5 1,6 1,17 1,9 1,14 1,152 0,145 1,18 0,146 1,20 1,24 1,149 0,150 1,26 1,27 0,152 1,145 1,20 1,22 0,188 1,148 1,24 1,153 1,25 1,26 1,19 1,20 1,147 1,22 1,188 1,23 1,148 1,26 1,151 1,27 1,28 1,29 1,30 1,31 1,32 1,33 1,34 1,35 1,36 1,37 1,38 1,40 1,155 1,189 1,42 1,43 1,44 1,158 1,159 1,47 1,48 1,58 1,49 1,59 1,50 1,52 1,53 1,61 1,54 1,63 1,64 1,74 1,66 1,67 1,68 1,69 1,70 1,71 1,72 1,75 1,162 1,77 1,81 1,164 0,165 1,83 1,85 1,86 1,192 1,125 1,166 1,193 1,169 1,126 1,196 1,127 1,197 1,212 1,93 1,95 1,96 1,97 1,98 1,103 1,104 1,105 0,106 1,198 1,108 1,109 1,110 1,112 1,113 1,114 1,174 1,116 1,117 1,120 1,121 1,175 1,176 0,122 1,123 1,124 1,81 1,92 0,207 1,42 1,52 1,56 1,73 1,128 1,219 1,179 1,200 1,130 1,217 0,201 1,131 1,133 1,184 1,215 1,135 1,136 1,185 1,139 1,140 1,202 0,203 1,187 1
user_000324	10 1,143 0,144 1,11 0,15 1,5 1,12 1,7 1,9 1,14 1,0 1,11 0,1 1,3 1,4 1,16 1,5 1,12 1,17 1,13 1,0 1,11 1,15 1,1 1,3 1,16 1,5 1,6 1,7 1,17 1,18 1,146 1,19 1,21 1,188 1,23 1,153 1,149 1,150 1,25 1,28 1,29 1,30 1,31 1,32 1,33 1,34 1,35 1,36 1,37 1,207 1,205 1,189 1,41 1,42 1,156 1,206 1,45 1,158 1,46 1,48 0,58 1,49 1,59 1,50 1,51 1,52 1,54 1,55 1,63 1,58 1,49 1,59 1,51 1,52 1,60 1,53 1,54 1,62 1,56 1,64 1,74 1,65 1,66 1,67 1,69 1,71 1,72 1,73 0,75 1,64 0,74 1,65 1,66 1,67 1,68 1,69 1,70 1,71 1,73 1,64 1,74 1,65 1,66 1,67 1,68 1,69 1,71 1,72 1,73 1,161 1,162 1,77 1,79 1,82 1,190 1,87 1,191 1,125 1,166 1,167 1,168 1,89 1,193 1,209 0,126 1,196 1,211 1,93 1,94 1,97 1,98 1,213 1,101 1,103 1,105 1,173 1,109 1,111 1,199 1,114 1,174 1,115 1,116 1,120 1,175 1,176 1,177 1,122 1,123 1,178 1,83 1,87 1,125 1,214 1,127 1,94 1,207 1,42 1,52 0,67 1,73 1,219 1,129 0,180 1,217 0,181 1,201 1,132 0,133 0,134 1,184 1,215 1,135 1,136 1,185 1,186 1,142 1,203 1,187 1
user_000325	10 1,0 1,15 1,1 1,4 0,16 0,6 1,8 0,13 0,14 1,143 0,11 1,15 1,1 1,4 1,5 0,12 1,6 1,8 1,9 0,10 1,144 1,15 1,2 1,4 1,12 1,7 1,8 1,9 1,14 1,152 1,146 0,19 0,20 1,188 1,23 1,148 1,24 0,149 1,150 0,152 0,19 0,20 1,22 1,188 1,148 1,24 0,153 1,26 1,27 1,152 1,18 1,19 0,21 0,22 1,23 1,148 1,149 1,150 1,25 1,28 1,29 1,30 1,31 1,32 0,33 0,34 1,35 0,36 1,37 1,28 1,29 1,30 1,31 1,32 1,33 1,34 1,35 1,36 1,37 1,38 1,39 1,207 1,205 0,42 1,44 1,156 0,46 0,159 0,47 1,39 1,207 1,40 1,155 1,41 0,44 1,156 1,45 1,46 1,47 1,207 1,155 1,189 1,41 1,42 1,43 1,156 1,206 1,46 1,159 1,48 1,58 0,49 1,59 1,51 1,61 0,54 0,63 1,56 1,57 1,48 1,58 1,49 1,50 0,51 1,52 1,53 0,62 1,55 1,57 1,58 1,50 0,52 1,60 1,53 1,54 1,62 1,55 1,56 1,57 1,65 1,66 1,67 0,68 1,69 1,70 0,71 1,72 1,73 1,75 1,64 0,74 0,65 1,66 1,68 1,69 1,71 1,72 1,73 1,75 1,74 0,65 1,66 1,67 1,68 0,69 1,70 1,71 1,72 1,73 1,160 1,162 1,77 1,78 1,86 1,87 1,166 1,167 1,168 1,169 1,126 1,195 0,210 1,90 1,91 1,211 1,197 1,170 1,171 1,94 1,96 1,99 1,100 1,101 1,103 1,106 1,198 1,107 1,173 1,110 1,112 1,113 1,174 1,115 1,116 1,118 1,175 1,177 1,122 1,178 1,124 1,81 0,87 1,125 0,214 1,126 1,207 1,59 1,52 1,67 1,73 1,128 1,219 1,179 1,129 1,180 1,200 1,130 1,217 1,201 1,131 1,133 1,134 1,185 1,140 1,186 1,141 1,142 1,216 0,187 1
user_000326	144 1,0 1,11 0,3 1,4 0,5 1,6 1,7 1,13 1,14 0,10 1,143 1,144 1,0 1,15 1,16 1,12 1,8 1,13 1,14 1,152 0,145 1,18 1,22 1,188 1,153 1,149 1,150 1,25 1,26 1,152 0,145 1,18 0,146 1,22 1,148 1,153 1,150 1,25 1,26 1,152 1,145 1,146 1,20 0,21 1,23 1,24 1,150 0,25 1,151 1,28 1,29 1,30 1,31 1,32 1,33 1,34 1,35 1,36 1,37 1,38 1,39 1,154 1,40 1,189 0,44 1,157 1,45 0,46 1,47 0,38 1,39 1,40 1,189 1,42 1,156 1,157 1,45 1,158 1,46 1,48 1,58 1,49 1,59 1,50 1,51 1,52 1,60 1,62 1,63 1,64 1,74 1,65 1,67 1,68 1,69 1,70 1,71 1,72 1,73 1,160 1,76 1,77 1,78 1,79 1,163 1,81 1,164 1,83 1,84 1,190 1,191 1,88 1,192 1,168 1,214 1,169 1,197 1,170 1,171 1,96 1,97 1,213 1,101 1,106 1,198 1,107 1,108 1,112 1,199 1,114 1,174 1,115 1,116 1,117 1,118 1,119 1,120 1,121 1,175 1,123 1,178 1,124 1,124 1,126 1,94 1,92 1,207 1,59 1,52 1,56 0,67 1,73 1,128 1,219 0,180 1,217 0,131 1,183 1,132 1,133 1,134 1,136 1,137 1,140 1,186 1,141 1,142 1,216 1,204 1
user_000327	10 1,143 0,0 1,1 0,2 0,6 1,17 0,8 1,13 1,9 1,143 0,144 0,2 1,3 1,4 1,5 1,12 1,8 1,9 1,14 1,145 1,18 1,19 1,20 1,147 1,148 1,24 1,149 1,25 1,26 1,28 1,29 1,30 1,31 1,32 1,33 1,34 1,35 1,36 1,37 1,38 0,39 1,205 1,155 1,42 1,43 1,44 1,156 1,159 1,47 0,48 1,58 1,49 1,50 1,51 1,53 1,62 1,55 1,63 1,57 1,64 0,74 1,65 1,66 1,67 1,68 1,70 1,71 1,72 1,75 1,160 1,78 1,79 1,163 1,81 1,208 1,86 1,191 1,88 1,192 1,125 0,89 1,194 0,169 1,126 1,210 1,211 1,197 1,170 1,94 1,97 1,99 1,100 1,102 1,104 1,105 1,172 1,198 1,173 1,109 1,110 1,111 1,112 1,199 1,113 1,114 1,174 0,115 0,116 1,117 1,118 1,119 1,120 1,122 1,178 1,87 1,126 1,127 1,92 1,207 1,42 1,59 1,67 1,73 1,179 1,129 1,180 1,200 1,130 1,181 1,132 1,133 1,134 1,184 1,215 1,185 1,138 1,186 1,141 1,142 1
user_000328	143 1,15 1,1 1,2 1,3 1,16 1,12 1,6 1,7 0,8 1,152 1,145 1,18 0,19 1,21 0,23 1,148 1,153 1,25 1,26 1,28 1,29 1,30 1,31 1,32 1,33 1,34 1,35 1,36 1,37 1,38 1,39 1,189 0,41 1,42 1,156 1,157 1,45 1,46 1,159 1,207 1,205 1,154 1,155 1,42 1,157 1,206 1,45 1,158 1,46 1,48 1,58 0,59 1,50 1,52 1,60 1,62 1,55 1,63 1,56 1,64 1,74 0,65 0,66 1,67 1,69 1,71 1,72 1,73 1,75 1,64 1,74 1,65 1,66 1,67 1,69 1,70 1,72 1,73 1,75 1,162 1,77 1,78 1,79 1,82 1,165 1,86 1,125 0,166 1,167 1,89 0,193 1,194 1,214 1,126 1,127 1,211 1,170 1,171 1,93 1,96 1,99 1,101 1,103 1,104 1,105 1,106 0,172 1,107 1,173 1,108 1,111 1,112 0,199 1,113 1,114 1,115 1,117 1,118 1,119 1,120 1,177 1,123 1,178 1,81 1,126 1,92 1,42 1,56 1,67 1,73 1,128 1,219 1,179 1,129 1,200 1,130 1,217 1,201 1,131 1,182 1,183 1,132 1,184 1,185 1,139 1,141 0,142 1,216 1,187 1
user_000329	10 1,0 1,11 1,15 1,4 1,16 1,6 1,8 1,9 1,14 1,145 1,18 1,146 1,147 1,188 1,23 0,24 1,153 1,150 0,27 1,152 1,146 1,20 1,21 0,188 1,23 1,148 1,25 1,26 1,151 1,152 1,146 1,20 1,21 0,188 1,148 1,24 1,153 1,149 1,27 1,28 1,29 1,30 1,31 1,32 1,33 1,34 1,35 1,36 1,37 1,38 1,205 1,154 1,40 1,42 1,43 1,44 1,158 1,46 1,47 1,50 1,52 1,60 1,61 1,54 1,62 1,55 1,63 1,56 1,57 1,160 1,162 1,77 1,80 1,82 1,208 1,84 1,85 1,88 1,218 1,214 1,169 1,126 1,195 1,196 1,91 1,211 1,93 1,94 1,95 1,96 0,97 1,98 1,99 1,100 1,101 1,102 1,103 1,105 1,172 1,198 1,107 1,108 1,109 1,110 0,199 1,114 1,116 1,117 1,119 1,120 1,175 1,176 1,122 1,123 1,178 1,124 1,77 1,83 1,125 1,94 1,92 1,207 1,59 1,179 1,130 1,217 0,181 1,201 1,182 1,183 1,133 1,184 1,135 1,136 1,185 1,137 1,138 1,141 1,187 1
user_000330	10 1,0 1,1 1,3 1,4 0,16 1,12 1,6 1,13 1,14 1,152 1,145 1,146 1,20 1,147 1,24 1,153 1,149 1,151 1,27 1,28 1,29 1,30 1,31 1,32 0,33 1,34 1,35 1,36 1,37 1,28 1,29 1,30 1,31 1,32 1,33 0,34 1,35 1,36 1,37 1,28 1,29 1,30 1,31 1,32 1,33 1,34 1,35 1,36 1,37 1,38 1,207 1,154 1,155 1,42 1,43 0,44 1,206 1,158 1,47 1,48 1,58 0,49 1,50 1,51 1,52 1,61 1,62 1,56 0,57 1,48 1,58 1,50 1,51 1,60 1,53 1,61 1,62 1,56 0,57 1,64 1,74 0,65 1,66 1,68 0,69 1,70 1,71 0,73 1,75 0,64 1,74 0,66 1,67 0,68 1,70 1,71 1,72 0,73 1,75 1,64 1,74 1,65 1,67 1,69 1,70 1,71 1,72 1,73 1,75 1,160 1,162 1,79 1,163 1,80 1,81 1,208 1,86 0,190 1,88 1,166 1,194 1,214 1,169 1,126 1,210 1,196 1,92 1,170 1,93 1,97 1,98 1,100 1,101 1,102 1,103 0,104 0,172 1,107 1,108 1,113 1,174 1,115 1,118 1,119 0,177 1,122 1,123 1,124 1,81 1,83 1,87 1,214 1,127 1,207 1,59 1,67 0,73 1,219 1,179 1,129 1,180 1,200 1,130 1,131 1,182 1,183 1,133 1,134 1,184 1,215 1,136 1,185 1,137 1,138 1,139 1,141 1,142 1,216 1,204 1
user_000331	143 1,144 1,0 1,15 1,1 1,16 0,5 1,12 1,8 1,13 1,10 1,144 1,0 1,3 1,4 0,16 1,6 1,7 1,8 1,9 1,10 1,0 1,11 0,1 1,4 0,16 1,12 1,8 1,13 1,14 1,145 1,19 1,20 0,21 1,147 0,23 1,25 1,26 1,151 1,27 1,152 1,18 0,19 1,147 0,188 0,148 1,153 1,150 1,25 1,151 1,18 0,146 1,19 0,21 1,147 1,23 1,148 1,153 1,150 1,26 1,28 0,29 0,30 0,31 1,32 1,33 0,34 1,35 0,36 1,37 1,28 1,29 1,30 1,31 0,32 0,33 1,34 1,35 1,36 1,37 1,28 1,29 1,30 1,31 1,32 1,33 1,34 1,35 1,36 1,37 1,38 1,39 1,207 1,205 1,189 1,44 1,206 1,46 0,159 1,47 1,38 1,39 1,40 1,155 1,41 1,44 1,157 1,206 1,45 1,47 0,38 1,207 1,40 1,189 1,42 1,43 1,206 1,158 1,46 1,47 1,48 1,49 1,50 1,51 1,60 1,53 1,61 1,54 1,55 1,63 1,74 1,65 1,67 1,68 1,69 1,70 1,71 1,72 1,73 1,75 1,160 1,161 1,76 1,162 1,78 1,80 1,82 1,83 1,84 1,190 1,125 1,167 1,214 1,169 1,91 1,211 1,92 1,171 1,93 1,95 1,97 1,98 1,100 1,102 1,105 1,106 1,198 1,173 1,109 1,111 1,114 1,115 1,117 1,119 1,120 1,176 1,177 1,122 1,123 1,124 1,214 1,126 1,94 1,92 1,207 0,42 1,56 1,67 1,219 1,179 1,200 1,130 1,217 0,181 1,131 1,183 1,132 1,133 1,215 1,135 1,136 1,185 1,138 1,140 1,186 1,141 1,142 1,203 1,216 1,204 1
user_000332	0 1,11 0,1 1,3 1,4 0,16 1,5 1,6 1,8 1,13 1,143 1,144 1,11 1,1 1,4 1,5 1,7 0,8 1,13 1,9 1,10 1,143 1,0 1,15 1,3 1,16 1,12 1,6 1,13 1,14 1,152 0,146 1,19 1,147 1,188 1,23 1,148 1,24 1,153 1,150 1,145 1,18 1,146 1,147 1,22 1,148 1,149 1,150 1,25 1,26 1,28 1,29 1,30 1,31 1,32 1,33 1,34 1,35 1,36 1,37 1,38 1,39 1,154 1,40 1,42 1,44 1,45 1,46 1,159 1,47 1,49 1,50 1,51 1,52 1,53 1,61 1,54 1,62 1,63 1,56 1,74 1,66 0,67 1,68 1,69 1,70 1,71 1,72 1,73 1,75 1,74 1,65 1,66 1,68 1,69 1,70 1,71 1,72 1,73 1,75 1,160 1,161 1,162 1,78 1,79 1,82 1,164 0,84 1,86 1,87 1,88 1,192 1,218 1,194 1,214 1,209 1,196 1,127 1,211 1,95 1,99 1,213 1,103 1,105 1,106 1,173 1,108 1,109 1,110 1,111 1,112 1,199 1,113 1,114 1,174 1,115 1,119 1,120 1,121 1,175 1,176 1,177 1,87 1,92 1,207 1,42 1,52 1,56 1,128 1,219 1,179 1,200 1,217 0,181 1,201 1,132 1,133 1,134 1,184 1,215 1,135 1,185 1,137 1,138 1,202 1,141 1,142 1,216 1,204 1,187 1
user_000333	143 0,144 1,0 1,11 0,4 1,16 1,12 1,7 0,13 1,9 0,10 1,144 1,11 1,2 1,4 1,12 1,7 1,8 0,13 1,9 0,143 1,15 1,1 1,2 1,3 1,12 1,6 1,7 1,13 1,14 1,18 1,19 1,21 1,22 1,188 1,23 1,148 1,153 0,149 1,25 1,152 1,18 1,20 1,21 0,188 1,23 1,148 1,149 1,150 0,151 1,145 1,19 1,20 1,147 1,188 1,23 1,24 1,150 1,26 1,151 1,28 1,29 1,30 1,31 1,32 1,33 1,34 0,35 1,36 1,37 1,28 0,29 0,30 1,31 1,32 1,33 1,34 1,35 1,36 1,37 1,28 1,29 1,30 1,31 1,32 1,33 1,34 1,35 1,36 1,37 1,205 0,154 1,40 1,189 1,42 0,44 1,45 1,158 1,46 0,47 0,205 1,40 1,189 1,41 0,42 1,156 1,206 0,46 0,159 0,47 1,38 1,205 1,154 1,189 1,41 1,44 1,206 1,45 1,158 1,46 1,58 1,49 0,59 1,50 1,51 1,53 1,61 1,54 1,55 1,63 1,48 1,58 0,49 0,50 1,52 1,60 1,54 1,63 1,56 1,57 1,48 1,58 1,59 1,50 1,51 1,52 1,60 1,61 1,54 1,63 1,64 0,74 0,65 0,66 0,67 0,70 0,71 0,72 0,73 0,75 0,64 1,66 1,67 1,68 1,69 1,70 1,71 1,72 1,73 1,75 1,77 1,79 1,81 1,82 1,208 1,84 1,85 1,88 1,125 1,166 1,167 1,218 1,193 1,194 0,209 1,126 1,92 1,170 1,93 1,94 1,96 1,97 1,99 1,100 1,213 1,102 1,103 1,104 1,105 1,106 1,198 1,107 1,115 1,116 1,176 0,177 1,122 1,178 1,77 1,87 1,125 1,214 1,127 1,94 1,59 1,52 1,56 1,73 1,130 1,217 1,201 1,131 1,182 1,132 1,134 1,184 1,215 1,136 1,185 1,137 1,138 1,140 1,186 1,202 1,141 1,142 1,203 1,216 1,204 1,187 1
user_000334	10 1,0 1,11 0,1 1,3 1,5 1,12 1,6 1,7 1,9 1,10 1,143 1,15 1,2 0,3 1,12 1,17 1,8 0,13 1,9 1,152 1,20 1,21 1,22 1,188 1,23 0,149 1,150 1,151 1,27 1,152 0,19 1,20 1,21 1,22 0,23 1,149 1,25 1,151 1,27 1,28 1,29 1,30 1,31 1,32 1,33 0,34 1,35 0,36 0,37 1,28 1,29 1,30 1,31 1,32 1,33 1,34 1,35 1,36 1,37 1,28 1,29 1,30 1,31 0,32 1,33 1,34 1,35 1,36 1,37 1,39 1,207 1,205 1,41 1,42 1,43 1,157 1,206 1,45 1,47 1,48 0,58 0,49 1,59 1,52 1,60 1,53 1,54 1,55 1,63 1,48 1,58 0,49 1,59 1,50 1,52 0,54 1,62 1,56 1,57 1,59 1,50 1,51 1,52 1,53 1,54 1,62 1,63 1,56 1,57 1,64 1,74 1,65 1,66 1,67 0,68 1,70 1,72 1,73 1,75 1,64 1,74 1,66 1,67 1,68 1,70 1,71 1,72 1,73 1,75 1,76 1,162 1,80 1,82 1,208 1,165 1,85 1,87 1,191 1,88 0,192 1,125 0,218 1,127 1,91 1,211 1,197 1,92 1,170 1,93 1,96 1,99 1,100 1,102 1,103 1,172 0,198 1,107 1,173 1,108 1,109 1,112 1,199 1,113 1,114 1,174 1,115 1,116 1,118 1,119 1,120 1,175 1,177 1,122 1,123 1,77 1,125 1,126 0,127 1,94 1,207 1,52 1,67 1,73 1,128 1,179 1,180 1,130 1,217 1,182 1,132 1,133 1,185 1,138 1,139 1,140 1,186 1,203 1,216 1,187 1
user_000335	10 1,143 1,144 1,15 1,4 0,5 1,6 1,17 1,8 1,13 1,10 1,143 1,144 1,0 1,11 1,16 1,12 1,8 1,13 1,14 0,143 1,0 1,11 1,3 1,4 0,16 1,6 1,7 1,8 1,9 1,18 1,19 1,20 0,21 1,147 0,24 1,149 1,150 1,26 1,151 1,28 1,29 1,30 1,31 1,32 1,33 1,34 1,35 1,36 1,37 1,39 1,207 1,154 1,41 1,42 1,157 1,206 1,158 1,159 1,47 1,48 1,58 1,49 1,50 1,51 1,52 1,62 1,55 1,63 1,56 1,64 1,74 1,66 1,67 1,68 1,69 1,70 1,71 1,73 1,75 1,161 1,76 1,162 1,80 1,81 1,82 1,190 1,87 1,191 1,88 0,192 1,168 1,218 1,194 1,195 1,210 1,90 1,91 1,171 1,93 1,96 1,97 1,98 1,100 1,101 1,104 1,106 0,172 1,173 1,108 1,109 1,110 1,112 0,199 1,113 1,114 1,174 1,116 1,117 1,121 1,175 1,176 1,122 1,178 1,124 1,77 1,83 1,87 1,126 1,94 1,92 1,207 1,59 1,52 1,56 1,67 1,179 1,129 1,200 1,181 1,201 1,131 1,183 1,215 1,139 1,140 1,202 1,141 1,142 1,204 1
user_000336	10 1,0 1,11 1,1 1,2 1,16 1,5 1,6 1,17 1,13 1,152 0,145 1,20 0,147 0,188 1,23 1,148 1,150 1,25 1,151 1,28 1,29 1,30 1,31 1,32 1,33 1,34 1,35 0,36 1,37 1,28 0,29 0,30 0,31 0,32 0,33 1,34 0,35 0,36 0,37 0,207 1,155 1,189 1,41 1,42 1,43 1,157 1,206 1,159 1,47 1,58 1,49 1,59 1,60 1,53 1,61 1,54 1,55 1,56 1,57 1,64 0,74 1,65 1,67 1,68 1,69 1,71 1,72 1,73 0,75 1,160 1,77 1,79 1,208 0,165 1,83 1,85 1,88 1,167 1,89 1,193 1,194 1,214 1,169 1,90 1,127 1,170 1,212 1,93 1,95 1,96 1,97 1,98 1,99 1,101 1,103 1,105 1,173 1,108 1,110 1,111 1,114 1,115 1,116 1,118 1,119 1,120 1,121 1,175 1,122 1,124 0,124 1,77 1,81 1,87 1,126 1,127 1,94 1,92 1,42 1,52 1,67 1,128 1,179 1,180 1,200 1,217 0,201 1,183 1,134 1,184 1,215 1,136 1,185 1,137 1,138 1,139 1,141 1,142 1,203 1
user_000337	143 1,15 1,2 1,3 1,4 0,12 1,7 1,17 1,9 1,14 1,152 1,145 1,146 1,19 1,20 1,153 1,149 1,150 1,151 1,27 1,28 1,29 1,30 1,31 1,32 0,33 1,34 1,35 1,36 1,37 1,38 1,39 1,207 1,154 1,155 1,156 1,157 1,206 0,46 1,47 1,38 0,154 1,189 1,41 1,42 1,43 1,44 1,206 1,45 1,46 1,49 1,51 1,52 1,60 1,61 1,62 1,55 1,63 1,56 1,57 1,64 1,74 1,65 1,67 1,68 1,69 1,70 1,71 1,73 0,75 1,160 1,161 1,162 1,80 1,81 1,164 1,208 1,85 1,86 1,166 1,89 1,193 1,209 1,126 1,210 1,196 1,90 1,197 1,170 1,94 1,96 1,98 1,99 1,213 1,103 1,104 1,105 1,106 1,172 1,198 1,108 1,110 1,199 1,114 1,174 1,115 1,118 1,120 1,121 1,175 1,122 1,123 1,178 1,77 1,81 1,83 1,214 1,126 1,127 1,94 1,92 1,67 1,219 1,129 0,180 1,130 1,217 0,131 1,182 1,183 0,132 0,133 1,184 1,215 1,135 1,136 1,138 0,139 1,216 0,204 1
user_000338	10 1,143 1,144 1,11 0,4 1,7 0,17 1,8 1,13 1,14 1,144 1,0 1,11 1,1 1,3 1,16 1,5 1,6 1,8 1,9 1,19 0,20 0,147 1,22 0,188 0,24 1,153 1,25 1,26 1,27 1,145 1,146 1,21 1,147 1,188 1,23 1,148 1,24 1,153 1,27 1,28 1,29 1,30 1,31 1,32 1,33 1,34 1,35 1,36 1,37 1,38 1,39 1,154 1,40 1,189 1,44 1,157 1,45 1,158 1,46 1,64 1,74 0,65 1,66 1,68 1,69 1,70 1,71 1,73 0,75 1,64 0,74 1,65 1,66 1,67 0,68 1,70 1,71 1,72 1,73 1,64 0,74 1,65 1,67 0,68 1,69 1,71 1,72 1,73 1,75 1,160 1,161 1,162 1,77 1,164 1,208 1,87 1,88 1,192 1,125 1,166 1,168 1,194 1,195 1,90 1,197 1,92 1,212 1,171 1,95 1,96 1,97 1,98 1,99 1,100 1,213 1,102 1,105 1,106 1,198 1,107 1,173 1,108 1,109 1,110 1,113 1,116 1,117 1,121 1,175 1,177 1,124 1,124 1,83 1,87 1,125 1,214 1,127 1,94 1,92 1,207 1,59 1,52 1,56 1,67 1,73 1,179 1,200 1,217 0,201 1,183 1,215 1,135 1,137 1,138 1,186 1,202 1,141 1,142 1,216 1
user_000339	145 1,19 1,20 1,21 1,188 0,148 1,149 1,25 1,26 1,151 1,152 1,18 1,146 1,21 1,22 1,23 1,148 1,149 1,25 1,26 1,28 1,29 1,30 1,31 1,32 1,33 1,34 1,35 1,36 1,37 1,38 1,39 1,207 1,189 1,41 1,45 1,158 1,46 0,159 1,47 1,38 1,207 1,155 1,41 1,42 1,43 1,157 1,45 1,159 1,47 1,48 1,52 1,60 1,53 1,61 1,54 1,62 1,55 1,56 1,57 1,64 1,74 1,65 1,67 1,68 0,69 1,70 1,71 1,72 1,73 1,64 1,74 1,65 1,66 1,67 1,68 1,69 1,70 1,73 1,75 1,78 1,79 1,163 1,82 1,165 1,86 1,190 1,87 1,88 1,192 1,166 1,168 1,89 1,193 1,210 1,196 1,127 1,211 1,94 1,95 1,96 1,98 1,99 1,213 1,101 1,102 1,105 1,106 1,198 1,173 1,109 1,111 1,112 1,113 1,118 1,176 1,122 1,178 1,124 1,124 1,77 1,83 1,87 1,214 1,207 1,42 1,59 1,56 1,73 1,219 1,179 1,200 1,130 1,181 1,131 1,183 1,132 1,133 1,134 1,184 1,215 1,135 1,136 1,138 1,139 1,140 1,142 1,203 1,216 1,187 1
user_000340	10 1,144 1,11 1,15 1,4 1,5 1,7 1,17 1,9 1,14 1,28 0,29 0,30 0,31 0,32 0,33 0,34 0,35 0,36 0,37 0,28 1,29 1,30 1,31 1,32 1,33 1,34 1,35 1,36 1,37 1,207 1,154 1,155 1,189 1,42 1,44 0,206 1,45 1,159 1,47 1,205 1,154 1,40 1,189 1,42 1,43 1,156 1,206 1,45 1,159 1,48 1,49 1,50 1,51 1,61 1,54 1,62 1,63 1,56 1,57 1,64 1,74 1,65 1,66 1,67 1,69 1,71 1,72 1,73 1,75 1,78 1,80 1,82 1,165 1,190 1,87 1,191 1,192 1,125 1,166 1,193 1,195 1,210 1,196 1,127 1,91 1,211 1,212 1,171 1,93 1,97 1,99 1,100 1,213 1,101 1,102 1,105 1,172 1,198 1,173 1,112 1,113 1,114 1,174 1,115 1,118 1,119 1,175 1,176 1,77 1,83 1,87 1,125 1,126 1,207 1,42 1,59 1,52 1,56 1,128 1,219 1,129 1,200 1,130 1,217 1,181 1,201 1,133 1,134 1,135 1,136 1,185 1,139 1,140 1,141 1,142 1,203 1,216 1,204 1,187 1
user_000341	143 1,144 1,11 0,15 1,1 1,16 1,5 1,12 1,13 1,14 1,0 1,11 1,15 1,1 1,2 1,12 1,7 0,13 1,9 0,14 1,143 1,0 1,15 1,2 1,3 1,5 1,12 1,6 1,7 1,14 1,152 1,18 1,146 1,20 1,147 0,23 1,148 1,24 1,153 0,150 1,152 1,145 1,18 1,146 1,21 1,23 1,148 1,24 1,153 1,26 1,28 1,29 1,30 1,31 1,32 1,33 1,34 1,35 1,36 1,37 1,38 1,39 1,154 1,155 1,41 1,45 1,158 1,46 1,159 1,47 1,48 1,58 1,49 1,51 1,52 1,53 1,55 1,63 1,56 1,57 1,64 0,74 1,65 1,67 1,68 1,69 1,70 1,71 1,72 1,73 1,64 1,74 1,66 1,67 1,68 1,69 1,71 1,72 1,73 1,75 1,160 1,161 1,76 1,163 1,80 1,83 1,84 1,85 1,87 1,191 1,88 1,168 1,193 1,195 1,196 1,127 1,91 1,92 1,93 1,94 1,97 1,99 1,100 1,213 1,101 1,102 1,172 1,107 1,173 1,109 1,112 1,199 1,115 1,120 1,121 1,175 1,176 1,177 1,122 1,178 1,124 1,124 1,77 1,81 1,83 1,87 1,214 1,126 1,127 1,59 1,56 1,73 1,128 1,219 1,129 1,180 1,200 1,130 1,201 1,133 1,134 1,184 1,215 1,135 1,185 1,137 1,139 1,140 1,142 1,187 1
user_000342	143 1,0 1,11 1,1 1,4 1,5 1,12 1,17 1,13 1,14 1,145 1,18 1,146 1,19 1,147 0,23 1,24 1,149 1,25 1,27 1,28 1,29 1,30 1,31 1,32 1,33 1,34 1,35 1,36 1,37 1,28 1,29 1,30 1,31 1,32 0,33 1,34 1,35 1,36 1,37 1,39 1,205 1,154 1,40 0,41 1,44 0,157 1,158 0,159 1,47 1,207 1,205 1,154 1,40 1,189 1,44 1,156 1,206 1,45 1,47 1,58 1,59 1,52 1,60 1,53 1,61 1,54 1,55 1,63 1,56 1,64 1,74 1,65 1,66 1,67 1,68 1,69 1,70 1,72 0,73 1,160 1,76 1,162 1,77 0,78 1,80 1,82 1,164 1,87 1,166 1,167 1,168 1,218 1,126 1,210 1,90 1,197 1,170 1,212 1,94 1,98 1,99 1,100 1,213 1,101 1,104 1,106 0,172 1,107 1,108 1,109 1,111 1,112 1,113 1,118 1,119 1,121 1,177 1,124 1,124 1,77 1,81 1,214 1,126 1,92 1,42 1,59 1,52 1,56 1,67 1,73 1,128 1,179 1,129 0,180 1,200 1,181 1,131 1,132 1,133 1,134 1,184 1,215 1,135 1,185 0,137 1,140 1,186 1,141 1,142 1
user_000343	146 1,19 0,21 1,147 1,188 1,148 1,149 1,26 1,151 1,27 1,152 1,146 1,21 1,22 1,188 1,23 1,148 1,149 1,25 1,26 1,28 1,29 1,30 1,31 1,32 1,33 1,34 1,35 1,36 1,37 1,39 1,207 1,154 1,189 1,41 1,43 1,44 1,157 1,46 1,159 1,48 1,58 1,50 1,52 1,60 1,53 1,61 1,63 1,56 1,57 1,64 1,74 1,66 1,67 1,68 0,69 1,71 1,72 1,73 1,75 1,64 1,74 1,67 1,68 1,69 1,70 1,71 1,72 1,73 1,75 1,160 1,161 1,80 1,164 1,208 1,83 1,85 1,87 1,88 1,89 1,218 1,193 1,169 1,196 1,91 1,197 1,92 1,212 1,93 1,94 1,96 1,98 1,99 1,213 1,104 1,106 1,198 1,107 1,109 1,110 1,111 1,199 1,113 1,114 1,115 1,116 1,117 1,121 1,175 1,122 1,124 1,81 1,125 1,126 1,94 1,92 1,42 1,59 1,56 1,73 1,179 1,129 1,180 1,200 1,181 1,201 1,183 1,132 1,133 1,134 1,184 1,215 1,136 1,185 1,137 1,141 1,142 1,216 1,204 1,187 1
user_000344	143 1,0 1,15 1,1 1,4 1,5 1,12 1,6 1,7 1,9 1,152 1,146 1,20 1,21 1,22 1,23 1,24 1,153 1,149 1,26 1,28 1,29 1,30 1,31 1,32 1,33 1,34 1,35 1,36 1,37 1,39 1,205 1,155 1,189 1,42 1,43 1,206 1,45 1,158 1,47 1,39 1,207 1,205 1,41 1,42 1,43 1,44 1,156 1,157 1,46 1,38 1,39 1,154 1,155 1,42 1,156 1,157 1,46 1,159 1,47 1,48 1,58 1,59 1,50 1,52 1,53 1,54 1,55 1,63 1,56 1,49 1,50 1,53 1,61 1,54 1,62 1,55 1,63 1,56 1,57 1,48 1,58 1,49 1,59 1,50 1,52 1,60 1,61 1,63 1,56 1,64 1,74 1,65 1,67 1,68 1,69 1,70 1,71 1,72 1,75 1,64 1,74 1,65 1,67 1,68 1,69 1,70 1,71 1,72 1,73 1,64 1,74 1,65 1,66 1,67 1,69 1,71 1,72 1,73 1,75 1,76 1,162 1,79 1,80 1,82 1,208 1,83 1,86 1,190 1,125 1,168 1,89 1,218 1,193 1,196 1,127 1,92 1,170 1,93 1,94 1,97 1,213 1,101 1,102 1,104 1,105 1,107 1,173 1,108 1,109 1,110 1,112 1,199 1,113 1,115 1,116 1,118 1,119 1,120 1,176 1,122 1,178 1,124 1,81 1,83 1,87 1,127 1,94 1,92 1,207 1,52 1,56 1,67 1,73 1,219 1,179 1,129 1,180 1,200 1,217 1,182 1,132 1,184 1,215 1,135 1,138 1,186 1,141 1,216 1,187 1
user_000345	10 1,143 1,144 0,0 1,11 1,12 1,17 1,13 1,9 1,14 1,143 1,0 1,1 1,3 1,4 1,16 1,5 1,12 1,17 1,8 1,152 0,146 1,21 0,147 1,188 1,23 1,148 1,149 0,150 0,25 1,145 1,18 0,19 1,21 1,22 1,23 1,150 1,26 1,151 1,27 1,28 1,29 1,30 1,31 1,32 1,33 1,34 1,35 1,36 1,37 1,38 1,207 1,205 1,155 1,41 0,44 1,156 1,157 1,45 1,46 0,39 0,207 0,40 0,155 0,42 0,157 0,45 1,158 0,159 1,47 1,38 1,40 1,155 1,189 1,41 0,157 1,206 1,45 1,158 1,46 1,58 0,49 0,59 0,50 0,51 0,52 1,62 0,55 0,56 0,57 0,48 1,58 1,49 1,59 1,52 1,53 1,61 1,62 1,63 1,57 1,64 1,74 1,65 1,66 1,67 1,69 1,70 1,71 1,72 1,73 1,64 1,65 1,66 1,67 1,69 1,70 1,71 1,72 1,73 1,75 1,161 1,77 1,163 1,165 0,190 1,87 1,192 1,125 1,166 1,168 0,194 1,214 1,169 1,126 1,195 0,127 1,211 1,197 1,92 1,212 1,96 1,99 1,103 1,104 1,172 1,198 1,107 1,108 1,109 1,111 1,199 1,114 1,174 1,115 1,116 1,117 1,118 1,119 1,120 1,176 1,123 1,178 1,77 1,81 1,87 1,214 1,126 1,94 1,92 1,59 1,52 1,67 1,219 1,129 1,217 1,181 1,201 1,131 1,183 1,132 1,133 1,134 1,184 1,215 1,137 1,140 1,141 1,203 1,204 1,187 1
user_000346	10 1,144 0,0 1,11 1,3 1,5 1,12 1,7 1,13 1,14 1,145 1,20 1,147 1,22 1,188 1,23 1,153 1,149 1,26 1,27 1,28 1,29 1,30 1,31 1,32 1,33 1,34 1,35 1,36 1,37 1,39 1,207 1,154 1,40 1,155 1,44 1,156 1,45 1,46 1,47 1,48 1,58 1,49 1,51 1,52 1,60 1,53 1,61 1,62 1,63 1,64 0,74 0,66 1,68 1,69 1,70 1,71 1,72 0,73 1,75 1,64 1,74 1,65 1,66 1,68 1,69 1,70 1,72 1,73 1,75 1,161 1,78 1,163 1,83 1,86 1,190 1,87 1,191 1,88 1,192 1,125 1,214 1,169 1,195 1,127 1,197 1,92 1,170 1,93 1,95 1,98 1,99 1,100 1,101 1,102 1,104 1,105 1,106 1,172 1,198 1,107 1,173 1,110 0,112 1,199 1,174 1,115 1,117 1,118 1,119 1,120 1,121 1,176 1,177 1,122 1,124 1,124 1,77 1,83 1,87 1,126 1,127 1,94 1,42 1,73 1,180 1,200 1,217 0,181 1,201 1,183 1,134 1,184 1,215 1,136 1,140 1,141 1,142 1,203 1,187 1
user_000347	10 1,143 1,0 1,11 1,2 1,16 1,5 1,6 1,17 1,13 1,152 1,146 1,20 1,21 1,188 1,23 1,148 1,149 1,150 1,27 0,28 1,29 1,30 1,31 1,32 1,33 1,34 1,35 1,36 1,37 1,39 1,207 1,205 1,154 1,189 1,44 1,156 1,157 0,158 0,47 1,58 1,59 1,52 1,60 1,53 1,61 1,62 1,55 1,63 1,57 1,64 1,74 1,65 1,66 1,67 1,68 1,69 1,70 1,72 1,73 1,161 1,76 1,164 1,165 1,83 1,85 0,190 1,87 1,191 1,168 1,218 1,193 1,194 1,209 1,196 1,91 1,92 1,212 1,94 1,95 1,96 1,98 1,213 1,102 1,104 1,105 1,172 1,198 1,173 1,111 1,199 1,113 1,174 1,116 1,118 1,119 1,120 1,176 1,177 1,123 1,178 1,124 1,124 1,87 1,125 1,214 1,126 1,127 1,94 1,42 1,59 1,56 1,73 1,128 1,219 1,179 1,200 1,130 1,217 0,181 1,201 1,182 0,133 1,134 1,184 1,136 1,185 1,137 1,186 1,142 1
user_000348	10 1,143 1,144 1,1 0,2 1,16 1,7 1,17 1,9 1,14 1,10 1,143 1,144 1,2 1,4 0,12 1,6 1,7 1,17 1,14 1,143 1,0 1,1 1,2 1,3 1,16 1,12 1,7 1,13 1,14 1,18 1,146 1,21 0,147 1,188 0,148 1,24 1,150 1,25 1,151 1,146 1,19 1,20 1,21 1,22 1,153 1,149 1,150 1,25 1,27 1,28 1,29 1,30 1,31 1,32 0,33 1,34 1,35 1,36 1,37 1,28 1,29 1,30 1,31 1,32 1,33 1,34 1,35 1,36 1,37 1,38 1,39 1,207 1,155 1,41 1,44 1,156 1,45 1,158 1,159 1,58 1,49 1,52 1,60 1,61 1,54 1,62 1,55 1,56 1,57 1,74 1,66 1,67 1,68 1,69 1,70 1,71 1,72 1,73 1,75 1,160 1,161 1,76 1,77 1,80 1,165 1,190 1,88 0,125 0,167 1,168 1,194 1,214 1,209 1,169 1,195 1,196 1,91 1,92 1,94 1,96 1,97 1,98 1,100 1,101 1,103 1,104 1,106 0,198 1,107 1,173 1,108 1,110 1,111 1,199 1,174 1,116 1,121 1,175 1,176 1,178 1,124 1,83 1,87 1,214 1,126 1,127 1,94 1,42 1,56 1,128 1,180 1,200 1,217 0,201 1,183 1,132 1,133 1,134 1,215 1,135 1,185 1,138 1,139 1,140 1,186 1,202 1,203 1,216 1,187 1
user_000349	144 1,0 1,11 1,15 1,2 0,12 1,6 1,8 0,13 1,9 1,10 1,0 1,11 1,3 1,4 1,16 1,6 1,7 1,8 0,14 1,152 1,145 1,18 0,21 1,22 1,148 1,24 1,25 0,26 1,151 0,152 0,146 1,19 1,20 1,22 1,23 1,148 1,153 1,150 1,25 1,28 1,29 1,30 1,31 1,32 1,33 1,34 1,35 1,36 1,37 1,38 1,40 1,155 0,41 1,42 1,43 1,44 1,206 1,45 1,158 1,58 1,49 1,50 1,51 1,60 1,53 1,55 1,63 1,56 1,57 1,64 1,74 1,65 1,66 0,67 1,69 1,70 1,71 1,72 1,75 1,160 1,77 1,78 1,80 1,164 1,83 1,191 1,192 1,125 0,168 1,89 1,193 1,194 1,214 1,210 1,196 1,90 1,171 1,93 1,95 1,97 1,98 1,99 1,101 1,105 1,172 1,198 1,108 1,109 1,110 1,111 1,112 1,115 1,116 0,117 1,120 1,121 1,176 1,177 1,124 1,124 1,77 1,81 0,83 1,125 0,214 1,92 1,42 1,52 1,73 1,128 1,179 1,180 1,200 1,217 0,131 1,183 1,134 1,184 1,215 1,135 1,136 1,137 1,139 1,140 1,186 1,202 1,141 1,203 1,204 1
user_000350	144 1,0 1,11 1,15 1,1 1,7 1,17 1,13 1,9 1,14 1,10 1,143 1,144 1,2 1,4 1,5 0,6 1,8 1,13 1,9 1,144 1,0 1,15 1,2 1,4 1,12 1,6 1,17 1,8 1,13 1,18 1,146 1,19 1,20 1,188 1,23 1,150 1,26 1,151 1,27 1,19 1,20 1,21 1,147 1,22 1,148 1,24 1,149 1,150 1,25 1,145 1,20 1,21 1,147 1,22 1,24 1,153 1,149 1,150 1,27 1,28 1,29 1,30 1,31 1,32 1,33 1,34 1,35 1,36 1,37 1,28 1,29 1,30 1,31 1,32 1,33 1,34 1,35 1,36 1,37 1,28 1,29 1,30 1,31 1,32 1,33 1,34 1,35 1,36 1,37 1,38 1,205 1,154 1,189 1,41 1,206 1,45 1,158 1,159 1,47 1,39 1,154 1,155 1,189 1,42 1,44 1,156 1,157 1,158 1,159 1,38 1,207 1,205 1,40 1,41 1,156 1,206 1,45 1,158 1,46 1,58 1,49 1,59 1,50 1,51 1,52 1,60 1,53 1,61 1,63 1,48 1,58 1,49 1,59 1,50 1,51 1,53 1,54 1,62 1,55 1,58 1,49 1,59 1,51 1,53 1,54 1,55 1,63 1,56 1,57 1,64 1,74 1,65 1,66 1,67 1,68 1,70 1,71 1,72 1,75 1,74 1,65 1,66 1,67 1,68 1,69 1,70 1,71 1,72 1,75 1,64 1,74 1,65 1,67 1,68 1,70 1,71 1,72 1,73 1,75 1,162 1,79 1,163 1,80 1,85 1,190 1,87 1,191 1,192 1,166 1,89 1,218 1,193 1,214 1,209 1,90 1,197 1,171 1,93 1,94 1,97 1,100 1,101 1,103 1,104 1,106 1,198 1,108 1,109 1,110 1,199 1,113 1,114 1,174 1,115 1,116 1,118 1,120 1,121 1,175 1,123 1,124 1,124 1,77 1,81 1,125 1,214 1,207 1,42 1,52 1,67 1,73 1,128 1,180 1,217 1,201 1,131 1,132 1,133 1,134 1,135 1,185 1,137 1,138 1,139 1,141 1,142 1,216 1,204 1,187 1
user_000351	143 0,144 1,0 1,15 0,4 1,16 1,6 1,7 1,17 1,14 1,152 1,146 1,19 1,20 0,22 0,148 1,24 1,149 0,150 1,27 1,18 1,146 1,20 1,21 1,188 1,23 1,149 1,150 1,25 1,151 1,28 1,29 1,30 1,31 1,32 0,33 1,34 1,35 1,36 1,37 1,28 1,29 1,30 1,31 1,32 1,33 1,34 1,35 1,36 1,37 1,38 1,207 1,40 1,189 1,41 1,43 1,156 1,206 1,45 1,46 1,49 1,59 1,50 1,52 0,60 1,61 1,62 1,55 1,63 1,57 1,64 1,74 1,66 1,68 1,69 1,70 1,71 1,72 1,73 1,75 1,160 1,76 1,78 1,163 1,81 1,82 1,164 1,208 1,83 1,87 1,192 0,125 1,168 1,89 1,214 1,210 1,127 1,211 1,93 1,95 1,96 1,97 1,98 1,213 1,103 1,104 1,105 1,172 1,107 1,108 1,110 1,112 1,113 1,174 1,116 1,117 1,118 1,119 1,122 1,178 1,124 1,81 1,83 1,214 1,207 1,52 1,67 1,179 1,129 1,180 1,130 1,217 0,131 1,183 1,133 0,134 1,184 1,215 1,135 1,136 1,185 0,137 1,138 1,139 1,186 1,202 1,141 1,203 1,216 1,187 1
user_000352	144 1,11 1,2 0,3 1,4 0,6 1,7 1,8 0,13 1,9 1,152 1,146 1,20 0,22 1,188 1,148 1,24 1,153 1,150 1,26 1,28 1,29 1,30 1,31 1,32 1,33 1,34 1,35 1,36 1,37 1,38 1,39 1,154 1,189 1,41 1,157 1,45 1,158 1,46 1,159 1,59 1,50 1,60 1,53 1,54 1,62 1,55 1,63 1,56 1,57 1,64 1,65 1,66 1,67 1,68 1,69 1,70 1,71 1,72 1,73 1,79 1,80 1,81 1,164 1,208 1,86 1,88 0,192 1,125 0,166 1,167 1,218 1,169 1,195 1,210 1,197 1,92 1,170 1,93 1,94 1,213 1,101 1,105 1,106 0,172 1,198 1,109 1,111 0,112 1,199 1,114 1,174 1,117 1,118 1,119 1,120 1,121 1,175 1,177 1,123 1,178 1,124 1,124 1,77 1,81 1,83 1,87 1,214 1,126 1,127 1,42 1,52 1,56 1,73 1,128 1,219 1,179 1,200 1,201 1,131 1,183 1,133 1,215 1,185 1,137 1,138 1,140 1,186 1,142 1,216 1
user_000353	143 1,0 1,1 1,2 1,4 1,16 1,6 1,7 1,9 1,14 1,18 0,20 1,21 1,22 1,188 1,24 1,153 1,26 1,151 1,27 1,146 1,21 1,147 1,22 1,188 1,148 1,149 1,26 1,151 1,27 1,28 1,29 1,30 1,31 1,32 1,33 1,34 1,35 1,36 1,37 1,38 1,205 1,154 1,40 1,42 0,43 1,44 1,156 1,45 1,46 1,38 1,39 1,207 1,155 1,189 1,43 1,206 1,45 1,158 1,47 1,48 1,58 1,49 1,59 1,50 1,51 1,54 1,62 1,55 1,57 1,74 1,65 0,66 1,67 1,68 0,70 1,71 1,72 1,73 1,75 1,160 1,76 1,162 1,208 1,165 1,85 1,190 1,88 0,192 1,125 0,89 1,214 1,126 1,195 1,196 1,211 1,92 1,170 1,171 1,94 1,97 1,99 1,100 1,102 1,103 0,105 1,198 1,173 1,108 1,111 1,112 1,199 1,113 1,114 1,115 1,116 1,117 1,118 1,119 1,120 1,123 1,124 1,77 1,125 1,214 1,126 1,94 1,92 1,207 1,52 1,179 1,180 1,217 1,181 1,201 1,182 1,183 1,132 1,133 1,134 1,184 1,215 1,135 1,185 1,137 1,138 1,140 1,202 1,204 1,187 1
user_000354	10 1,11 1,15 1,1 1,4 0,5 1,12 1,6 1,8 1,9 1,152 1,18 1,146 1,19 1,20 1,23 1,149 1,150 1,25 1,26 1,28 1,29 1,30 1,31 1,32 1,33 1,34 1,35 1,36 1,37 1,38 1,40 1,155 1,189 1,41 1,44 1,157 1,206 1,45 1,47 1,58 1,49 1,59 1,50 1,51 1,52 0,60 1,54 1,55 1,63 1,48 1,58 1,49 1,50 1,52 1,60 1,53 1,61 1,63 1,57 1,64 1,74 1,65 1,67 1,69 1,70 1,71 1,72 1,73 1,75 1,162 1,79 1,163 1,81 1,208 1,85 0,87 1,125 1,166 1,218 1,193 1,214 1,169 1,196 1,90 1,127 1,91 1,92 1,93 1,94 1,97 1,99 1,213 1,103 1,104 1,108 1,110 1,113 1,114 1,115 1,116 1,117 1,118 1,119 1,120 1,176 1,177 1,122 1,123 1,77 1,81 1,83 0,125 1,214 1,126 1,42 0,52 1,73 0,219 1,179 1,129 1,180 1,200 1,130 1,217 0,181 1,131 1,182 1,183 1,132 0,184 1,135 1,185 1,138 0,140 1,186 1,141 1,142 1,203 1,216 1
user_000355	144 0,11 1,15 0,2 0,3 1,16 1,5 0,12 1,6 1,17 1,143 1,144 0,0 1,15 1,2 0,5 0,12 1,7 1,8 0,14 0,10 1,143 0,144 0,11 1,15 1,16 1,5 0,6 1,7 1,9 1,152 1,145 1,18 1,19 1,22 1,148 1,24 1,153 1,25 1,26 1,28 1,29 1,30 1,31 1,32 0,33 1,34 1,35 1,36 1,37 1,39 1,207 1,205 1,154 1,189 1,157 0,206 0,45 1,159 1,47 1,39 1,154 1,155 1,41 1,42 1,43 0,206 1,158 1,159 1,47 0,38 1,207 1,205 1,41 1,42 1,156 1,157 1,206 1,45 1,159 1,59 1,50 1,52 1,60 1,54 1,62 1,55 1,63 1,56 1,57 0,58 1,49 1,59 1,50 1,51 1,52 1,53 1,61 1,54 1,62 1,64 0,74 1,65 1,67 1,68 1,69 1,70 1,71 1,72 1,75 1,64 0,74 1,65 1,66 1,68 1,70 1,71 1,72 1,73 1,75 1,74 1,65 1,66 1,67 1,69 1,70 1,71 1,72 1,73 1,75 1,208 1,84 1,85 1,191 1,167 1,168 1,218 0,193 1,194 0,214 1,209 1,169 1,126 1,210 1,90 1,127 1,92 1,170 1,212 1,94 1,98 1,99 1,213 1,101 1,102 0,103 1,104 1,106 1,107 0,173 1,110 1,111 1,112 1,174 1,117 1,118 1,119 1,120 1,121 1,175 1,177 1,123 1,178 1,124 1,124 1,81 0,125 0,214 1,127 1,42 1,52 1,219 1,179 1,129 1,180 1,200 1,217 1,181 1,131 1,182 1,132 1,134 1,184 1,136 1,185 1,137 1,140 1,202 1,141 1,216 1
user_000356	143 1,0 1,11 1,15 1,2 1,5 1,7 1,17 1,9 1,14 1,152 1,145 1,146 1,20 1,21 1,148 1,153 1,149 1,150 1,151 1,28 1,29 1,30 1,31 1,32 1,33 1,34 1,35 1,36 1,37 1,39 0,205 1,155 1,41 1,42 1,44 1,158 1,46 1,159 1,47 1,38 1,39 1,154 0,189 1,41 1,43 1,44 1,156 1,157 1,158 0,39 1,207 1,205 1,154 1,155 1,156 1,158 1,46 1,159 1,47 1,49 1,59 1,50 1,51 1,52 1,53 1,61 1,54 1,62 1,56 1,64 1,74 1,65 1,66 1,67 1,68 1,69 1,70 1,71 1,75 1,160 1,78 1,80 1,164 1,85 0,86 1,87 1,191 1,88 1,192 1,167 1,218 1,209 1,169 1,126 1,210 1,91 1,171 0,93 1,94 1,96 1,97 1,98 1,100 1,103 1,104 1,105 1,173 1,108 1,111 1,112 1,113 1,114 1,117 1,118 1,119 1,175 1,177 1,122 1,123 1,77 1,81 1,125 1,214 1,94 1,42 1,52 1,67 1,73 1,128 1,219 0,179 1,129 1,180 1,200 1,217 0,181 1,201 1,131 1,183 1,133 1,134 1,184 1,138 1,139 1,186 1,202 1,142 1,203 1,216 1
user_000357	10 1,144 1,0 1,11 0,15 1,6 1,7 1,13 1,9 1,14 0,18 0,146 1,21 1,22 1,188 1,148 1,24 0,153 1,25 0,151 1,28 1,29 1,30 1,31 1,32 0,33 1,34 1,35 0,36 1,37 1,28 1,29 1,30 1,31 1,32 1,33 1,34 1,35 0,36 1,37 1,39 1,40 1,189 1,41 1,42 1,157 0,206 1,45 1,158 1,47 1,48 1,58 1,59 1,50 1,60 1,53 1,61 1,55 1,63 1,56 1,64 1,74 1,66 0,67 1,68 1,69 1,71 1,72 1,73 1,75 1,160 1,76 1,162 1,77 1,208 1,165 1,86 1,191 1,88 1,192 1,89 1,218 1,193 1,214 1,209 1,126 1,210 1,196 1,211 1,197 1,97 1,99 1,100 1,213 1,101 1,103 1,104 1,105 1,106 0,173 1,109 1,110 1,111 1,113 1,114 1,174 1,117 1,120 1,121 1,175 1,177 1,123 1,124 1,124 1,77 1,87 1,214 1,92 1,42 1,59 1,56 1,179 1,200 1,130 1,181 1,201 1,131 1,182 1,132 1,134 1,184 1,215 1,135 1,136 1,185 1,186 1,202 1,142 1,204 1,187 1
user_000358	10 1,143 1,144 1,1 0,2 1,5 1,12 1,8 0,9 1,14 1,145 0,18 1,19 1,20 1,147 0,148 1,153 1,150 1,151 1,27 1,28 1,29 1,30 1,31 1,32 1,33 1,34 1,35 1,36 1,37 1,39 1,205 1,154 1,40 1,42 1,43 1,44 1,206 0,45 0,47 1,48 1,59 1,51 1,52 1,60 1,53 1,61 1,62 1,63 0,57 1,64 0,65 1,66 1,67 1,68 0,69 1,70 1,71 1,73 1,75 1,64 1,74 0,66 1,67 1,68 1,69 1,70 1,71 1,72 1,73 1,161 1,162 1,78 1,79 1,82 1,165 1,86 1,87 1,192 1,125 1,167 1,168 1,214 1,169 1,126 1,195 1,210 1,170 1,171 1,93 1,97 1,99 1,100 1,213 1,101 1,104 1,106 1,198 1,107 1,173 1,108 1,110 1,111 1,112 1,117 1,120 1,121 1,175 1,176 1,177 0,122 0,123 1,178 0,124 1,125 1,94 1,42 1,56 0,67 1,128 1,219 1,180 1,130 1,217 0,181 1,131 1,183 0,132 1,133 1,134 1,185 1,138 1,139 1,140 1,202 0,141 1,142 1,203 1,204 0,187 1
user_000359	10 1,0 1,11 0,15 0,3 1,16 1,5 0,6 0,9 1,14 1,10 1,144 1,11 0,15 0,4 0,6 1,17 1,8 0,13 1,9 1,10 1,15 1,2 0,3 1,4 1,16 1,5 0,12 1,6 1,17 1,145 1,19 0,20 1,147 1,22 1,23 1,153 1,149 1,150 0,26 1,152 1,20 1,147 1,22 1,188 1,148 1,24 1,153 1,151 1,27 1,28 1,29 1,30 1,31 1,32 1,33 1,34 1,35 1,36 1,37 1,38 1,39 1,207 1,205 1,40 1,156 1,45 1,158 1,46 1,47 1,48 1,49 1,50 1,51 1,60 1,53 0,62 1,55 1,56 1,57 1,64 1,74 0,65 1,66 1,67 1,69 0,70 0,71 1,72 1,75 1,64 0,74 0,67 1,68 1,69 0,70 1,71 0,72 1,73 1,75 1,64 0,74 1,66 1,67 1,68 1,69 1,71 1,72 1,73 1,75 1,160 1,161 1,162 1,163 1,80 1,164 1,165 1,87 1,88 0,192 1,166 1,209 1,169 1,195 1,211 1,197 1,92 1,170 1,94 1,95 1,97 1,98 1,99 1,100 1,213 1,101 1,104 1,105 0,106 0,107 1,111 1,113 1,114 1,116 1,121 1,175 1,176 1,123 1,178 1,77 1,81 1,83 1,125 0,214 1,126 1,92 1,59 1,67 1,73 1,180 1,130 1,217 1,181 1,131 1,182 1,183 1,132 1,133 1,184 1,215 1,135 1,136 1,138 1,140 1,186 1,202 1,141 1,142 1,203 1,216 1
user_000360	144 1,11 0,1 1,2 0,4 1,5 1,12 1,6 1,7 0,9 0,143 1,144 1,15 1,1 1,3 0,16 1,5 1,6 1,7 1,14 1,0 1,11 0,1 1,2 1,3 1,16 1,12 1,17 0,8 0,13 1,152 0,145 1,18 0,20 1,147 1,23 1,149 1,150 0,26 1,151 1,18 1,146 1,19 1,147 1,22 1,23 1,148 0,25 1,151 1,27 1,28 0,29 0,30 1,31 1,32 1,33 1,34 1,35 0,36 1,37 1,28 1,29 1,30 1,31 1,32 1,33 1,34 1,35 1,36 1,37 1,38 1,39 1,205 1,154 1,40 1,43 1,156 1,206 1,158 1,159 0,38 1,205 1,40 1,41 1,42 1,44 0,206 1,45 1,46 1,47 1,38 1,207 1,205 1,154 1,40 1,156 1,157 1,46 1,159 1,47 1,48 1,58 1,49 0,59 0,50 1,51 1,52 1,60 1,55 1,56 1,48 1,49 1,52 1,60 1,61 1,54 1,62 1,55 1,56 1,57 1,64 1,65 1,66 1,68 1,69 1,70 1,71 0,72 1,73 0,75 1,64 1,74 1,65 1,67 1,68 1,69 1,70 1,71 1,73 1,75 1,160 1,161 1,76 1,77 1,78 1,80 1,165 1,83 1,85 1,86 1,87 1,192 1,166 1,89 1,218 0,214 1,210 1,91 1,211 1,197 1,96 1,98 1,99 1,100 1,213 1,101 1,103 0,105 1,106 1,107 1,173 1,109 0,110 1,111 1,112 1,113 1,115 1,116 1,118 1,119 1,120 0,175 1,176 1,122 1,123 1,124 1,125 1,127 1,94 1,207 1,42 1,52 1,73 1,128 1,179 1,129 1,180 1,200 1,217 1,182 1,183 1,133 1,134 1,184 1,135 1,185 1,139 1,141 0,203 1,187 1
user_000361	143 1,144 1,11 1,15 1,2 0,16 1,5 1,12 1,9 1,14 1,152 1,145 1,21 1,147 1,22 1,23 1,153 1,149 1,150 1,27 1,28 1,29 1,30 1,31 1,32 1,33 1,34 1,35 1,36 1,37 1,38 1,39 1,154 1,40 1,155 1,43 1,45 1,158 1,46 1,47 1,48 1,49 1,50 1,51 1,53 1,61 1,62 1,55 1,63 1,57 1,64 0,74 1,66 1,67 1,68 1,69 1,70 1,71 1,73 1,75 1,74 1,66 1,67 1,68 1,69 1,70 1,71 1,72 1,73 1,75 1,76 1,163 1,80 1,81 1,82 1,164 1,84 1,85 1,191 1,166 1,218 1,214 1,209 1,210 1,91 1,211 1,92 1,171 1,93 1,94 1,96 0,97 1,213 1,101 1,102 1,104 1,105 1,172 1,198 1,107 1,110 1,111 1,112 0,199 1,113 1,114 1,115 1,116 1,119 1,175 1,176 0,177 1,122 1,123 1,124 1,124 1,77 1,83 1,42 1,52 1,56 1,67 1,128 1,180 1,200 1,130 1,217 0,181 0,131 1,132 0,133 1,215 1,136 1,138 1,139 1,186 1,141 1,142 1,216 1,204 0
user_000362	144 1,0 1,15 1,2 1,4 1,16 1,12 0,6 1,17 1,8 0,10 0,143 1,0 1,2 1,3 1,16 1,5 1,12 0,17 1,8 0,146 1,20 1,21 1,22 1,188 1,24 1,149 1,25 1,26 1,151 1,28 0,29 1,30 1,31 1,32 0,33 0,34 0,35 1,36 1,37 1,28 1,29 1,30 1,31 1,32 1,33 1,34 1,35 1,36 1,37 1,38 1,205 1,154 1,155 1,42 1,43 1,156 1,206 1,46 1,159 0,38 1,39 1,205 1,189 0,42 1,157 1,206 1,45 1,158 1,159 1,39 1,207 1,205 1,154 1,40 1,156 1,158 1,46 1,159 1,47 1,48 1,58 0,52 0,60 0,53 0,61 1,62 1,55 0,63 1,56 1,64 1,74 1,65 1,67 1,69 1,70 1,71 1,72 1,73 1,75 1,78 1,79 1,82 1,164 1,165 1,191 1,166 1,167 1,168 1,89 1,193 0,210 1,90 1,91 1,197 1,92 1,171 1,93 1,94 1,95 1,97 0,98 1,99 1,101 1,102 1,103 1,104 1,106 1,107 1,173 0,109 1,110 0,112 1,113 1,115 1,117 1,118 1,177 1,77 0,81 1,87 1,207 1,42 1,59 1,67 1,128 1,219 1,180 1,200 1,130 1,217 1,201 1,131 1,182 1,132 1,133 1,134 1,184 1,135 1,136 1,185 1,138 1,139 1,186 1,202 1,141 1,142 1,203 1,216 1,204 1
user_000363	144 0,15 1,1 1,3 0,4 0,5 1,6 1,7 1,17 1,13 0,144 1,0 1,1 1,2 1,3 1,5 1,6 1,7 1,8 0,13 1,145 1,146 1,19 1,20 1,22 1,148 1,150 1,25 1,26 1,27 1,28 1,29 1,30 1,31 1,32 1,33 1,34 1,35 1,36 1,37 1,39 1,207 1,40 1,189 1,42 1,156 1,45 1,158 1,46 0,159 1,38 1,39 1,205 1,189 1,41 1,43 1,157 1,45 1,158 1,47 0,38 1,39 1,207 1,154 1,42 1,44 1,156 1,45 1,158 1,159 1,48 1,58 1,59 1,51 1,52 1,60 1,53 1,61 1,62 1,56 1,64 1,74 1,65 1,66 1,67 1,68 1,69 1,71 1,72 1,73 1,160 1,162 1,81 1,165 0,87 1,191 1,88 0,166 1,168 1,214 1,209 1,169 1,126 1,195 1,210 1,196 1,127 1,92 1,93 1,94 1,97 1,98 1,99 1,100 1,213 1,101 1,102 1,105 1,172 1,173 1,109 1,111 1,113 1,114 1,115 1,116 1,119 1,120 1,177 1,122 1,123 1,77 1,81 1,83 1,87 1,125 1,126 1,127 1,94 1,207 1,42 1,59 1,56 1,128 1,219 1,200 1,130 1,131 1,182 1,132 1,134 1,215 1,135 1,136 1,185 1,138 1,140 1,202 1,141 1,216 1
user_000364	10 1,144 1,1 1,3 1,4 0,16 1,5 0,17 1,8 0,9 1,10 1,143 1,144 1,0 1,2 1,5 1,12 1,17 1,8 1,9 1,152 1,145 1,20 0,21 1,188 1,24 1,153 1,150 0,26 1,151 1,152 0,19 1,21 0,22 0,188 1,148 1,24 1,149 1,150 1,26 1,28 1,29 1,30 1,31 1,32 1,33 1,34 1,35 1,36 1,37 1,38 0,154 1,40 1,189 1,41 1,43 1,44 1,157 1,158 1,46 1,48 1,58 1,49 1,50 1,60 1,53 1,54 1,62 1,63 1,56 1,74 1,65 1,66 1,67 1,68 1,69 1,70 1,71 1,72 1,75 1,160 1,161 1,76 1,79 1,80 1,82 1,208 1,83 1,168 1,89 1,193 1,209 1,169 1,126 1,196 1,127 1,91 1,197 1,170 1,171 1,96 1,99 1,213 1,102 1,103 1,104 1,105 1,106 1,198 0,173 1,108 1,110 1,111 1,112 1,199 1,113 1,114 1,115 0,116 1,119 1,177 1,122 1,123 1,178 1,124 1,87 1,125 1,214 0,127 1,92 1,73 1,128 1,179 1,200 1,201 1,131 1,182 1,183 1,132 1,133 1,215 1,185 1,137 1,138 1,140 1,186 1,203 1,216 0,204 1,187 1
user_000365	0 1,11 1,1 0,3 1,4 0,5 0,17 1,8 1,9 1,14 1,144 0,11 0,15 1,2 0,4 1,12 1,17 1,8 1,9 1,14 1,145 1,20 0,21 1,22 0,188 1,148 1,24 1,153 1,25 1,27 1,145 0,18 1,146 1,147 1,188 1,23 1,149 1,150 1,25 1,26 1,28 1,29 1,30 0,31 1,32 1,33 0,34 1,35 1,36 1,37 1,28 1,29 1,30 0,31 1,32 1,33 1,34 1,35 1,36 1,37 1,28 1,29 1,30 1,31 1,32 1,33 1,34 1,35 1,36 1,37 1,38 1,205 1,154 1,189 1,42 1,44 1,156 1,45 1,159 1,47 1,48 1,49 1,59 1,51 1,52 1,60 1,53 1,62 1,55 1,63 1,64 0,74 1,65 1,66 1,67 1,68 1,69 1,70 1,71 1,75 1,160 1,161 1,162 1,79 1,81 1,82 1,164 1,83 1,84 1,191 1,192 1,166 1,167 1,194 0,214 1,169 1,195 1,127 1,211 1,92 1,96 0,99 1,100 1,213 1,101 1,102 1,103 1,106 0,172 1,173 0,109 1,110 1,111 1,112 1,116 1,117 1,118 1,175 1,177 0,178 1,124 0,77 1,81 1,125 1,126 1,94 1,92 1,42 1,59 1,52 1,73 1,179 1,180 1,200 1,130 1,181 0,201 0,132 1,133 1,134 1,215 1,136 1,139 1,140 1,186 1,202 1,141 1,142 1,203 1,204 1
user_000366	143 1,0 1,11 1,15 1,3 1,5 1,12 1,6 1,7 1,8 1,145 1,20 0,147 1,22 0,188 1,148 0,24 1,149 1,150 1,151 1,146 1,20 1,21 1,22 1,188 1,23 1,153 0,25 1,26 1,27 1,152 0,20 1,147 1,22 1,188 1,153 0,149 1,150 1,25 1,151 0,28 0,29 0,30 1,31 0,32 1,33 0,34 0,35 1,36 1,37 1,28 1,29 0,30 0,31 0,32 1,33 1,34 1,35 1,36 1,37 1,28 1,29 1,30 1,31 1,32 1,33 1,34 1,35 1,36 1,37 1,207 1,154 1,40 1,189 1,41 1,157 1,45 1,158 1,46 1,159 1,48 0,58 1,49 0,50 0,60 0,53 1,61 1,55 1,56 1,57 0,48 1,49 1,59 0,51 1,52 0,61 1,62 1,55 1,63 1,57 1,48 1,58 1,49 1,59 1,51 1,52 1,60 0,61 1,55 0,63 1,64 1,74 0,65 0,66 0,67 1,69 1,70 1,71 0,72 1,73 1,64 1,74 1,66 1,68 1,69 1,70 1,71 0,72 1,73 1,75 1,64 1,74 1,65 1,66 1,68 1,70 1,71 1,72 1,73 1,75 1,160 1,161 1,162 1,78 1,79 1,80 1,84 1,190 1,166 1,193 0,194 1,209 1,210 1,196 1,91 1,197 1,171 1,93 1,94 1,95 1,98 1,99 1,213 0,102 1,104 1,106 0,172 1,107 1,108 0,109 1,111 1,199 1,113 1,115 1,116 1,117 1,119 1,120 1,121 1,175 1,122 1,123 0,178 1,124 1,77 1,81 1,87 1,214 1,127 1,92 1,128 1,219 0,129 1,200 1,217 1,181 0,131 1,133 1,134 1,215 1,135 1,136 1,185 1,139 1,186 1,202 1,142 1,203 1,204 1,187 1
user_000367	10 1,11 1,1 1,3 1,4 0,7 1,17 1,8 0,13 0,9 0,10 0,144 1,11 1,1 1,4 1,5 1,17 1,8 0,13 0,14 1,144 0,0 1,15 1,2 0,4 1,5 1,17 1,8 1,13 1,9 0,152 1,145 1,20 0,147 1,188 1,148 1,24 1,150 1,151 1,27 1,28 1,29 1,30 1,31 0,32 0,33 0,34 1,35 0,36 1,37 1,28 1,29 1,30 1,31 1,32 1,33 1,34 1,35 1,36 1,37 1,207 1,205 1,40 1,155 1,189 1,44 1,206 1,158 1,46 1,47 1,48 1,58 1,49 1,59 1,52 1,53 1,61 1,55 0,63 1,56 1,64 1,74 1,66 1,68 1,69 1,70 1,71 1,72 1,73 1,75 1,160 1,76 1,77 1,80 1,81 1,164 0,208 1,165 1,83 1,125 1,193 1,214 1,209 1,169 1,126 1,195 1,196 1,91 1,211 1,93 1,96 1,97 1,99 1,104 1,106 1,172 1,198 1,109 1,112 1,199 1,113 1,114 1,174 1,115 1,117 1,176 1,177 1,178 1,124 1,83 1,87 1,125 1,214 1,92 1,59 1,52 1,56 1,73 1,219 1,179 1,129 1,180 1,200 1,130 1,181 1,201 1,182 1,133 1,184 1,215 1,135 1,136 1,185 1,138 1,139 1,186 1,202 1,203 0,204 1,187 1
user_000368	10 1,143 1,144 1,0 1,11 0,16 1,12 1,7 1,8 1,9 1,152 0,145 1,19 1,20 0,147 1,23 1,148 1,25 1,26 1,27 1,28 1,29 1,30 1,31 1,32 1,33 1,34 1,35 1,36 1,37 1,207 1,205 1,154 1,40 1,155 1,43 1,156 1,157 1,206 1,158 1,48 1,58 1,50 1,60 1,53 1,61 1,62 0,63 1,56 1,57 1,64 0,74 1,65 1,66 1,68 0,69 1,70 0,71 1,73 1,75 1,64 0,74 1,65 1,67 1,68 1,69 1,70 1,71 1,72 1,73 1,76 1,162 1,79 1,81 1,82 1,208 0,165 1,85 0,190 1,167 1,168 1,194 1,126 1,196 1,127 1,91 1,211 1,93 1,94 1,95 1,97 1,99 1,213 1,101 1,103 0,104 1,105 1,106 0,108 1,109 1,111 1,199 1,114 1,174 1,115 1,116 1,119 1,121 1,175 1,176 1,123 1,124 1,124 1,77 1,81 1,83 1,87 1,214 1,207 1,42 1,52 1,56 1,67 1,128 1,219 1,129 1,180 1,130 1,181 1,131 1,182 1,132 1,133 1,184 1,135 1,136 1,185 1,139 1,142 1,204 0
user_000369	144 1,11 1,15 1,2 1,3 1,5 1,12 1,6 1,7 1,8 1,152 1,145 1,19 1,147 1,22 1,23 1,148 1,24 1,153 1,27 1,28 1,29 1,30 1,31 1,32 1,33 1,34 1,35 1,36 1,37 1,28 1,29 1,30 1,31 1,32 1,33 1,34 1,35 1,36 1,37 1,38 1,205 1,154 1,189 1,41 1,43 1,156 1,157 1,45 1,158 1,39 1,207 1,154 1,155 1,189 1,44 1,157 1,46 1,159 1,47 1,48 1,58 1,49 1,59 1,60 1,53 1,61 1,55 1,56 1,57 1,49 1,59 1,50 1,51 1,52 1,53 1,61 1,55 1,63 1,57 1,48 1,58 1,49 1,59 1,60 1,53 1,61 1,54 1,62 1,63 1,74 1,65 1,67 1,68 1,69 1,70 1,71 1,72 1,73 1,75 1,64 1,66 1,67 1,68 1,69 1,70 1,71 1,72 1,73 1,75 1,64 1,65 1,66 1,67 1,69 1,70 1,71 1,72 1,73 1,75 1,161 1,77 1,78 1,79 1,80 1,83 1,84 1,86 1,191 1,192 1,166 1,89 1,169 1,126 1,196 1,127 1,197 1,92 1,94 1,95 1,96 1,97 1,100 1,213 1,102 1,103 1,105 1,198 1,107 1,173 1,108 1,109 1,112 1,113 1,114 1,174 1,116 1,117 1,118 1,175 1,177 1,122 1,124 1,81 1,125 1,214 1,127 1,92 1,59 1,56 1,67 1,73 1,129 1,180 1,200 1,130 1,217 1,181 1,201 1,131 1,183 1,134 1,215 1,139 1,140 1,186 1,142 1,203 1,216 1,204 1
user_000370	10 1,144 1,11 1,1 1,4 1,5 1,7 1,17 1,8 1,13 1,152 0,18 1,19 1,22 1,188 1,23 1,148 1,24 1,150 1,27 1,152 1,145 1,18 1,146 1,188 1,23 1,148 1,153 1,150 1,26 1,28 1,29 1,30 1,31 1,32 1,33 1,34 1,35 1,36 1,37 1,39 1,205 1,40 1,155 1,189 1,43 1,156 1,157 1,158 1,46 1,58 1,59 1,50 1,51 1,60 1,61 1,54 1,55 1,56 1,57 1,64 0,74 1,65 1,66 1,67 1,68 1,69 1,70 1,72 1,73 1,74 1,65 1,66 1,67 1,68 1,69 1,70 1,71 1,73 1,75 1,76 1,163 0,81 1,190 1,125 1,167 1,168 1,89 1,218 1,209 1,126 0,196 1,127 1,211 1,197 1,170 1,212 1,171 1,93 1,95 1,96 1,97 1,100 1,101 1,106 1,198 1,173 1,108 1,109 1,112 0,199 1,113 1,115 1,116 1,117 1,119 1,120 1,121 1,175 1,176 1,177 1,122 1,124 1,124 1,77 1,125 1,126 1,94 1,92 1,207 1,52 1,56 1,128 1,219 1,179 1,129 1,130 1,181 1,201 1,131 1,183 1,184 1,215 1,137 1,138 1,186 1,202 1,142 1,216 1,204 1
user_000371	143 1,144 1,0 1,15 1,3 1,12 1,7 1,17 1,9 1,14 1,145 1,18 1,146 0,21 0,147 0,148 0,24 1,153 1,149 1,150 0,152 1,18 1,19 0,20 1,147 1,153 1,149 1,150 1,25 1,151 1,152 1,18 0,146 0,19 0,21 0,23 1,153 1,150 0,151 1,27 0,28 1,29 1,30 1,31 1,32 0,33 1,34 1,35 1,36 1,37 1,28 1,29 1,30 1,31 1,32 1,33 1,34 1,35 1,36 1,37 1,39 1,207 1,205 1,155 1,42 1,44 1,157 0,158 1,46 1,47 1,38 1,154 1,189 1,41 1,42 1,157 1,45 1,158 1,159 1,47 1,58 1,50 1,52 1,60 1,61 1,54 1,62 1,55 1,56 0,57 1,64 1,74 1,65 1,66 1,68 0,69 1,70 1,71 0,72 1,75 1,64 1,74 1,65 1,67 0,68 0,69 1,71 1,72 1,73 0,75 1,74 1,65 0,66 1,67 0,68 1,69 1,70 1,71 1,73 0,75 1,162 1,77 0,78 1,79 1,163 1,82 1,165 1,84 1,190 1,88 1,192 1,218 1,193 1,209 1,210 1,127 1,91 1,197 1,92 1,95 1,96 1,213 1,103 1,105 1,106 1,172 1,198 1,107 1,173 1,108 1,109 1,110 0,112 1,115 1,116 1,117 1,175 1,177 1,122 1,123 1,178 1,124 1,124 1,81 0,83 0,125 0,214 1,126 1,127 1,94 1,207 1,56 0,73 1,179 1,180 1,200 1,130 1,181 1,182 1,133 1,215 1,136 1,185 1,137 1,139 1,140 1,186 1,202 1,204 1,187 1
user_000372	143 0,144 1,11 1,15 1,4 0,16 1,6 1,7 1,17 1,14 1,10 1,143 1,15 1,2 1,3 1,12 1,6 1,7 1,13 1,9 1,18 1,146 1,20 0,21 1,147 1,23 1,148 1,24 1,153 1,149 1,28 1,29 1,30 1,31 1,32 0,33 1,34 1,35 1,36 1,37 1,28 1,29 1,30 1,31 1,32 1,33 1,34 1,35 1,36 1,37 1,39 1,207 1,40 1,155 1,41 1,43 1,44 1,157 1,45 0,47 1,48 1,58 1,49 1,50 1,51 1,53 1,61 1,54 1,63 1,56 1,64 1,65 1,66 1,67 1,68 1,69 1,70 1,71 1,73 1,75 1,77 0,163 1,81 1,82 1,83 1,85 1,190 0,191 0,166 1,167 1,89 1,218 1,126 1,211 1,92 1,170 1,212 1,171 1,93 1,95 1,96 1,98 1,99 1,100 1,101 1,105 1,106 0,172 1,198 1,107 1,110 1,111 1,199 1,113 0,114 1,174 1,115 1,116 1,117 1,118 1,175 1,177 1,122 1,178 1,124 1,83 1,87 1,214 1,126 1,94 1,59 1,52 1,56 1,128 1,219 0,129 1,181 1,201 1,182 1,183 1,134 1,215 1,135 1,185 1,137 1,138 1,140 1,216 0,204 1,187 1
user_000373	143 1,15 1,1 0,2 0,4 0,12 1,6 1,17 1,8 0,13 0,10 1,144 1,0 1,2 0,4 0,16 0,5 0,6 1,7 0,13 0,10 1,143 0,11 1,2 0,3 1,16 1,12 1,6 0,13 1,14 1,145 1,18 0,20 1,21 1,188 0,148 1,153 0,149 1,26 1,27 0,28 1,29 0,30 0,31 1,32 0,33 0,34 0,35 0,36 1,37 1,28 1,29 1,30 1,31 1,32 0,33 0,34 1,35 0,36 1,37 1,28 1,29 1,30 1,31 1,32 0,33 1,34 1,35 0,36 1,37 1,38 1,207 1,205 1,40 1,42 1,43 1,44 1,156 1,158 1,159 1,48 1,58 1,49 1,50 1,60 1,53 1,61 1,54 1,62 1,56 1,64 0,74 1,65 1,66 1,69 1,70 1,71 1,72 1,73 0,75 1,76 1,77 1,163 1,208 0,165 1,85 0,86 1,191 1,88 1,192 1,125 1,168 1,218 1,210 1,91 1,197 1,170 1,171 1,93 1,94 1,96 1,97 1,100 1,213 1,101 1,105 1,106 1,172 1,198 1,107 1,173 1,108 1,112 1,174 1,115 1,116 1,118 1,119 1,120 1,121 1,175 1,176 1,123 1,124 1,83 1,87 1,125 1,127 1,92 1,207 1,42 1,59 1,52 1,56 1,67 1,200 1,130 1,181 1,201 1,131 1,183 1,133 0,135 1,136 1,185 1,202 1,141 1,203 1,216 1,187 1
user_000374	143 1,144 1,0 1,15 1,4 0,16 1,5 1,12 1,8 1,9 1,143 1,0 1,11 0,1 1,3 0,16 0,12 0,7 1,8 1,14 1,10 1,143 1,11 1,15 1,3 1,16 1,7 1,13 1,9 1,14 1,145 1,20 1,21 1,147 1,22 1,23 1,153 1,149 1,150 1,25 1,28 1,29 1,30 1,31 1,32 0,33 0,34 1,35 1,36 1,37 1,28 1,29 1,30 1,31 1,32 1,33 1,34 1,35 1,36 1,37 1,38 1,40 1,155 1,41 1,42 0,43 1,44 0,156 1,45 1,159 0,38 1,207 1,154 1,40 1,189 1,43 1,44 1,156 1,206 1,45 1,58 1,49 1,59 1,51 1,52 1,53 1,55 1,63 0,56 1,57 1,64 1,74 1,65 1,66 1,68 0,69 1,70 1,71 1,72 1,73 1,161 1,76 1,162 1,80 1,164 0,83 1,84 1,86 1,190 1,88 0,166 1,167 1,214 1,169 1,210 1,196 1,91 0,170 1,212 1,171 1,97 1,98 1,99 1,100 1,213 1,101 1,103 1,104 1,105 1,198 1,173 1,108 1,109 1,110 1,113 1,174 1,115 1,117 1,118 1,119 1,120 1,121 1,175 1,123 1,178 1,124 1,124 1,81 1,87 1,126 1,94 1,92 1,59 1,52 1,56 1,73 1,128 1,129 1,217 1,133 1,184 1,135 1,185 1,139 1,186 1,202 1,203 1,216 1,204 1,187 1
user_000375	10 1,144 1,0 1,15 1,4 1,16 1,12 1,17 1,13 1,9 1,152 1,145 1,18 0,147 1,22 1,148 1,153 1,150 1,25 1,27 1,152 1,18 1,146 1,19 1,147 1,23 1,24 1,149 1,150 1,25 1,28 1,29 1,30 1,31 1,32 1,33 1,34 1,35 0,36 1,37 1,28 1,29 1,30 1,31 1,32 1,33 1,34 1,35 1,36 1,37 1,38 1,154 1,40 1,189 0,42 1,43 1,157 1,158 1,46 1,159 1,39 1,207 1,205 1,155 0,42 1,156 1,157 1,206 1,158 1,159 1,50 1,51 1,52 0,60 1,53 1,61 1,54 1,62 0,56 0,57 0,59 1,50 1,51 1,60 1,53 1,54 1,62 1,63 1,56 1,57 1,74 1,65 1,66 1,67 0,68 1,69 1,70 0,71 0,73 1,75 0,64 1,74 1,65 1,66 1,67 0,69 1,70 1,71 1,73 1,75 1,160 1,76 1,162 1,77 1,80 1,208 0,165 1,84 1,167 1,168 1,218 1,194 1,210 1,127 1,91 1,211 1,212 1,171 1,93 1,94 1,97 1,98 1,100 1,104 1,105 0,106 1,172 1,107 0,110 1,112 1,199 1,113 1,115 1,117 1,119 1,120 1,176 1,177 1,122 0,123 0,178 1,124 1,77 1,81 1,87 1,126 1,127 1,94 1,207 1,52 1,56 1,73 1,219 1,129 1,200 1,130 1,217 1,182 1,183 0,132 1,133 1,134 1,185 1,139 1,140 1,186 1,141 0,142 0,203 1,216 1
user_000376	10 1,143 1,11 0,1 1,4 1,5 0,12 1,6 1,7 1,17 1,152 0,145 1,19 1,20 1,21 0,23 0,24 0,149 1,150 0,27 1,18 0,146 1,19 1,22 0,188 1,148 1,153 1,150 1,26 1,151 1,28 1,29 1,30 1,31 1,32 0,33 1,34 1,35 1,36 1,37 1,28 1,29 1,30 1,31 1,32 1,33 1,34 1,35 1,36 1,37 1,39 1,207 0,205 1,155 0,41 1,156 1,206 1,45 1,46 0,159 1,38 1,207 1,205 1,189 1,41 1,156 1,157 1,206 1,46 1,159 1,48 1,58 1,51 1,52 1,60 1,53 1,61 1,62 1,55 1,57 1,74 1,65 0,66 1,67 1,69 0,70 0,71 1,72 1,73 1,75 1,74 1,65 1,66 1,67 1,68 0,69 1,71 1,72 1,73 1,75 1,74 1,65 1,66 1,67 1,68 1,69 1,70 1,72 1,73 1,75 1,160 1,76 1,77 1,79 1,82 1,164 1,83 1,191 1,88 1,192 1,89 1,218 1,209 1,126 1,195 1,127 1,211 1,92 1,212 1,93 1,96 1,97 1,99 1,100 1,101 1,102 1,103 1,104 1,172 0,198 1,173 1,109 1,111 1,199 1,113 1,174 1,117 1,118 1,121 1,175 1,176 1,177 1,178 1,124 1,81 1,83 0,87 1,125 0,214 1,126 1,94 0,42 1,56 1,73 1,128 1,219 1,129 1,180 1,200 1,217 1,181 1,131 0,135 1,136 1,185 1,137 1,139 1,186 1,203 0,187 1
user_000377	10 1,143 1,144 1,11 0,1 0,16 1,7 1,17 1,9 1,14 1,143 1,144 1,11 1,1 0,3 1,16 1,12 1,7 1,8 1,9 1,152 1,19 1,147 1,22 1,188 1,23 1,148 1,149 1,26 1,27 1,28 1,29 1,30 1,31 1,32 1,33 1,34 1,35 1,36 1,37 1,39 1,207 1,205 1,155 1,41 1,43 1,156 1,206 1,45 1,159 1,48 1,58 1,49 1,59 1,50 1,61 1,62 1,55 1,56 1,57 1,64 1,74 1,65 1,67 1,68 1,69 1,70 1,71 1,72 1,75 1,160 1,76 1,77 1,78 1,80 1,82 1,164 1,208 1,83 1,85 1,88 1,167 1,168 1,194 1,126 1,210 1,90 1,127 1,91 1,92 1,98 0,101 1,102 1,104 1,105 1,106 0,172 1,107 1,173 1,109 1,111 1,112 1,113 1,114 1,174 1,116 0,117 1,119 1,120 1,176 1,177 1,122 1,77 1,81 1,83 1,87 1,125 1,214 1,126 1,127 1,94 1,92 1,59 1,56 1,67 1,219 1,217 0,201 1,131 1,183 1,132 1,134 1,135 1,185 1,137 1,138 1,139 1,186 1,142 1,203 1
user_000378	10 1,11 1,15 1,2 1,3 1,16 1,5 1,17 1,8 1,9 1,18 0,146 1,147 1,22 1,188 1,23 1,148 1,149 0,26 1,27 1,28 1,29 1,30 1,31 1,32 1,33 1,34 1,35 1,36 1,37 1,205 1,40 1,189 1,41 1,42 1,44 0,156 1,157 1,158 0,46 1,48 1,49 1,50 1,60 1,61 1,54 1,62 1,55 1,63 1,56 1,64 1,74 1,66 1,67 1,68 1,69 1,71 1,72 1,73 0,75 1,161 1,162 1,80 1,83 1,85 1,192 1,125 1,168 1,89 1,193 1,169 1,196 1,90 1,91 1,211 1,92 1,170 1,212 1,94 1,95 1,96 1,97 1,99 1,100 1,101 1,102 1,106 1,109 1,112 0,199 0,113 1,174 1,115 1,116 1,117 1,118 1,120 1,121 1,176 1,123 1,124 1,81 1,83 1,87 1,214 1,127 1,56 1,73 1,219 1,179 1,129 1,180 1,200 1,130 1,181 1,201 1,131 1,182 1,183 1,132 1,134 1,136 1,139 1,186 1,202 1,141 1,142 1,203 1,216 1,204 1
user_000379	143 1,15 1,1 1,2 1,4 1,16 1,6 1,8 1,13 1,14 1,152 1,146 1,21 1,147 1,22 1,148 1,149 0,25 1,151 1,27 1,28 1,29 1,30 1,31 1,32 1,33 1,34 1,35 1,36 1,37 1,38 0,39 1,205 1,189 1,42 1,43 1,156 1,206 1,158 0,47 1,49 1,50 1,60 1,53 1,61 1,54 1,62 1,55 1,63 1,56 1,64 1,74 1,65 1,66 1,67 1,68 1,69 1,71 1,73 1,75 1,160 1,162 1,82 1,165 1,85 1,190 1,88 0,125 1,168 1,214 1,209 1,195 1,90 1,127 1,211 1,92 1,170 1,171 1,93 1,95 1,96 0,97 1,98 1,213 1,101 1,102 1,103 1,104 1,105 1,172 1,198 1,107 1,108 1,199 1,113 1,117 1,118 1,177 0,178 1,124 1,81 1,83 1,126 1,127 1,207 1,56 1,128 0,219 0,129 1,180 1,200 1,217 0,131 1,183 1,133 1,184 1,215 1,135 1,136 1,185 1,137 0,139 1,140 1,186 1,202 1,141 1,142 1,216 0,204 1,187 1
user_000380	10 1,143 1,11 1,2 1,3 1,16 1,5 1,8 1,9 1,14 1,18 1,19 1,21 1,22 1,188 1,23 1,24 1,25 1,26 1,27 1,28 1,29 1,30 1,31 1,32 1,33 1,34 1,35 1,36 1,37 1,38 1,154 1,40 1,155 1,41 1,156 1,157 1,45 1,158 1,46 1,48 1,58 1,49 1,50 1,51 1,60 1,54 1,55 1,63 1,57 1,64 0,74 1,65 1,67 1,68 1,69 1,70 1,72 1,73 1,75 1,160 1,77 1,79 1,163 1,80 1,84 1,86 1,190 1,88 1,89 1,193 1,214 1,195 1,210 1,196 1,90 1,127 1,170 1,94 1,95 1,96 1,98 1,99 1,100 1,102 1,103 1,105 1,106 1,107 1,173 1,110 1,112 1,199 1,113 1,174 1,115 1,118 1,120 1,121 1,176 1,122 1,178 1,124 1,124 1,81 1,125 1,92 1,52 1,56 1,128 1,219 1,129 1,200 1,130 1,217 1,201 1,131 1,182 1,183 1,133 1,134 1,215 1,139 1,140 1,186 1,202 1,203 1,216 1,204 1,187 1
user_000381	10 1,143 1,0 0,11 0,4 0,16 0,17 1,13 1,9 1,14 1,10 1,11 0,1 1,2 0,4 1,5 1,12 1,17 1,13 1,9 1,143 1,144 1,15 1,1 1,2 1,6 1,7 1,8 0,13 1,9 1,145 1,20 1,21 0,22 1,188 1,24 1,153 0,150 1,25 1,27 1,28 1,29 1,30 1,31 1,32 1,33 0,34 1,35 0,36 1,37 1,28 1,29 0,30 1,31 1,32 1,33 1,34 1,35 1,36 1,37 1,38 0,39 1,205 1,189 1,41 1,206 0,45 1,158 1,46 1,47 1,39 1,207 1,189 1,41 1,42 1,43 1,44 1,45 1,158 1,159 1,48 1,58 1,49 1,59 1,50 1,60 1,53 1,62 1,56 1,57 1,64 1,74 0,65 1,66 1,67 0,68 0,69 1,70 0,71 1,73 1,74 0,65 0,66 0,68 1,69 1,70 1,71 0,72 1,73 1,75 1,160 1,162 1,77 0,163 1,80 1,82 1,83 1,84 1,190 1,192 1,168 1,89 1,218 1,193 1,126 1,196 1,197 1,170 1,212 1,94 1,98 1,101 1,102 1,103 1,104 1,105 1,106 1,172 1,107 1,109 1,110 1,112 1,113 1,174 1,115 1,116 1,117 1,119 1,120 1,175 1,176 1,177 1,123 1,124 1,81 1,214 1,126 1,92 1,42 1,59 1,52 1,56 0,219 1,129 1,180 1,131 1,182 1,183 1,133 1,184 1,135 1,185 1,137 1,139 1,186 1,202 1,141 1,142 1,204 1,187 1
user_000382	143 1,144 1,11 1,15 1,3 1,5 1,6 1,17 1,13 1,14 1,18 1,146 1,19 1,22 1,188 1,24 1,149 1,150 1,151 1,27 1,28 1,29 1,30 1,31 1,32 1,33 1,34 1,35 1,36 1,37 1,205 1,154 1,40 1,155 1,41 1,43 1,156 1,157 1,206 1,45 1,58 1,59 1,50 1,51 1,60 1,61 1,62 1,55 1,56 1,57 1,64 0,74 1,66 1,67 1,68 1,69 1,71 0,72 1,73 1,75 1,64 1,74 1,66 1,67 1,68 0,69 1,70 0,71 1,73 1,75 1,64 1,74 1,65 1,66 1,67 1,68 1,70 1,72 1,73 1,75 1,160 1,76 1,77 1,79 1,208 1,165 1,88 1,125 0,89 1,218 1,214 1,209 1,210 1,196 1,90 1,127 1,91 1,170 1,171 1,93 1,97 1,213 1,101 1,104 1,105 1,172 1,198 1,108 1,109 1,112 1,114 1,115 1,116 1,117 1,118 1,119 1,120 1,121 1,175 1,177 1,122 1,123 1,81 1,87 1,125 0,127 1,94 1,92 1,59 1,56 0,128 1,179 1,200 1,130 1,217 1,201 1,131 1,182 1,183 1,132 1,133 1,134 1,184 1,135 1,136 1,138 1,140 1,202 1,141 1,203 1
user_000383	144 1,15 1,1 1,2 1,3 1,5 1,6 1,7 1,9 1,14 1,152 1,145 1,18 1,22 1,188 1,148 1,24 1,150 1,25 1,26 1,152 1,146 1,20 1,22 1,188 1,23 1,24 1,150 1,25 1,151 1,28 1,29 1,30 1,31 1,32 1,33 1,34 1,35 1,36 1,37 1,39 1,207 1,205 1,154 1,40 1,44 1,157 1,45 1,46 1,47 1,48 1,58 1,49 1,50 1,51 1,52 1,60 1,61 1,54 1,63 1,74 1,66 1,67 1,68 1,69 1,70 1,71 1,72 1,73 1,75 1,64 1,74 1,65 1,67 1,68 1,69 1,71 1,72 1,73 1,75 1,76 1,77 1,80 1,82 1,164 1,165 1,84 1,87 1,191 1,88 1,192 1,168 1,218 1,194 1,126 1,210 1,92 1,171 1,94 1,95 1,96 1,98 1,99 1,101 1,102 1,105 1,106 1,198 1,107 1,108 1,110 1,111 1,113 1,114 1,115 1,116 1,117 1,118 1,121 1,175 1,176 1,123 1,124 1,124 1,87 1,214 1,126 1,127 1,94 1,92 1,207 1,59 1,52 1,56 1,67 1,73 1,129 1,180 1,200 1,130 1,217 1,181 1,132 1,135 1,185 1,137 1,139 1,186 1,202 1,187 1
user_000384	144 1,11 0,15 1,3 0,4 0,7 0,17 1,8 0,9 1,14 1,10 1,143 1,144 1,3 1,4 0,16 1,12 1,7 1,17 1,14 1,152 1,18 1,146 1,147 1,22 1,23 1,148 1,24 1,26 1,27 1,28 1,29 1,30 1,31 1,32 1,33 0,34 1,35 1,36 1,37 1,38 1,40 1,155 1,189 1,42 1,156 1,157 1,206 1,158 1,159 1,49 1,50 1,51 1,52 1,53 0,62 1,55 1,63 0,56 1,57 1,64 1,74 1,65 1,67 1,68 1,70 1,71 0,72 0,73 1,75 1,64 1,74 1,65 1,67 1,68 1,69 1,70 1,71 1,72 1,75 1,160 1,161 1,162 1,78 1,79 1,80 1,208 1,165 1,83 1,87 1,191 1,193 1,169 1,195 1,91 1,211 1,197 1,170 1,212 1,93 1,96 1,98 1,99 1,100 1,213 1,101 1,102 1,103 1,104 1,172 0,198 1,199 1,114 1,115 1,118 1,120 1,175 1,177 1,122 1,178 1,77 1,81 1,83 1,87 1,214 1,126 1,127 1,207 1,59 0,52 1,67 1,219 1,179 1,180 1,130 1,201 1,131 1,182 1,132 1,133 1,215 1,137 1,138 1,139 1,186 1,141 0,142 1,203 1,216 1,187 1
user_000385	10 1,0 1,2 0,3 0,4 0,5 1,17 1,8 0,13 1,9 1,10 1,143 1,144 1,15 1,3 1,16 1,5 1,12 1,17 1,14 1,152 1,145 1,20 1,21 1,188 1,23 1,24 1,149 1,150 1,27 1,28 1,29 1,30 1,31 1,32 0,33 0,34 1,35 0,36 1,37 1,28 1,29 1,30 1,31 1,32 0,33 1,34 1,35 0,36 1,37 1,28 1,29 1,30 1,31 1,32 1,33 1,34 1,35 1,36 1,37 1,39 1,205 0,40 1,189 1,42 1,156 1,157 1,46 1,159 0,47 0,38 0,39 1,205 1,189 1,41 1,44 1,156 1,157 1,159 1,47 1,39 1,205 1,40 1,155 1,189 1,157 1,45 1,158 1,46 1,47 1,58 1,49 1,59 0,51 1,53 0,61 1,54 0,62 1,63 1,56 1,74 1,65 1,67 1,68 1,69 1,70 0,71 1,72 1,73 1,75 1,162 1,82 1,164 1,208 1,83 1,190 1,87 1,125 1,166 1,167 1,168 1,89 1,193 1,194 1,214 1,195 0,196 1,171 1,94 1,95 1,96 1,99 1,100 1,213 1,101 1,102 1,103 1,104 0,107 1,109 1,112 1,199 0,113 1,116 1,117 1,119 1,121 0,176 1,123 1,178 1,124 0,77 1,81 1,83 1,87 1,126 1,94 0,42 0,59 1,56 1,67 1,73 1,128 1,219 1,179 1,129 1,180 1,217 1,181 1,201 1,131 1,182 1,133 1,215 1,135 1,136 1,139 1,202 1,141 0,204 1
user_000386	10 1,144 1,11 0,15 0,2 1,6 1,7 0,8 1,13 1,14 1,0 1,11 0,15 1,3 1,4 1,16 1,5 1,6 1,7 1,14 1,143 1,11 1,15 1,2 1,4 1,12 1,7 1,17 1,8 1,14 1,145 1,18 1,20 1,21 1,147 1,148 1,24 1,150 1,151 1,27 0,28 1,29 1,30 1,31 1,32 1,33 1,34 1,35 1,36 1,37 1,38 1,39 1,207 1,40 1,42 1,43 1,156 1,157 1,46 1,47 1,58 1,49 1,59 1,50 0,51 0,52 1,60 0,53 1,61 0,57 1,48 1,58 1,49 1,59 1,50 1,51 1,52 1,61 1,54 1,62 1,64 1,65 1,66 1,67 0,68 0,69 1,70 1,71 0,73 1,75 1,64 1,74 0,66 1,68 0,69 1,70 1,71 0,72 0,73 1,75 1,64 1,74 0,65 1,66 1,67 1,68 1,69 1,71 0,72 1,75 1,76 1,79 1,165 1,85 1,86 1,190 1,87 1,192 1,125 0,167 1,194 1,214 0,169 1,195 1,196 1,90 1,197 1,170 1,212 1,93 1,96 1,98 1,99 1,102 0,103 1,104 1,106 1,172 1,198 1,107 1,173 1,108 1,199 1,113 1,114 1,174 1,115 1,117 1,119 1,120 1,176 1,123 1,178 1,124 1,81 0,83 0,87 1,126 1,92 1,42 1,59 1,52 1,56 0,73 1,219 1,179 1,129 1,200 1,217 1,181 1,182 1,183 0,133 1,215 1,135 1,185 1,186 1,141 1,203 1,204 1
user_000387	0 1,11 0,15 1,2 1,4 1,5 1,17 1,8 1,13 1,14 1,18 1,146 1,20 1,21 1,22 1,148 1,24 1,153 1,149 1,25 1,28 1,29 1,30 1,31 1,32 1,33 1,34 1,35 1,36 1,37 0,207 1,205 1,154 1,155 1,189 1,44 1,156 1,158 1,159 1,47 1,48 1,58 0,59 1,51 1,52 1,60 1,53 1,62 1,63 1,57 1,64 1,74 1,65 1,66 1,67 1,70 1,71 1,72 1,73 1,75 1,160 1,77 1,163 1,81 1,82 1,165 0,84 1,85 1,86 1,191 1,192 1,125 1,166 1,193 0,169 1,195 1,197 1,212 1,93 1,95 1,97 1,99 1,100 1,213 1,102 1,103 0,106 1,172 1,173 1,110 1,111 1,114 1,174 1,118 1,120 1,121 1,177 1,123 1,124 1,124 1,77 1,81 1,83 1,87 1,214 1,127 1,207 1,42 1,59 1,56 1,219 1,179 1,129 1,180 1,200 1,181 1,131 1,183 1,132 1,133 1,184 1,215 1,135 1,185 1,137 1,186 1,141 1,203 1,204 1,187 1
user_000388	10 1,143 1,0 1,11 1,2 1,16 1,6 0,8 0,13 1,14 1,18 1,146 1,19 1,21 1,22 1,23 1,148 1,24 1,25 1,27 1,28 1,29 1,30 1,31 1,32 1,33 1,34 1,35 1,36 1,37 1,39 1,207 1,205 1,154 1,155 1,156 1,157 1,45 1,46 0,159 1,49 1,59 1,50 1,51 1,52 1,53 1,61 1,54 1,62 1,57 1,64 1,74 1,66 1,67 1,68 1,69 1,70 1,71 1,73 1,75 1,161 1,162 1,77 1,78 1,163 1,164 1,86 1,87 1,88 0,192 1,125 1,89 1,218 1,209 1,195 1,210 1,127 0,91 1,211 1,170 1,97 1,100 1,213 1,101 1,102 1,103 1,105 1,106 0,172 1,108 1,109 1,110 1,199 1,113 1,174 0,116 0,117 0,118 1,119 1,120 1,175 1,176 1,177 1,178 1,124 1,124 1,77 1,81 1,87 1,42 1,59 1,52 1,56 1,180 1,200 1,130 1,217 0,181 1,131 1,183 1,133 1,134 1,184 1,136 1,139 1,140 1,202 1,141 1,204 1,187 1
user_000389	143 1,144 1,1 1,2 1,3 0,5 1,12 1,6 1,13 1,9 1,10 1,143 1,1 1,2 1,3 1,16 1,12 1,6 1,7 1,9 1,18 1,146 1,19 1,147 1,22 1,23 1,24 1,26 1,151 1,27 1,28 1,29 1,30 1,31 1,32 1,33 1,34 1,35 1,36 1,37 1,39 1,154 1,155 1,41 1,42 1,44 1,156 1,45 1,46 1,47 1,48 1,58 1,59 1,51 1,52 1,53 1,54 1,62 1,63 1,57 1,64 0,74 1,65 1,66 1,67 1,68 1,70 1,71 1,73 1,75 1,64 1,65 1,66 1,67 1,68 1,69 1,70 1,72 1,73 1,75 1,76 1,162 1,78 1,79 1,163 1,80 1,165 1,85 1,191 1,125 1,166 1,193 1,209 1,169 1,210 1,196 1,211 1,170 1,212 1,94 1,97 1,99 1,213 1,104 1,105 1,107 1,173 1,109 1,111 1,112 1,113 1,114 1,115 1,116 1,118 1,120 1,121 1,175 1,176 1,122 1,123 1,124 1,77 1,83 1,87 1,125 1,207 1,42 1,56 1,67 1,73 1,128 1,219 1,179 1,129 1,130 1,217 0,181 1,131 1,183 1,184 1,135 1,136 1,138 1,140 1,186 1,202 1,141 1,204 1,187 1
user_000390	10 0,143 1,2 1,3 1,4 1,5 1,6 1,7 1,17 1,8 1,143 1,0 1,11 1,15 1,2 1,5 1,7 1,17 1,9 1,14 1,18 1,19 1,21 1,147 1,22 1,24 1,149 1,25 1,26 1,151 1,28 1,29 1,30 1,31 1,32 1,33 1,34 1,35 1,36 1,37 1,38 1,207 1,40 1,155 1,189 1,156 1,157 1,206 1,158 1,159 1,48 1,58 1,49 1,50 1,51 1,60 1,61 1,62 1,63 0,57 1,48 1,58 0,59 1,51 1,52 1,60 1,54 1,62 1,55 1,56 1,64 1,74 1,65 1,67 1,68 0,69 1,70 1,72 1,73 1,75 1,77 1,78 1,79 1,82 1,83 1,84 1,190 1,88 0,192 1,166 1,218 1,193 1,195 1,210 1,196 1,127 1,211 1,170 1,93 1,95 1,96 1,100 1,213 1,101 1,103 1,104 1,106 0,107 1,173 1,108 1,109 1,111 1,112 1,114 1,115 1,118 1,119 1,120 1,176 0,124 1,124 1,81 1,87 1,214 1,126 1,207 1,42 1,59 1,52 1,56 1,67 1,128 1,179 1,129 1,201 1,182 1,133 1,215 1,135 1,136 1,185 1,137 1,138 1,140 1,186 1,202 1,141 1,142 1,216 1,187 1
user_000391	143 1,144 1,0 0,15 1,2 1,12 1,17 1,8 0,13 1,9 1,152 0,19 0,147 1,22 0,188 1,24 1,149 1,150 1,26 1,27 1,28 1,29 1,30 1,31 0,32 1,33 1,34 1,35 1,36 1,37 1,28 1,29 1,30 1,31 1,32 1,33 0,34 1,35 1,36 1,37 1,28 1,29 1,30 1,31 1,32 1,33 1,34 1,35 1,36 1,37 1,38 1,207 1,205 1,154 1,41 1,156 1,206 1,45 1,46 1,159 1,48 1,58 1,49 1,51 1,52 1,60 1,53 1,61 1,54 1,57 1,74 0,66 1,67 1,68 1,69 1,70 1,71 1,72 1,73 1,75 1,161 1,82 1,83 1,84 1,85 1,86 1,191 1,168 1,194 1,214 1,169 1,210 1,196 1,211 1,197 1,92 1,170 1,212 1,93 1,95 1,96 1,97 1,213 1,101 1,102 1,105 1,106 0,198 1,108 1,109 1,111 1,114 1,174 1,115 1,116 1,117 1,121 1,177 1,123 1,178 1,124 1,124 1,81 1,125 0,214 1,127 1,207 1,42 1,59 1,52 1,56 1,73 1,128 1,180 1,200 1,130 1,181 1,201 1,131 1,182 1,133 1,134 1,184 1,215 1,136 1,185 1,139 1,140 1,141 1,187 1
user_000392	143 1,144 1,0 1,11 1,1 0,5 1,12 1,6 1,7 1,9 1,0 1,1 1,2 1,3 0,4 1,5 1,12 1,13 1,9 1,14 1,10 1,144 1,0 1,2 1,4 1,5 1,12 1,7 1,13 1,14 1,145 1,18 1,19 1,20 1,188 1,23 1,24 1,26 1,151 1,27 1,28 1,29 1,30 1,31 1,32 1,33 1,34 1,35 1,36 1,37 1,38 1,207 1,205 0,155 0,41 0,43 0,156 0,45 0,158 0,159 0,39 1,207 1,205 1,154 1,41 1,43 1,158 1,46 1,159 1,47 1,48 1,58 1,49 1,59 1,50 1,51 1,60 1,61 1,62 1,56 1,64 1,74 1,65 1,66 1,67 1,69 1,71 1,72 1,73 1,75 1,162 1,77 1,163 1,81 1,164 1,165 1,83 1,84 1,190 1,87 1,88 0,218 1,169 1,126 1,195 1,210 1,127 1,92 1,170 1,95 1,96 1,97 1,98 1,99 1,100 1,213 1,101 1,102 1,105 1,106 0,172 1,198 1,173 1,108 1,109 1,111 1,112 1,113 1,114 1,174 1,116 1,121 1,175 1,177 1,178 1,124 1,124 1,83 1,87 1,125 0,127 1,207 1,42 1,73 1,128 1,200 1,130 1,217 1,181 1,131 1,183 1,134 1,215 1,135 1,136 1,138 1,142 1,216 0,204 0,187 1
user_000393	10 1,144 1,11 0,15 1,1 1,16 1,6 1,17 1,8 0,14 1,10 1,143 0,144 1,11 1,3 0,16 1,5 1,6 1,7 0,9 1,10 1,143 1,0 1,15 1,4 1,16 1,7 0,17 0,8 0,13 1,152 0,145 1,18 1,20 1,22 1,24 1,153 0,150 0,26 1,151 1,18 0,146 1,19 0,20 1,22 1,24 1,153 1,150 1,26 1,27 0,18 1,146 1,20 1,147 1,22 1,153 1,149 1,150 1,26 1,151 1,28 1,29 1,30 1,31 1,32 1,33 0,34 1,35 0,36 1,37 1,28 1,29 1,30 1,31 1,32 1,33 1,34 1,35 1,36 1,37 1,39 1,154 1,155 1,189 1,41 1,156 1,206 1,158 1,46 0,159 1,58 1,50 1,51 1,60 1,53 1,61 1,62 1,63 1,56 1,57 1,64 0,74 0,65 1,66 1,67 0,68 1,71 0,72 1,73 1,75 1,160 1,161 1,76 1,77 1,164 1,83 1,191 1,88 1,125 1,168 1,218 1,209 1,169 1,126 1,210 1,196 1,211 1,212 0,171 1,95 1,96 1,97 1,98 1,213 1,101 1,105 1,106 0,172 1,198 1,107 1,108 1,110 1,112 1,199 1,114 1,116 1,117 1,119 1,120 0,122 1,123 1,124 1,77 0,125 0,127 1,94 1,92 0,207 1,52 1,73 1,179 1,180 1,217 1,201 1,131 1,182 1,183 1,132 1,134 1,184 1,215 1,135 0,136 1,137 1,139 1,140 1,186 1,142 1,216 1,204 1
user_000394	152 1,18 1,20 1,21 0,147 1,23 1,24 1,153 1,26 1,151 1,152 1,20 1,21 1,147 1,22 1,148 1,24 1,25 1,26 1,151 1,28 0,29 0,30 0,31 0,32 0,33 0,34 0,35 0,36 0,37 0,28 1,29 1,30 1,31 1,32 1,33 1,34 1,35 1,36 1,37 1,38 1,205 1,40 1,155 1,189 1,43 1,44 1,156 1,158 0,47 1,39 1,155 1,189 1,41 1,42 1,43 1,44 1,157 1,158 1,46 0,38 1,154 1,40 1,189 1,42 1,43 1,44 1,156 1,159 1,47 1,58 0,49 1,59 1,50 1,51 1,53 1,61 1,55 1,56 1,57 1,58 1,59 1,50 1,60 1,53 1,61 1,54 1,63 1,56 1,57 1,64 1,74 0,65 1,67 1,68 1,69 1,70 1,72 1,73 1,75 1,64 0,74 0,65 0,66 1,68 1,69 1,70 1,71 1,72 1,75 1,64 1,74 0,65 1,66 1,68 1,69 1,70 1,72 1,73 1,75 1,76 1,162 1,78 1,79 1,80 1,81 1,82 1,86 1,191 1,88 1,166 1,89 1,218 0,214 1,209 0,195 1,210 1,196 1,170 1,93 1,97 1,98 1,99 1,100 1,101 1,103 1,105 1,106 1,172 1,107 1,173 1,108 1,109 1,199 1,114 1,174 1,116 1,117 1,119 1,120 1,175 1,123 1,77 1,83 1,87 1,125 1,126 1,127 1,94 1,207 1,52 1,128 1,219 1,129 1,180 1,200 1,130 1,217 1,201 1,182 1,183 1,134 1,184 1,137 1,138 1,139 1,140 1,186 1,142 1,204 1
user_000395	0 0,15 1,1 1,2 1,4 1,16 1,5 1,6 1,7 0,13 0,144 1,0 1,11 1,1 1,3 1,16 1,7 1,8 0,13 1,9 1,143 1,144 1,15 1,1 1,2 1,16 1,5 1,7 1,13 1,14 0,18 0,146 1,19 1,22 0,188 1,148 1,153 0,150 1,25 1,151 1,145 1,18 0,146 1,19 1,20 1,148 1,153 1,149 1,150 1,26 1,28 1,29 1,30 1,31 1,32 1,33 1,34 1,35 1,36 1,37 1,207 1,205 1,189 0,41 1,42 1,156 1,157 1,45 1,46 1,159 1,48 1,58 1,59 1,50 1,60 1,53 1,61 1,62 1,55 0,57 0,48 1,58 1,49 1,51 1,52 1,60 1,61 1,54 1,62 1,55 0,48 1,59 1,51 1,52 1,60 1,53 1,61 1,62 1,63 1,56 1,64 1,65 1,66 1,67 1,68 1,70 1,71 1,72 1,73 1,75 1,160 1,162 1,78 1,79 1,80 1,82 1,164 1,83 1,86 1,190 1,191 0,194 1,214 1,209 1,196 1,127 0,211 1,212 1,171 1,93 1,96 1,100 1,102 1,103 1,104 1,105 1,106 1,172 1,109 1,110 0,112 1,199 1,115 1,117 1,118 1,175 1,176 1,123 0,124 1,77 1,125 1,214 1,126 1,92 1,207 1,59 1,52 1,56 1,67 1,73 1,219 1,180 1,200 1,130 1,181 1,201 1,131 1,182 1,132 1,133 0,215 1,135 1,136 1,185 1,137 1,139 1,186 1,203 1,204 1,187 1
user_000396	143 1,0 1,1 0,2 1,3 1,5 1,6 1,7 1,8 1,14 1,18 0,19 1,21 1,147 1,22 1,23 1,24 1,153 1,25 1,151 1,28 1,29 1,30 1,31 1,32 1,33 1,34 1,35 1,36 1,37 1,205 1,154 1,189 1,41 1,42 1,44 1,45 1,158 1,159 1,47 1,58 1,50 1,60 1,53 1,61 1,54 1,62 1,55 1,63 1,56 1,64 1,74 1,65 1,66 1,67 1,68 1,70 1,71 1,72 1,73 1,78 1,79 1,163 1,80 1,208 1,84 1,86 1,192 1,125 0,89 1,218 1,193 1,194 1,214 0,209 1,169 1,126 1,211 1,170 1,212 1,96 0,98 1,100 1,101 1,103 1,106 0,172 1,198 1,107 1,173 1,108 1,110 1,111 1,199 1,114 1,118 1,119 1,120 1,121 1,176 1,122 0,178 1,124 1,83 1,87 1,125 0,214 1,126 1,127 1,94 1,92 1,42 1,59 1,56 1,67 1,73 1,128 1,219 1,129 1,217 0,201 1,182 1,183 1,134 1,136 1,185 1,137 0,139 1,186 1,203 1
user_000397	10 1,143 1,144 1,15 1,1 1,5 1,12 1,7 1,17 1,8 1,146 1,20 1,147 1,22 1,188 1,148 1,150 1,26 1,151 1,27 1,28 1,29 1,30 1,31 1,32 1,33 1,34 1,35 1,36 1,37 1,38 1,39 1,207 1,41 1,42 1,157 1,206 1,158 1,159 1,47 1,48 1,50 1,51 1,52 1,53 1,61 1,62 1,55 1,63 1,56 1,64 1,74 1,65 1,67 1,68 0,70 1,71 1,72 1,73 0,75 1,64 1,74 1,65 0,66 1,67 1,68 1,69 1,70 1,71 1,75 1,64 0,74 1,65 1,67 1,68 1,69 1,70 1,71 1,72 1,75 1,160 1,161 1,162 1,79 1,81 1,165 1,87 1,88 0,125 0,166 1,89 1,209 1,126 1,127 1,211 1,92 1,212 1,171 1,93 1,95 1,96 1,99 1,100 1,101 1,102 1,198 1,107 1,173 1,108 1,110 1,111 1,112 1,199 1,113 1,174 1,116 1,117 1,118 1,119 1,120 1,176 1,178 1,87 1,125 0,92 1,59 1,52 1,67 1,179 1,129 1,130 1,217 1,181 1,201 1,131 1,182 1,183 1,134 1,184 1,215 1,135 1,136 0,137 1,138 1,139 1,140 1,186 1,202 1,216 1,187 1
user_000398	10 1,0 1,2 0,3 1,4 0,16 1,5 0,12 1,7 1,17 1,10 1,11 1,15 1,2 0,4 1,12 1,6 1,17 1,13 1,14 1,145 1,19 1,20 0,147 0,22 1,23 1,25 0,26 1,151 1,27 1,28 1,29 1,30 1,31 1,32 0,33 0,34 1,35 0,36 1,37 1,28 1,29 1,30 1,31 1,32 1,33 1,34 1,35 0,36 1,37 1,38 0,39 1,207 1,40 1,155 0,156 1,206 0,45 1,46 1,159 1,58 1,59 0,50 0,53 1,61 1,62 1,55 1,63 0,56 1,57 1,64 0,74 1,65 1,66 1,67 1,69 0,71 1,72 1,73 0,75 1,160 1,161 1,76 1,79 1,163 1,80 1,85 1,167 1,193 1,214 1,169 1,196 1,127 1,211 1,197 1,92 1,170 1,171 1,93 1,95 1,97 1,99 1,213 1,101 1,103 0,106 1,172 1,198 0,107 1,173 1,109 1,110 0,199 1,116 1,120 0,121 1,175 1,177 1,122 1,123 1,178 1,124 1,124 1,77 1,81 1,83 1,126 1,127 1,94 1,92 1,52 1,128 1,219 1,129 1,180 1,200 1,130 1,181 1,131 1,183 1,132 1,134 1,136 1,185 1,138 1,140 1,141 0,142 1,203 1,216 0
user_000399	10 1,143 0,144 1,11 0,15 1,6 0,7 0,17 0,8 0,13 0,143 1,11 1,1 1,3 1,4 1,16 1,5 1,17 0,8 0,14 1,143 1,0 1,11 1,15 1,2 1,5 1,12 1,17 1,8 1,9 1,146 1,19 1,20 1,147 0,188 1,23 1,149 1,150 1,26 1,151 1,39 1,207 1,205 1,154 1,41 1,44 1,45 1,158 1,46 0,159 1,58 1,49 1,59 1,50 1,61 1,54 1,62 1,55 1,63 1,56 1,64 0,74 1,66 1,68 1,69 1,70 1,71 0,72 1,73 1,75 1,64 1,74 1,65 1,66 1,67 1,68 1,69 1,71 1,72 1,73 1,161 0,76 1,162 1,77 0,80 1,81 1,82 1,84 1,86 1,190 1,87 1,125 1,167 1,168 1,89 1,126 1,195 1,90 1,91 1,95 1,96 1,97 1,99 1,213 1,103 1,105 1,198 1,173 1,108 1,109 1,110 1,111 1,112 1,114 1,174 1,115 1,121 1,175 1,176 1,178 1,77 1,81 1,83 1,125 1,214 1,126 1,127 1,207 1,59 1,56 1,128 1,129 1,200 1,130 1,181 1,182 1,183 1,132 1,133 1,184 1,215 1,136 1,137 1,139 1,140 1,186 1,202 1,141 1,216 1,204 1
user_000400	10 1,143 1,11 1,2 1,3 1,16 1,5 1,8 1,9 1,14 1,18 1,19 1,21 1,22 1,188 1,23 1,24 1,25 1,26 1,27 1,28 1,29 1,30 1,31 1,32 1,33 1,34 1,35 1,36 1,37 1,38 1,154 1,40 1,155 1,41 1,156 1,157 1,45 1,158 1,46 1,48 1,58 1,49 1,50 1,51 1,60 1,54 1,55 1,63 1,57 1,64 0,74 1,65 1,67 1,68 1,69 1,70 1,72 1,73 1,75 1,160 1,77 1,79 1,163 1,80 1,84 1,86 1,190 1,88 1,89 1,193 1,214 1,195 1,210 1,196 1,90 1,127 1,170 1,94 1,95 1,96 1,98 1,99 1,100 1,102 1,103 1,105 1,106 1,107 1,173 1,110 1,112 1,199 1,113 1,174 1,115 1,118 1,120 1,121 1,176 1,122 1,178 1,124 1,124 1,81 1,125 1,92 1,52 1,56 1,128 1,219 1,129 1,200 1,130 1,217 1,201 1,131 1,182 1,183 1,133 1,134 1,215 1,139 1,140 1,186 1,202 1,203 1,216 1,204 1,187 1
user_000401	143 1,11 0,15 0,3 1,4 1,6 1,17 1,13 1,9 0,14 1,10 1,143 1,11 0,3 1,4 1,16 1,5 1,6 1,7 0,9 1,28 1,29 1,30 1,31 0,32 1,33 0,34 1,35 1,36 1,37 1,39 1,154 1,155 1,189 1,41 1,44 1,156 1,45 1,159 1,47 1,38 1,205 1,155 1,189 1,42 1,43 1,157 1,158 1,46 1,47 1,48 1,49 1,59 1,50 1,51 1,52 1,53 1,62 1,63 1,56 1,48 1,59 1,50 1,51 1,52 1,53 1,61 1,62 1,55 1,57 1,64 1,74 1,65 1,66 1,67 1,68 1,69 1,71 1,72 1,73 1,64 1,74 1,65 1,66 1,67 1,70 1,71 1,72 1,73 1,75 1,161 1,76 1,78 1,163 1,80 1,164 1,165 1,83 1,86 1,190 1,125 1,168 1,89 1,218 1,210 1,127 1,91 1,197 1,92 1,171 1,96 1,101 1,102 1,103 1,104 1,106 1,107 1,173 1,108 1,110 1,111 1,112 0,199 1,113 1,115 1,119 1,120 1,121 1,175 1,177 1,123 1,178 1,124 1,81 1,87 1,125 0,214 0,127 1,94 1,207 1,59 1,56 1,67 1,73 1,128 1,129 1,181 1,182 1,132 1,133 1,134 1,184 1,215 0,136 1,185 1,137 1,140 1,202 1,142 1,204 1
user_000402	10 1,143 1,0 1,1 0,4 1,16 1,7 1,8 1,13 1,9 1,143 1,144 1,0 1,11 1,15 1,16 1,12 1,6 1,13 1,14 1,19 1,20 0,147 1,22 1,188 1,23 1,148 1,153 1,151 1,27 1,18 0,146 1,19 0,147 1,22 1,148 1,24 1,153 1,149 0,25 1,18 1,146 1,19 1,20 1,22 1,24 1,153 1,149 1,150 1,151 1,28 1,29 1,30 1,31 1,32 1,33 0,34 0,35 1,36 1,37 1,28 1,29 1,30 1,31 1,32 1,33 1,34 1,35 1,36 1,37 1,38 1,39 1,154 1,189 1,41 1,156 1,157 1,158 1,159 1,47 1,48 1,58 0,50 1,52 1,60 1,61 1,54 1,62 1,55 1,63 1,49 1,59 1,52 1,60 1,53 1,61 1,62 1,63 1,56 1,57 1,64 0,74 1,65 0,66 0,67 1,68 0,69 1,70 1,71 0,73 1,64 1,74 1,65 1,66 1,67 1,69 1,70 0,71 1,72 1,75 1,65 1,66 1,67 1,68 1,69 1,70 1,71 1,72 1,73 1,75 1,160 1,161 1,76 1,80 1,164 1,165 1,84 1,88 1,166 1,168 1,218 1,194 1,214 1,209 1,126 1,91 1,92 1,170 1,171 1,95 1,96 1,97 1,98 1,213 1,101 1,103 1,104 1,105 1,106 0,172 1,107 1,108 1,109 1,112 1,199 1,174 1,116 1,117 1,118 1,119 1,121 1,176 1,177 1,122 1,178 1,77 1,87 1,125 0,126 1,94 1,42 1,52 1,179 1,180 1,130 1,217 1,131 1,182 1,132 1,134 1,184 1,136 1,137 1,139 1,140 1,186 1,141 1,142 1,216 1,204 0
user_000403	144 1,0 0,11 1,1 1,4 1,16 0,12 0,6 0,7 1,9 0,10 1,143 1,11 1,2 1,3 1,5 1,12 1,8 1,9 1,14 1,152 1,18 1,146 1,147 1,188 0,23 1,149 1,25 1,151 1,27 1,28 1,29 1,30 0,31 1,32 0,33 0,34 1,35 1,36 1,37 1,28 1,29 1,30 0,31 1,32 1,33 1,34 1,35 1,36 1,37 1,28 1,29 1,30 1,31 1,32 1,33 1,34 1,35 1,36 1,37 1,38 1,39 1,205 1,155 0,42 1,44 1,157 0,45 1,158 1,47 1,39 1,207 1,154 1,189 1,41 1,43 1,156 1,157 1,206 1,45 1,48 1,58 1,49 1,50 1,52 0,61 1,62 1,63 1,56 1,57 1,48 1,49 1,51 1,60 1,61 1,54 1,62 1,63 1,56 1,57 1,64 1,74 0,65 1,66 1,67 1,69 1,70 1,71 1,73 1,75 1,64 0,74 0,65 1,66 1,67 1,68 1,69 1,70 1,71 1,75 1,64 1,74 1,65 1,66 1,68 1,69 1,70 1,71 1,72 1,73 1,161 1,162 0,77 1,79 1,80 1,81 1,164 1,165 1,87 1,191 1,192 1,125 1,193 1,194 1,195 1,196 1,90 1,197 1,212 1,171 1,96 1,98 1,101 1,104 1,106 0,198 1,107 1,108 1,109 1,113 1,114 1,115 1,116 0,119 1,120 1,121 1,175 1,176 0,177 1,122 0,123 1,83 1,87 1,214 1,126 1,94 1,207 1,59 1,73 1,219 1,179 1,129 1,200 1,181 1,201 1,183 1,133 1,134 1,184 1,215 1,135 1,137 1,138 1,139 1,140 1,186 1,202 1,142 1,203 1,216 0
user_000404	10 1,0 1,11 0,15 1,2 0,16 1,12 1,7 1,8 1,9 1,152 0,145 1,18 0,19 0,21 1,24 1,149 1,150 1,26 0,151 1,18 0,20 1,147 0,22 0,188 0,23 1,148 1,24 1,149 1,25 1,152 1,146 1,21 1,22 1,188 0,23 1,24 1,153 1,26 1,151 1,28 1,29 1,30 1,31 1,32 0,33 1,34 1,35 1,36 1,37 1,49 1,50 1,51 1,52 1,53 1,61 1,54 1,62 0,63 1,57 1,64 1,74 0,65 1,66 1,68 1,69 0,70 1,71 1,72 0,75 1,64 1,74 1,65 1,66 1,67 1,68 1,69 1,70 1,71 1,75 1,160 1,162 1,78 1,82 1,165 1,83 1,85 1,190 1,191 1,88 1,166 1,168 1,89 1,218 1,194 1,214 1,196 1,91 1,211 1,92 1,96 1,98 1,99 1,102 1,103 1,172 1,198 1,107 1,173 1,108 1,109 1,110 1,112 1,199 1,113 1,116 1,117 1,120 1,175 1,122 1,123 1,124 1,124 1,83 1,87 1,125 1,214 1,126 1,92 1,42 1,56 1,128 0,219 1,179 1,129 1,130 1,201 1,131 1,182 1,133 1,134 1,215 1,136 1,138 1,139 1,140 1,202 1,141 0,203 1,187 1
user_000405	0 1,11 1,15 1,1 1,3 0,12 1,6 1,17 1,8 1,9 1,143 0,144 1,0 1,11 1,15 1,5 1,7 1,17 1,13 1,14 1,152 1,21 1,147 1,22 1,188 1,153 1,149 1,25 1,26 1,27 1,39 1,207 1,40 1,155 1,41 1,43 1,157 1,45 1,158 1,46 1,48 1,49 1,59 1,50 1,51 1,52 0,60 1,61 1,62 1,57 1,74 1,65 1,66 1,67 1,68 1,70 1,71 1,72 1,73 1,75 1,81 1,164 1,165 1,85 1,86 1,190 1,87 1,192 1,167 1,89 1,218 1,193 1,194 1,209 1,126 1,127 1,91 1,170 1,171 1,93 1,96 1,97 1,213 1,101 1,104 1,107 1,173 1,112 1,199 1,113 1,174 1,115 1,116 1,117 1,118 1,119 1,120 1,121 1,122 1,123 1,124 1,77 1,81 1,83 1,87 1,125 1,127 1,94 1,207 1,42 1,52 1,56 1,67 1,219 1,179 1,180 1,130 1,217 0,181 1,131 1,183 1,132 1,133 1,136 1,185 1,186 1,141 1,142 1,203 1,187 1
user_000406	10 0,0 1,1 1,3 0,4 1,5 0,12 1,17 1,13 1,14 0,145 1,146 1,19 1,20 0,147 0,148 1,24 1,153 1,149 1,27 1,18 1,146 1,19 1,22 1,188 0,148 0,24 1,153 1,26 1,151 1,152 1,145 0,20 0,21 1,188 1,23 1,148 1,24 1,149 0,26 1,28 1,29 1,30 1,31 0,32 1,33 1,34 1,35 0,36 1,37 1,39 1,207 1,205 1,154 1,41 1,156 1,206 1,45 1,46 1,159 1,48 1,58 1,49 1,59 1,51 1,60 1,54 1,62 1,55 1,56 1,64 1,74 1,66 1,67 0,68 1,69 1,70 1,71 1,72 1,73 0,74 1,65 1,66 1,67 0,68 1,70 1,71 1,72 1,73 1,75 1,74 1,65 1,66 1,67 1,68 1,69 1,70 1,71 1,72 0,75 1,161 1,76 1,77 1,163 1,81 1,82 1,208 1,165 1,83 1,88 1,125 1,166 1,168 1,218 0,214 1,169 1,126 1,90 1,211 1,197 1,96 0,213 1,101 0,103 1,105 1,106 1,172 1,198 1,173 1,108 1,109 1,117 1,118 1,120 1,121 1,175 1,176 0,177 1,122 1,123 0,178 1,124 1,81 1,83 1,126 1,127 1,94 1,92 1,42 0,59 1,56 1,67 1,128 1,179 1,200 1,130 1,181 1,201 1,131 1,183 1,133 1,134 1,184 1,135 1,136 1,185 1,138 1,140 1,186 1,187 1
user_000407	144 1,0 1,15 1,1 1,4 0,12 1,6 1,7 1,17 0,14 1,145 1,146 1,21 1,147 0,22 1,24 1,150 1,26 1,151 1,27 1,28 1,29 1,30 1,31 1,32 1,33 0,34 1,35 0,36 1,37 0,28 1,29 1,30 1,31 1,32 1,33 1,34 1,35 0,36 1,37 1,28 1,29 1,30 1,31 1,32 1,33 1,34 1,35 1,36 1,37 1,207 0,205 1,40 1,155 1,41 1,44 1,157 1,206 1,159 1,47 1,59 1,51 1,52 1,60 1,53 1,61 1,54 1,62 1,63 1,56 1,64 1,74 1,65 1,66 1,67 1,69 1,70 0,71 1,72 1,73 1,76 1,79 1,80 1,82 1,208 1,165 1,84 1,86 1,88 0,125 0,166 1,167 1,214 0,169 1,195 1,196 1,90 1,197 1,92 1,171 1,98 1,213 0,101 1,102 1,104 1,105 1,106 1,198 1,173 1,109 1,110 1,112 0,199 1,113 1,114 1,115 1,116 1,117 1,119 1,120 1,175 1,176 1,123 0,124 1,83 1,87 1,214 1,127 1,94 1,92 1,207 1,59 1,56 1,179 1,129 1,180 1,131 1,182 1,183 1,132 1,133 1,134 1,137 1,138 1,139 1,140 1,186 1,203 1,216 1,187 1
user_000408	0 1,11 0,15 1,2 0,3 0,16 1,5 0,7 1,13 0,14 1,145 0,19 1,20 0,22 1,188 1,24 1,150 1,26 1,151 1,27 1,28 1,29 1,30 1,31 1,32 1,33 1,34 1,35 1,36 1,37 1,154 1,40 1,189 1,41 1,42 1,43 1,44 1,156 1,206 1,45 1,48 1,58 1,49 1,59 0,52 1,53 1,61 1,63 1,56 1,57 1,64 0,74 0,65 1,66 1,67 0,69 1,70 1,71 1,72 1,73 1,64 1,74 1,65 1,66 1,67 0,69 1,70 1,72 1,73 1,75 1,161 1,76 1,77 1,79 1,163 1,80 1,82 1,164 0,86 1,191 1,167 1,89 1,218 1,193 1,209 1,196 1,91 1,197 1,212 1,171 1,97 1,98 0,213 0,101 1,102 1,103 1,104 1,105 1,106 1,172 1,198 1,110 1,115 1,116 1,119 1,120 1,121 0,176 1,122 1,123 1,178 1,124 1,124 1,77 1,83 0,126 1,92 1,207 1,42 1,73 1,219 1,179 1,129 1,180 1,200 0,217 1,181 1,201 1,182 1,183 1,134 1,135 1,136 1,185 1,138 1,140 1,186 1,202 1,141 0,203 1
user_000409	10 1,143 1,144 1,1 1,4 1,16 1,7 1,17 0,13 1,9 1,144 1,15 1,2 1,3 0,4 1,5 1,17 1,8 1,13 0,9 1,10 1,143 1,144 1,0 1,11 1,5 1,6 1,13 1,9 1,14 1,28 1,29 1,30 1,31 1,32 0,33 1,34 1,35 0,36 1,37 1,28 1,29 1,30 1,31 1,32 0,33 1,34 1,35 1,36 1,37 1,28 1,29 1,30 1,31 1,32 1,33 1,34 1,35 1,36 1,37 1,39 1,207 1,154 1,189 1,42 1,43 1,44 1,157 1,206 1,46 1,39 1,205 1,154 1,40 1,189 1,44 1,45 1,158 1,46 1,47 1,39 1,207 1,154 1,155 1,41 1,43 1,156 1,157 1,206 1,159 1,48 1,58 1,59 1,50 1,51 1,52 1,54 1,62 1,55 1,63 1,48 1,59 1,50 1,52 1,60 1,53 1,61 1,55 1,56 1,57 1,48 1,58 1,59 1,51 1,60 1,53 1,62 1,55 1,63 1,56 1,64 1,74 1,65 1,66 1,67 1,68 1,70 1,71 1,72 1,75 1,74 1,65 1,66 1,67 1,68 1,69 1,70 1,71 1,72 1,73 1,64 1,74 1,65 1,66 1,68 1,69 1,70 1,71 1,73 1,75 1,76 1,78 1,79 1,165 1,85 1,86 1,192 1,166 1,167 1,89 1,218 1,193 1,194 1,214 1,169 1,195 1,91 1,197 1,92 1,94 1,100 1,213 1,101 1,102 1,103 1,104 1,106 1,172 1,107 1,108 1,111 1,113 1,114 1,116 1,117 1,118 1,120 1,175 1,177 1,122 1,123 1,178 1,77 1,83 1,125 1,126 1,92 1,42 1,59 1,52 1,56 1,73 1,128 1,219 1,179 1,130 1,217 1,181 1,201 1,131 1,182 1,133 1,134 1,184 1,137 1,138 1,140 1,202 1,141 1,142 1
user_000410	10 1,0 1,11 1,1 0,2 0,16 1,6 1,8 0,13 0,14 1,143 0,11 1,1 1,2 0,4 1,12 1,7 1,17 1,8 1,9 1,10 1,144 1,0 1,15 1,2 1,16 1,6 1,7 1,8 1,14 0,28 1,29 1,30 1,31 1,32 1,33 0,34 1,35 1,36 1,37 1,28 1,29 1,30 1,31 1,32 1,33 1,34 1,35 1,36 1,37 1,39 1,207 1,205 0,40 1,41 1,43 1,44 0,156 1,45 1,47 1,207 1,205 1,40 1,155 1,41 1,43 1,44 1,45 1,158 1,47 1,48 1,58 1,49 1,50 1,51 1,52 1,53 1,61 1,63 0,57 1,58 1,49 1,59 1,52 1,53 1,61 1,54 1,63 1,56 1,57 1,64 1,74 1,65 1,66 1,68 0,69 1,70 1,72 1,73 1,75 1,64 1,74 1,65 1,66 1,67 1,68 1,71 1,72 1,73 1,75 1,161 1,78 1,80 1,82 1,165 1,83 1,84 1,85 1,87 1,191 1,166 1,168 1,89 1,214 1,209 1,169 1,126 1,90 1,91 1,170 1,98 1,100 1,104 1,105 1,106 0,198 1,173 1,110 1,111 1,112 1,199 1,117 1,119 1,120 1,121 1,175 1,176 1,122 1,178 1,124 1,77 1,83 1,87 1,125 1,214 1,92 1,207 1,42 1,59 1,52 1,56 1,73 1,179 1,200 1,130 1,217 0,201 1,133 1,134 1,215 1,185 1,137 1,140 1,186 1,202 1,141 1,142 1,216 1,204 1,187 1
user_000411	10 0,15 1,2 0,3 1,4 0,16 1,5 1,12 1,7 1,17 1,143 0,0 1,11 1,1 1,2 1,5 1,12 1,7 1,17 1,13 1,146 0,20 1,147 0,22 1,188 1,153 1,149 1,150 0,151 1,27 1,152 0,18 1,146 1,20 1,22 1,153 1,149 1,25 0,26 1,27 1,28 1,29 1,30 1,31 1,32 0,33 1,34 1,35 1,36 1,37 1,28 1,29 1,30 1,31 1,32 1,33 1,34 1,35 1,36 1,37 1,39 1,205 1,154 1,189 1,41 1,43 1,156 1,206 1,45 1,159 1,48 1,49 1,59 1,50 1,51 1,60 1,53 1,62 1,56 1,57 1,64 1,74 1,65 1,66 1,67 0,68 1,69 1,70 1,72 1,75 1,161 1,76 1,162 1,78 1,81 1,208 0,84 1,85 0,86 1,87 1,192 1,166 1,168 0,218 1,193 1,209 0,169 1,196 1,91 1,94 1,98 1,99 1,100 1,102 1,103 1,106 1,107 1,173 1,109 1,110 1,111 1,199 1,113 1,174 1,116 1,118 1,119 1,121 1,176 1,177 1,124 1,124 1,81 1,87 1,126 1,94 1,207 1,59 1,56 1,67 1,73 1,219 1,179 1,180 1,130 1,217 0,181 1,131 1,183 1,132 1,133 1,134 1,215 1,135 1,185 1,137 1,202 1,141 1,142 1,203 1
user_000412	144 0,0 0,15 1,1 1,2 0,16 1,12 1,6 0,17 1,13 1,0 1,11 0,15 1,3 0,4 0,12 1,6 0,17 1,13 1,9 1,10 1,143 1,0 1,1 1,3 1,16 1,17 1,13 1,9 1,14 1,152 1,145 1,18 0,146 1,22 1,23 0,148 1,153 1,150 0,27 1,145 1,19 1,21 1,147 1,22 1,148 1,153 1,150 1,25 1,151 0,18 0,146 1,19 1,20 0,21 1,148 1,153 1,26 1,151 1,27 1,28 0,29 1,30 1,31 1,32 0,33 1,34 1,35 1,36 1,37 1,28 1,29 1,30 1,31 1,32 1,33 1,34 1,35 1,36 1,37 1,38 1,205 1,154 1,189 1,41 1,43 1,44 1,157 1,206 1,45 1,58 1,49 1,59 1,50 1,61 1,54 1,62 1,55 1,63 1,57 1,64 0,74 1,66 0,67 1,68 0,69 1,70 1,71 1,72 1,75 1,64 1,74 1,65 1,66 1,68 1,69 1,70 1,72 0,73 1,75 1,64 0,66 1,67 1,68 1,69 1,70 1,71 1,72 1,73 1,75 1,160 1,161 1,79 1,80 1,82 1,164 1,208 1,83 1,86 0,87 1,218 1,126 1,210 1,90 1,127 1,91 1,211 0,92 1,212 1,95 1,97 1,100 1,213 1,106 1,108 1,111 0,112 1,174 1,115 1,116 1,117 1,118 1,119 1,121 1,176 1,122 1,123 1,124 1,77 0,81 0,83 0,214 1,126 1,127 1,94 1,207 0,59 1,67 1,73 1,128 1,219 1,129 1,180 1,200 1,130 1,217 1,181 1,201 0,183 1,132 1,134 1,135 1,136 1,137 1,138 1,139 1,186 1,202 1,216 1,187 0
user_000413	10 1,143 1,144 1,0 1,15 1,5 1,12 1,6 1,13 1,9 1,145 1,146 1,20 1,21 1,22 1,23 1,24 1,149 1,150 1,26 1,28 1,29 1,30 1,31 1,32 1,33 1,34 1,35 1,36 1,37 1,39 1,207 1,40 1,155 1,41 1,43 1,156 1,158 1,46 1,159 1,48 1,49 1,59 1,50 1,51 1,52 1,53 1,61 1,55 1,63 1,64 1,74 1,66 1,67 1,68 1,70 1,71 1,72 1,73 1,75 1,161 1,163 1,82 1,164 1,84 1,85 1,191 1,192 1,167 1,168 1,89 1,193 1,194 1,209 1,126 1,195 1,196 1,91 1,212 1,95 1,96 1,97 1,98 1,99 1,213 1,104 1,105 1,106 1,198 1,107 1,173 1,110 1,112 1,199 1,113 1,114 1,174 1,117 1,119 1,176 1,177 1,123 1,81 1,83 1,87 1,125 1,126 1,127 1,92 1,207 1,42 1,59 1,56 1,67 1,73 1,128 1,200 1,130 1,131 1,182 1,132 1,215 1,135 1,136 1,140 1,202 1,203 1,216 1,204 1,187 1
user_000414	10 1,143 0,0 1,15 1,3 0,12 0,6 0,7 0,8 0,14 0,10 1,0 1,15 1,2 1,3 1,16 1,6 1,7 1,17 1,13 1,152 1,146 1,20 0,147 1,22 0,23 1,24 1,153 1,150 1,27 1,18 1,20 0,21 0,147 1,188 0,23 1,148 1,149 1,25 1,27 1,28 1,29 1,30 1,31 1,32 1,33 1,34 1,35 1,36 1,37 1,28 1,29 1,30 1,31 1,32 0,33 1,34 1,35 1,36 1,37 1,39 1,207 1,154 1,155 1,189 1,156 1,206 1,158 1,46 0,47 1,48 1,58 1,49 1,59 1,53 1,61 1,54 1,62 1,55 1,57 1,64 1,74 1,65 1,67 1,68 1,69 1,70 1,71 1,72 1,75 1,77 1,79 1,80 1,208 1,165 1,87 1,88 0,192 1,167 1,193 1,194 1,214 0,169 1,126 1,196 1,127 0,211 1,197 1,93 1,94 1,97 1,98 1,99 1,102 1,105 1,106 1,172 1,198 1,107 1,173 1,109 1,110 1,111 1,112 1,114 1,115 1,116 1,118 1,119 1,120 1,121 1,175 1,123 1,178 1,124 1,124 1,83 1,125 1,126 1,127 1,94 1,92 1,207 1,42 1,52 1,73 1,128 1,219 1,179 1,131 1,183 1,132 1,134 1,184 1,135 1,137 1,139 1,186 1,141 1,216 1
user_000415	143 1,144 1,0 1,15 1,4 0,5 1,12 1,13 1,9 0,14 1,144 1,11 0,15 1,1 1,4 0,12 1,7 1,8 0,13 1,9 0,145 1,18 1,21 1,22 0,188 1,23 0,153 1,150 1,26 1,151 0,145 1,18 1,20 1,21 1,22 1,23 1,24 1,153 1,25 0,27 1,28 1,29 1,30 1,31 1,32 1,33 1,34 1,35 1,36 1,37 1,38 1,39 1,207 1,189 1,42 1,43 1,157 1,158 1,46 1,159 1,48 1,50 1,51 1,60 1,54 1,62 1,55 1,63 1,56 1,57 1,64 0,74 0,65 1,66 1,67 1,68 1,71 0,72 1,73 1,75 1,64 1,74 1,66 1,67 1,68 1,69 1,71 1,72 1,73 1,75 1,160 1,161 1,162 1,79 1,163 1,164 1,208 0,165 1,86 1,192 1,166 1,218 1,209 1,126 1,91 1,211 1,197 1,170 0,212 0,94 1,96 1,97 1,99 1,100 1,213 1,102 1,104 1,105 1,106 1,172 1,198 1,108 1,110 1,113 1,114 1,116 1,117 1,118 1,119 1,120 1,121 1,176 1,177 1,123 1,178 1,124 1,83 0,125 0,214 1,126 1,127 1,92 1,207 1,42 1,52 1,73 1,179 1,129 1,200 1,130 1,217 1,201 1,131 1,184 1,215 1,136 1,185 1,137 1,140 1,186 1
user_000416	144 1,11 0,15 0,3 0,4 0,16 1,6 1,13 1,9 1,14 1,10 1,143 1,11 1,15 1,1 0,5 1,6 1,17 1,8 1,14 1,143 1,11 1,15 1,3 1,4 1,12 1,8 1,13 1,9 1,14 1,152 1,145 1,18 1,19 1,21 1,148 1,153 1,149 1,151 1,27 1,28 1,29 1,30 1,31 1,32 0,33 1,34 1,35 1,36 1,37 1,28 1,29 1,30 1,31 1,32 0,33 1,34 1,35 1,36 1,37 1,28 1,29 1,30 1,31 1,32 0,33 1,34 1,35 1,36 1,37 1,38 1,207 1,40 1,41 1,42 1,156 1,157 1,206 1,158 1,159 1,49 1,59 1,51 1,52 1,60 1,53 1,54 1,55 1,63 1,56 1,74 1,65 1,66 1,67 1,68 1,70 1,71 1,72 1,73 1,75 1,161 1,76 1,77 1,163 1,80 1,164 1,85 1,125 0,168 1,89 1,193 1,194 1,169 1,195 1,210 1,90 1,127 1,91 1,212 1,95 1,96 0,99 1,100 1,101 1,102 1,103 1,106 0,172 1,198 1,107 1,173 1,108 1,109 1,110 0,111 1,199 1,114 1,116 1,117 1,118 1,119 1,175 1,124 1,81 1,83 1,125 0,214 1,207 1,42 1,59 1,52 1,128 0,219 1,179 1,129 1,180 1,200 1,130 1,131 1,183 0,132 1,215 1,135 1,136 1,185 1,186 1,202 1,142 1,216 1,204 1
user_000417	10 0,143 1,144 1,11 0,4 0,5 1,12 0,17 0,13 1,9 0,10 1,143 1,11 0,15 1,4 0,5 1,6 1,17 1,8 1,14 1,10 0,0 0,1 1,3 1,4 1,16 1,5 1,6 0,17 0,14 1,152 1,146 1,20 1,147 0,188 1,23 1,148 1,153 1,150 1,151 0,146 1,19 1,20 1,22 1,188 1,23 1,148 1,24 1,150 1,26 0,28 0,29 1,30 1,31 1,32 0,33 1,34 1,35 0,36 1,37 1,28 0,29 0,30 0,31 0,32 0,33 0,34 0,35 0,36 0,37 0,39 1,207 1,40 1,155 1,41 1,156 1,45 1,158 1,46 1,47 1,48 1,58 1,60 1,53 1,61 1,54 1,55 1,63 1,56 1,57 1,64 1,65 1,66 1,67 1,68 1,69 0,70 1,71 1,72 0,73 0,64 1,74 1,65 1,66 1,67 1,68 1,69 1,71 1,72 1,73 0,64 1,74 1,65 1,66 1,69 1,70 1,71 1,72 1,73 1,75 1,76 1,78 1,163 1,80 1,82 1,84 1,85 0,190 1,87 1,88 1,168 1,89 1,193 1,209 1,126 1,90 1,127 1,197 1,170 1,212 1,98 1,100 1,102 1,103 1,106 1,198 1,107 1,173 1,109 1,110 1,111 0,199 1,113 1,114 1,174 1,116 1,118 1,119 1,175 1,176 1,177 1,122 1,178 1,124 1,124 1,81 1,125 1,214 1,126 1,94 1,207 1,42 1,67 1,73 1,128 1,219 1,129 1,180 1,130 1,181 1,182 1,183 0,134 1,184 1,215 1,135 1,137 1,202 1,142 1,187 1
user_000418	10 1,11 1,15 1,2 0,4 0,12 0,7 1,17 0,13 1,14 0,10 1,143 1,15 1,2 0,3 1,16 1,6 1,8 0,13 1,9 1,10 1,144 1,15 1,1 1,2 1,5 1,12 1,7 1,9 1,14 1,28 1,29 1,30 1,31 1,32 1,33 1,34 1,35 1,36 1,37 1,39 1,40 1,189 0,41 1,42 0,43 1,156 1,157 0,158 1,47 1,38 1,207 1,205 1,155 0,42 1,43 1,157 1,45 1,158 1,46 1,38 1,39 1,205 1,154 1,40 1,156 1,157 1,206 1,45 1,46 0,58 1,49 1,50 1,52 0,53 1,61 1,54 1,62 1,63 1,56 1,74 1,65 1,66 1,67 0,68 1,69 1,70 1,71 1,72 1,75 1,64 1,65 1,66 1,67 1,68 1,70 1,71 1,72 1,73 1,75 1,161 1,162 1,77 1,78 1,80 1,82 1,85 1,190 1,89 1,218 1,194 1,209 1,126 1,195 1,196 1,211 1,92 1,170 1,171 1,95 1,96 1,97 1,98 1,99 1,103 1,104 1,106 1,172 1,198 1,107 1,108 1,109 1,111 1,199 1,113 1,114 1,116 1,117 0,121 1,175 1,123 1,124 1,77 1,81 1,87 1,125 1,127 1,92 1,42 1,59 1,52 1,56 1,219 0,179 1,180 1,200 1,130 1,181 1,184 1,135 1,185 1,139 1,140 1,186 1,202 1,141 1,142 1,203 1,216 1,204 1
user_000419	152 1,20 1,147 1,22 1,188 1,23 1,153 1,150 1,151 1,27 1,28 1,29 1,30 1,31 1,32 1,33 1,34 1,35 1,36 1,37 1,38 1,154 1,40 1,155 1,189 1,43 1,44 1,156 1,206 1,46 1,48 1,59 1,50 1,51 1,53 1,61 1,62 1,55 1,63 1,56 1,64 0,74 1,65 0,67 1,69 1,70 1,71 1,72 1,73 1,75 1,76 1,77 1,79 1,80 1,164 1,165 1,190 1,125 1,166 1,167 1,168 1,89 1,193 1,194 1,169 1,127 1,91 1,170 1,93 1,94 1,98 1,100 1,101 1,102 1,104 1,106 1,172 0,108 1,111 1,112 1,113 1,115 1,118 1,119 1,120 1,121 1,175 1,177 1,122 1,123 1,178 1,77 1,81 1,87 1,214 1,127 1,94 1,207 1,42 1,52 1,67 1,128 1,219 1,179 1,129 1,180 1,200 1,181 1,201 1,132 1,215 1,136 1,185 1,140 1,186 1,141 1,142 1,216 1,204 1,187 1
user_000420	10 1,144 1,11 1,15 1,4 0,16 1,7 1,8 1,9 1,14 1,145 1,19 1,20 1,22 1,188 0,148 1,149 1,25 1,151 1,27 1,28 1,29 1,30 1,31 1,32 1,33 1,34 1,35 1,36 1,37 1,38 1,207 1,205 1,189 1,41 1,43 1,206 1,45 1,158 1,46 1,48 1,58 0,50 1,51 1,53 1,61 1,54 1,63 0,56 1,57 1,58 1,49 1,50 1,53 1,61 1,54 1,62 1,55 1,63 1,57 1,64 1,74 1,65 1,66 1,67 1,68 1,69 1,71 1,72 1,75 1,161 1,76 1,80 1,81 1,82 1,208 1,165 0,84 1,85 1,87 1,88 1,192 1,89 1,218 1,209 1,195 1,210 1,90 1,197 1,93 1,97 1,99 1,213 1,102 1,103 1,106 0,107 1,108 0,111 1,112 1,199 1,114 1,116 1,117 1,118 1,119 1,120 1,175 1,176 1,122 1,123 0,178 1,124 1,77 1,125 1,214 1,126 1,94 1,207 1,52 1,67 1,128 1,219 1,179 1,200 1,131 1,182 1,183 1,134 1,184 1,215 1,135 1,136 1,139 1,140 1,202 1,141 1,142 1,216 0,204 1
user_000421	144 1,0 1,2 0,3 1,4 1,12 1,6 1,8 1,9 1,14 1,10 1,144 1,15 1,1 0,2 0,5 1,12 1,17 1,8 1,14 1,10 1,143 1,11 1,3 1,4 1,12 1,6 1,8 1,9 1,14 1,18 1,146 0,19 1,147 1,188 1,148 1,153 1,149 1,25 0,26 1,145 1,146 1,19 1,21 0,22 1,148 1,153 1,149 1,151 1,27 1,152 1,18 1,146 1,19 1,22 1,153 1,149 1,150 0,26 1,27 1,28 1,29 1,30 1,31 1,32 0,33 1,34 1,35 1,36 1,37 1,28 1,29 1,30 1,31 1,32 1,33 1,34 1,35 1,36 1,37 1,205 1,40 1,155 1,189 1,41 1,44 0,157 1,45 0,158 1,46 1,207 1,154 1,40 1,155 1,42 0,44 1,157 1,206 1,159 1,47 1,207 1,40 1,155 1,189 1,42 1,43 1,206 1,158 1,159 1,47 1,49 1,59 1,50 1,51 1,60 1,53 1,61 1,54 1,55 1,57 1,74 1,65 1,66 1,67 0,68 1,69 1,70 1,71 1,73 1,75 1,64 1,74 1,65 1,66 1,67 1,68 1,69 1,71 1,72 1,73 1,161 1,162 1,78 1,163 1,80 1,208 0,85 1,190 1,89 1,218 1,193 1,195 1,210 1,196 1,90 1,127 1,170 1,212 0,171 1,95 1,96 1,97 1,98 1,100 1,102 1,103 1,104 1,198 1,173 1,108 1,109 1,110 1,111 1,174 1,117 1,118 1,119 1,121 1,176 0,122 1,123 1,178 1,124 1,124 1,77 1,81 0,83 1,125 1,126 1,94 1,207 1,59 1,52 1,56 1,128 1,219 1,179 1,129 1,200 1,217 1,182 0,133 1,135 1,136 1,138 1,139 1,186 1,202 1,141 0,216 1
user_000422	10 1,144 0,15 0,2 0,3 0,16 0,5 0,8 0,13 1,14 0,10 0,143 1,11 1,15 1,2 0,16 0,5 0,6 1,7 1,17 0,143 1,144 1,15 1,2 1,3 1,16 1,6 1,7 1,8 0,9 1,145 1,18 1,19 1,147 1,188 1,148 1,24 1,149 1,25 1,151 1,28 1,29 1,30 1,31 1,32 0,33 1,34 1,35 1,36 1,37 1,207 1,154 1,40 1,155 1,189 1,156 1,45 1,158 1,46 1,159 1,48 0,58 1,49 1,50 1,60 1,61 1,62 1,55 1,63 1,57 1,50 1,51 1,60 1,53 1,61 1,62 1,55 1,63 1,56 1,57 1,64 1,74 1,65 1,66 1,67 1,68 1,70 1,72 1,73 1,75 1,160 1,76 1,163 1,80 1,81 1,164 1,84 1,86 1,87 1,191 0,168 1,89 1,209 1,169 1,196 1,91 1,211 1,93 1,94 1,95 1,96 1,97 1,98 1,99 1,213 1,101 1,102 1,103 1,104 0,198 1,107 0,173 0,108 1,111 1,114 1,174 1,116 1,117 1,118 0,119 1,177 1,122 1,178 1,81 1,125 0,214 1,126 1,127 1,207 1,52 1,56 1,73 1,128 1,219 1,129 1,217 1,181 1,131 1,182 1,183 0,184 1,185 1,137 1,138 1,139 1,140 1,186 1,142 1,203 1,187 1
user_000423	10 1,144 1,0 1,11 1,1 1,5 1,6 1,17 1,8 1,14 1,152 1,145 1,19 1,147 0,22 1,23 1,148 1,24 1,153 1,150 1,152 1,18 1,146 1,22 1,188 1,23 1,24 1,25 1,26 1,27 1,28 1,29 1,30 1,31 1,32 1,33 1,34 1,35 1,36 1,37 1,38 1,205 1,154 1,40 1,155 1,156 1,45 1,158 0,159 1,47 1,49 1,59 1,51 1,60 1,61 1,54 1,55 1,63 1,56 1,57 1,74 0,65 1,66 1,68 0,69 1,70 1,71 0,72 1,73 1,75 1,161 1,79 1,163 1,165 1,84 1,86 1,190 1,168 1,193 1,194 0,169 1,195 1,196 1,90 1,197 1,170 1,212 0,93 1,94 1,95 1,97 1,100 1,213 1,101 1,103 1,104 1,105 1,107 1,108 1,111 1,112 1,113 1,114 1,174 1,117 1,120 0,121 1,122 1,123 1,178 1,124 1,124 1,83 0,125 1,214 1,126 1,127 1,42 1,56 1,67 1,73 1,128 0,219 1,129 1,180 1,130 1,181 1,201 1,183 0,215 1,136 1,137 1,138 1,139 1,140 1,186 1,202 1,141 1,142 1,203 0
user_000424	10 1,0 1,15 1,2 0,3 0,16 1,5 0,17 1,8 0,13 1,146 1,19 0,21 1,147 1,22 1,23 1,148 1,153 1,149 1,26 1,28 1,29 1,30 0,31 1,32 0,33 1,34 1,35 0,36 1,37 1,38 0,207 1,155 1,189 1,41 1,44 1,156 1,206 1,45 1,158 1,48 1,58 1,59 1,50 1,51 1,52 1,60 1,53 1,55 1,56 1,64 1,74 1,65 1,66 1,67 1,68 1,69 1,71 1,72 1,73 0,162 1,78 1,163 1,80 1,208 1,84 1,85 0,87 1,191 1,192 1,166 1,168 1,193 1,214 1,210 1,197 1,92 1,170 1,212 1,95 1,96 1,98 1,99 1,213 1,101 1,106 1,172 1,198 1,107 1,108 1,109 1,110 1,112 1,199 1,115 1,117 1,119 1,121 1,176 1,177 1,178 1,124 1,77 1,81 1,83 1,125 1,214 1,126 1,42 1,59 1,56 1,67 1,73 1,219 1,179 1,200 1,181 1,201 0,131 1,132 0,184 0,215 1,185 1,137 1,138 1,141 1,142 1,203 1,216 1,187 1
user_000425	10 1,0 1,11 1,1 1,2 0,16 1,5 0,6 1,17 0,9 1,143 1,11 1,1 1,3 1,4 1,16 1,12 0,7 1,8 1,14 1,146 0,20 1,21 0,22 1,188 1,23 0,148 0,24 0,149 1,26 0,152 0,145 1,19 1,20 1,147 1,148 1,153 1,25 1,26 0,151 1,28 1,29 1,30 1,31 1,32 1,33 1,34 1,35 1,36 1,37 1,207 1,154 1,189 1,41 1,42 1,44 1,157 1,158 1,46 1,47 1,48 1,58 1,49 1,59 1,50 1,51 1,60 1,61 1,54 1,57 1,64 0,65 1,67 1,68 1,69 1,70 0,71 1,72 1,73 1,75 1,161 1,76 1,162 1,79 1,163 1,81 1,208 1,84 1,87 1,191 1,168 1,193 0,194 1,214 1,209 1,126 1,195 1,196 1,90 1,127 1,97 1,98 1,99 1,101 1,105 1,106 1,172 1,198 1,107 1,173 1,109 1,110 0,111 1,112 1,114 1,115 1,116 1,117 1,120 1,176 1,177 1,123 1,124 1,77 1,83 1,87 1,214 1,126 1,94 1,42 1,52 1,67 1,128 1,219 1,200 1,130 1,181 1,182 1,183 1,133 1,134 1,184 1,215 1,136 1,185 1,137 1,140 1,202 1,204 1,187 1
user_000426	144 1,15 1,1 1,2 1,4 1,6 1,7 1,17 1,9 1,14 1,10 1,143 1,1 1,2 1,4 1,16 0,8 1,13 1,9 1,14 1,145 1,19 1,21 1,147 1,22 1,23 1,153 1,26 1,151 1,27 1,152 1,145 1,18 1,146 1,147 1,148 1,24 1,149 1,26 1,27 1,152 1,18 1,19 1,20 1,188 1,23 1,148 1,150 1,26 1,151 1,28 1,29 1,30 1,31 1,32 1,33 1,34 1,35 1,36 1,37 1,207 1,155 1,189 1,41 1,42 1,156 1,157 1,45 1,159 1,47 1,38 1,39 1,154 1,155 1,189 1,43 1,44 1,157 1,206 1,45 1,38 1,207 1,154 1,40 1,42 1,44 1,156 1,157 1,45 1,47 1,48 1,49 1,59 1,50 1,51 1,53 1,54 1,62 1,63 1,57 1,48 1,50 1,52 1,60 1,53 1,61 1,62 1,55 1,56 1,57 1,48 1,58 1,49 1,50 1,51 1,52 1,53 1,55 1,56 1,57 1,64 1,74 1,65 1,66 1,67 1,68 1,69 1,70 1,72 1,73 1,64 1,74 1,65 1,66 1,67 1,68 1,69 1,71 1,72 1,73 1,64 1,74 1,65 1,66 1,67 1,68 1,69 1,70 1,71 1,75 1,160 1,79 1,163 1,164 1,83 1,190 1,87 1,192 1,125 1,168 1,89 1,194 1,209 1,126 1,195 1,196 1,90 1,91 1,197 1,93 1,96 1,97 1,100 1,213 1,102 1,104 1,172 1,198 1,108 1,111 1,112 1,199 1,113 1,115 1,117 1,119 1,120 1,175 1,177 1,122 1,178 1,124 1,81 1,125 1,126 1,127 1,94 1,92 1,207 1,59 1,52 1,128 1,179 1,129 1,180 1,200 1,130 1,217 1,181 1,131 1,132 1,134 1,184 1,215 1,135 1,136 1,185 1,137 1,139 1,204 1
user_000427	10 1,144 0,11 0,1 1,2 1,16 0,5 1,7 0,17 0,9 0,143 1,144 1,0 1,11 1,3 1,5 1,12 1,6 1,7 0,17 1,152 0,18 1,21 1,147 0,188 0,153 1,149 1,150 1,25 1,151 1,28 1,29 1,30 1,31 1,32 0,33 1,34 1,35 1,36 1,37 1,38 0,40 1,155 1,41 1,42 1,44 1,157 0,158 1,46 1,159 1,40 1,155 1,189 1,41 1,42 1,44 1,156 1,206 1,158 1,46 1,48 0,59 1,51 1,52 0,54 1,62 1,55 1,63 1,56 1,57 1,48 1,51 1,52 1,53 1,61 1,54 1,62 1,55 1,63 1,56 1,64 0,65 1,66 1,67 0,68 1,69 1,70 1,71 1,73 1,75 1,64 1,74 0,65 1,66 1,67 0,69 1,71 1,72 1,73 1,75 1,160 1,162 1,163 1,80 1,82 1,85 1,86 1,190 1,191 1,88 0,166 1,168 1,194 1,214 1,209 1,90 1,92 1,171 1,94 1,95 0,96 0,97 1,98 1,99 0,101 1,103 1,104 1,172 1,108 1,109 1,111 1,112 1,114 1,174 1,116 1,118 1,119 1,121 1,175 1,176 0,122 1,123 1,124 1,81 1,83 0,87 1,214 1,126 1,207 1,42 1,56 0,128 1,219 1,179 1,129 1,200 1,217 1,181 1,201 1,131 1,133 1,184 0,215 1,138 1,140 1,186 1,202 1,142 1,204 1,187 1
user_000428	144 1,15 1,1 1,2 1,4 1,6 1,7 1,17 1,13 1,14 0,152 0,146 1,21 1,147 1,22 1,23 1,24 1,150 1,25 1,26 1,28 1,29 1,30 1,31 1,32 1,33 1,34 1,35 1,36 1,37 1,38 1,39 1,207 1,154 1,40 1,156 1,206 1,158 1,159 1,47 1,59 1,51 1,52 1,60 1,53 1,61 1,54 1,62 1,56 1,57 1,64 1,65 1,66 1,67 0,68 1,69 0,70 1,71 1,73 1,75 1,160 1,161 1,77 1,79 1,208 0,85 1,125 1,166 1,167 1,168 1,194 1,126 1,210 1,90 1,211 1,197 1,92 1,170 1,93 1,94 1,96 1,97 1,100 1,213 1,101 1,102 1,103 1,104 1,105 1,173 1,108 1,109 1,110 0,112 1,115 1,116 0,117 1,118 1,119 1,120 1,176 1,122 1,124 1,124 1,81 1,214 1,126 1,94 1,207 1,42 1,56 1,67 1,73 1,219 1,179 1,129 1,130 0,217 1,181 0,131 1,134 1,184 1,215 1,135 1,138 0,186 1,202 0,142 1,216 1,187 1
user_000429	10 1,143 0,144 1,0 1,1 1,12 1,6 1,7 1,13 1,9 0,10 1,143 1,144 1,11 1,15 1,16 1,6 1,7 1,17 1,13 1,146 1,21 1,147 1,22 1,188 1,23 1,149 1,25 1,26 1,151 1,28 1,29 1,30 1,31 1,32 1,33 1,34 1,35 1,36 1,37 1,39 1,207 1,205 0,40 1,41 1,44 1,156 1,45 1,158 1,47 1,207 1,205 1,189 1,41 1,42 1,43 1,44 1,158 1,159 1,47 1,48 1,58 1,59 1,52 1,60 1,53 1,54 1,62 1,55 1,57 1,64 1,74 1,65 1,66 1,68 1,69 1,70 1,72 1,73 1,75 1,161 1,78 1,79 1,163 1,81 1,84 1,86 1,190 1,87 1,88 1,167 1,168 1,193 1,195 1,211 1,197 1,92 1,170 1,212 1,93 1,97 1,98 1,213 1,101 1,102 1,103 1,104 1,105 1,198 1,109 1,110 1,112 1,199 1,113 1,114 1,174 1,116 1,117 1,118 1,177 1,124 0,124 1,83 1,87 1,125 1,214 1,126 1,127 1,42 1,59 1,52 1,180 1,130 1,217 0,181 1,182 1,183 1,132 1,133 1,134 1,184 1,135 1,185 1,137 1,139 1,140 1,141 1,142 1,216 1,187 1
user_000430	0 1,11 1,15 0,2 0,3 0,16 1,12 1,7 1,8 0,9 1,18 0,19 0,20 1,147 1,188 1,148 1,24 1,149 1,25 1,26 1,28 1,29 1,30 1,31 1,32 0,33 1,34 1,35 0,36 1,37 1,38 1,39 0,155 1,189 1,41 1,43 1,44 1,157 1,45 1,158 1,48 1,58 0,49 1,51 1,52 1,60 1,53 1,62 1,63 1,56 1,74 1,65 1,66 0,67 0,68 0,69 1,70 1,72 1,73 1,75 1,162 1,79 1,80 1,81 1,82 1,164 1,88 1,192 1,125 1,168 1,89 1,218 1,193 1,194 1,214 1,196 1,90 1,197 1,92 1,93 1,96 1,213 1,103 0,105 1,106 1,107 1,173 1,109 1,111 1,112 1,199 1,113 1,116 1,117 1,118 1,121 1,177 1,123 1,178 1,124 1,77 1,81 1,83 1,87 1,125 1,127 1,94 1,92 1,207 1,59 1,56 1,67 1,128 1,180 1,130 1,217 0,181 1,182 1,132 0,133 0,134 1,184 1,215 1,135 1,137 1,138 1,186 1,202 0,142 1,216 1
user_000431	10 1,143 0,11 0,3 0,4 0,6 1,7 1,17 0,8 0,13 1,143 0,144 1,15 0,1 1,3 1,16 0,6 0,7 1,8 0,14 1,10 1,0 1,2 0,3 1,4 1,16 0,12 0,7 1,9 0,14 1,145 1,18 0,146 1,20 1,188 1,23 1,153 1,150 1,26 1,27 0,152 1,18 1,146 1,20 1,21 1,23 1,148 0,149 1,150 1,26 1,18 1,146 1,20 1,21 1,147 1,148 1,153 1,149 1,26 1,151 1,28 1,29 1,30 1,31 0,32 1,33 1,34 0,35 1,36 1,37 1,28 1,29 1,30 1,31 1,32 1,33 1,34 1,35 1,36 1,37 1,39 1,207 1,40 1,155 1,41 1,44 1,156 1,157 1,206 1,46 1,48 0,58 1,59 0,50 1,60 1,53 1,61 1,55 0,63 0,56 1,58 0,49 1,50 1,51 0,52 1,53 1,61 1,54 0,63 1,56 1,58 1,49 1,50 1,51 1,60 1,53 1,61 1,55 0,63 1,57 0,74 1,65 1,66 0,67 0,68 1,69 1,70 1,71 0,72 0,73 1,64 1,74 1,65 1,66 0,67 1,69 1,70 1,72 1,73 1,75 1,64 1,65 1,67 1,68 1,69 1,70 1,71 1,72 1,73 1,75 1,76 1,78 1,163 0,82 0,86 1,190 1,87 1,191 1,88 1,125 1,218 1,214 1,126 1,210 1,196 1,90 1,197 1,212 1,171 1,93 1,96 1,99 1,100 1,213 0,102 1,106 1,172 0,198 1,107 1,173 1,109 1,111 1,112 1,174 1,116 1,119 1,121 1,175 1,176 1,177 1,123 1,178 0,124 1,77 1,81 1,83 1,214 1,126 1,94 1,59 1,52 0,67 1,219 1,129 1,200 1,130 1,181 1,201 1,132 0,215 1,135 1,136 1,137 1,138 1,140 1,186 1,202 1,141 1,142 1,203 1
user_000432	143 1,0 1,15 1,3 1,4 1,12 1,7 1,13 1,9 1,14 1,145 0,18 0,146 1,19 1,188 0,23 1,148 1,150 0,25 1,151 0,28 1,29 1,30 1,31 1,32 0,33 1,34 1,35 1,36 1,37 1,38 1,207 1,155 1,189 1,42 1,43 1,44 1,157 1,45 1,159 1,49 1,59 1,51 1,52 1,60 1,53 1,54 1,62 1,56 1,57 1,160 1,161 1,77 1,79 1,163 1,164 1,208 1,83 1,85 1,190 1,192 1,166 1,89 1,218 1,209 1,195 1,211 1,197 1,92 1,171 1,96 1,97 1,98 1,100 1,213 1,101 1,103 1,105 1,198 1,107 1,173 0,108 1,109 1,110 1,111 1,112 1,113 1,116 0,117 1,119 1,120 1,121 1,175 1,176 0,177 1,122 1,124 1,77 1,81 1,83 1,87 1,126 1,127 1,94 1,92 1,42 1,59 1,56 1,128 1,130 1,131 1,133 1,136 1,138 1,139 1,202 1,141 1,203 1,216 1,187 1
user_000433	0 1,11 1,15 1,2 1,4 0,16 1,6 1,17 1,9 1,14 1,143 0,144 0,15 0,3 0,4 0,12 0,6 0,7 0,17 0,8 0,152 1,18 1,20 1,147 0,188 1,23 1,148 1,24 1,25 1,26 1,152 1,145 0,19 1,20 0,22 1,23 1,24 1,153 1,149 1,27 1,28 1,29 1,30 1,31 1,32 1,33 1,34 1,35 1,36 1,37 1,39 1,207 1,154 1,40 1,41 1,44 1,156 1,46 1,159 1,47 1,48 0,59 1,50 1,52 1,60 1,54 1,62 0,55 1,63 1,56 1,48 1,59 1,50 1,51 1,52 1,53 1,61 1,62 1,55 1,63 1,64 1,65 1,66 1,67 1,68 1,69 1,70 1,72 1,73 1,75 1,160 1,162 1,79 1,82 1,164 1,165 1,85 1,86 1,125 1,89 1,193 1,209 1,169 1,90 1,127 1,91 1,197 1,170 1,212 1,94 1,96 1,98 1,99 1,100 1,213 1,102 1,103 1,105 1,172 1,108 1,112 1,113 1,174 1,116 1,118 1,119 1,120 1,176 1,177 1,122 1,123 1,178 1,77 1,81 1,83 1,87 1,214 1,127 1,42 1,59 1,56 1,67 1,219 1,130 1,217 0,131 1,182 1,132 0,134 1,215 1,135 1,136 1,138 0,140 1,186 1,141 1,142 1,203 1,204 1,187 1
user_000434	10 1,144 0,1 1,2 0,4 1,16 1,12 1,6 1,8 1,14 1,10 1,0 1,15 1,2 1,4 1,16 1,5 1,17 1,8 1,9 1,145 1,146 0,19 1,21 1,22 0,24 0,153 1,25 0,26 1,27 1,18 1,146 1,21 1,147 1,22 1,148 1,24 1,150 1,26 1,27 1,28 1,29 1,30 1,31 1,32 1,33 1,34 1,35 1,36 1,37 1,207 1,205 1,154 1,189 0,42 1,43 1,44 1,157 1,206 1,46 1,38 0,205 1,155 1,189 1,42 1,43 1,44 1,157 1,206 1,47 0,39 1,207 1,154 1,40 1,41 1,156 0,157 1,158 1,46 1,159 1,58 1,49 1,59 1,50 1,51 1,52 1,60 1,54 1,55 1,56 1,64 0,74 0,65 1,66 0,67 0,68 1,69 1,71 1,72 1,73 1,64 1,74 0,65 1,66 1,67 1,68 1,69 1,70 1,71 1,72 1,64 1,74 1,65 1,66 1,67 1,68 1,71 1,72 1,73 1,75 1,161 1,76 1,163 1,81 1,82 1,85 1,190 1,87 1,125 0,166 1,218 1,169 1,126 1,210 1,91 1,170 1,212 0,93 1,94 1,95 1,97 1,98 0,213 1,101 1,104 1,172 1,198 1,107 1,173 1,110 1,112 1,199 1,114 1,174 1,115 1,116 1,117 1,118 1,121 1,175 1,177 1,123 1,124 1,77 1,81 1,83 1,127 1,207 1,42 1,52 1,67 1,179 1,129 1,180 1,217 1,201 1,131 1,183 1,134 1,136 1,185 1,138 1,139 1,140 1,186 1,202 1,141 1,142 1,216 1,187 1
user_000435	143 1,15 1,1 1,2 1,3 1,6 1,17 1,8 1,9 1,14 1,28 1,29 1,30 1,31 1,32 0,33 0,34 1,35 1,36 1,37 1,39 1,40 1,155 1,189 1,41 1,43 1,156 1,45 1,159 1,47 1,58 0,59 1,52 1,60 1,61 1,54 1,62 1,55 1,63 1,56 1,64 1,74 1,65 1,66 1,68 1,70 1,71 1,72 1,73 1,75 1,79 1,163 1,80 1,208 1,85 1,192 1,125 0,218 1,194 1,214 1,169 1,195 1,196 1,90 1,91 1,211 1,197 1,212 1,93 1,94 1,96 1,98 1,213 1,101 1,103 1,104 1,106 0,107 1,173 1,108 1,109 1,110 1,112 1,199 1,114 1,174 1,117 1,118 1,119 1,121 1,175 1,176 1,177 1,123 1,124 1,77 1,81 1,83 1,126 1,94 1,59 1,56 1,179 1,129 1,130 1,217 1,133 1,184 1,215 1,135 1,185 1,137 1,138 1,186 1,202 1,141 1,142 1,203 1,216 1,187 1
user_000436	10 1,144 1,1 0,3 1,4 1,12 1,8 1,13 1,9 0,14 1,10 0,143 0,11 1,1 0,3 1,5 0,12 1,6 1,17 1,13 1,18 0,19 1,20 1,147 0,188 1,23 1,24 1,150 1,25 1,151 1,28 1,29 1,30 0,31 1,32 1,33 1,34 1,35 1,36 1,37 1,28 1,29 1,30 1,31 1,32 1,33 1,34 1,35 1,36 1,37 1,38 0,205 0,154 0,40 0,42 0,43 0,206 0,45 0,158 0,47 0,38 1,207 1,154 1,40 1,189 1,44 1,156 1,157 1,45 1,47 1,48 0,58 1,49 1,59 0,50 1,51 1,52 1,53 1,61 1,54 1,58 1,49 1,59 0,50 1,51 1,60 1,53 1,62 1,55 1,63 1,64 0,74 1,65 0,67 0,69 1,70 1,71 1,72 1,73 0,75 1,160 1,78 1,79 1,163 1,82 1,83 1,84 1,86 1,166 1,168 1,89 1,194 1,169 1,126 1,195 1,91 1,212 1,171 1,94 1,95 1,213 1,101 1,103 1,104 1,105 1,106 1,173 1,108 1,110 1,112 1,199 1,113 1,114 1,174 1,115 1,116 1,118 1,120 1,175 1,177 1,123 1,178 1,124 1,124 1,81 1,83 1,125 1,214 1,126 1,59 1,67 1,128 1,129 1,200 1,130 1,217 0,181 1,201 1,131 1,182 1,183 1,134 1,215 1,135 1,136 1,185 1,140 1,141 1,203 1,187 1
user_000437	10 1,144 1,15 1,1 1,2 0,5 1,7 1,13 1,9 1,14 1,152 1,145 1,18 1,19 0,20 1,23 0,153 1,149 1,150 1,25 0,152 0,145 0,19 0,21 0,22 0,23 1,25 0,26 0,151 0,27 0,28 1,29 1,30 1,31 1,32 1,33 1,34 1,35 1,36 1,37 1,38 1,155 1,189 1,41 1,42 1,157 1,206 1,46 1,159 1,47 0,48 1,49 1,59 1,50 1,51 1,52 1,60 1,61 1,62 1,55 1,64 1,74 0,65 0,66 1,67 0,68 0,69 1,70 1,71 1,75 1,162 1,80 1,164 1,85 1,87 1,192 1,167 1,89 1,193 1,194 1,214 1,209 0,126 1,195 1,196 1,90 1,127 1,211 1,197 1,170 1,97 1,98 1,100 1,213 1,101 1,103 1,104 1,106 1,172 0,107 1,113 1,114 1,174 1,115 1,118 1,119 1,120 1,175 1,123 1,178 1,124 1,124 1,83 1,87 1,125 1,126 1,94 1,207 0,56 1,67 0,128 1,219 1,179 1,217 0,181 1,133 1,134 1,184 1,135 1,136 1,185 1,137 1,138 1,139 1,140 1,141 1,203 1,216 0,204 1,187 1
user_000438	143 1,0 1,15 1,2 0,4 0,16 0,5 1,12 0,8 0,14 1,144 1,11 0,1 0,2 1,4 0,5 0,12 0,17 0,13 0,9 1,143 1,144 1,15 0,2 1,4 1,16 1,5 1,12 0,6 1,8 0,19 0,20 1,147 1,22 1,188 1,153 0,150 0,25 1,26 1,151 1,152 1,145 0,21 1,147 1,188 1,23 1,153 1,26 1,151 1,27 1,28 1,29 1,30 0,31 1,32 0,33 1,34 0,35 0,36 1,37 1,28 1,29 1,30 1,31 1,32 1,33 1,34 1,35 0,36 1,37 1,38 1,205 1,154 1,155 0,41 1,43 1,44 1,46 1,159 0,47 0,48 1,59 0,50 0,52 1,54 1,62 1,55 1,63 1,56 1,57 1,48 0,58 0,49 1,50 1,52 1,53 1,61 1,54 1,55 0,63 1,64 1,74 0,65 1,66 1,68 1,69 1,70 0,71 0,73 0,75 1,64 0,74 0,65 1,66 1,69 1,70 1,71 1,72 0,73 1,75 1,64 1,74 1,65 1,66 1,67 1,69 1,70 1,72 1,73 1,75 1,161 1,76 1,162 1,79 1,163 1,80 1,81 1,164 1,165 1,83 1,86 1,89 1,214 1,209 1,126 1,195 1,90 1,91 1,197 1,94 0,96 1,97 1,98 1,99 1,103 1,104 1,107 1,109 1,110 1,111 0,113 1,114 1,115 1,116 1,117 1,118 1,119 1,121 1,122 1,178 1,124 1,81 1,83 1,87 1,125 1,214 1,127 1,207 1,52 1,67 1,73 1,128 1,219 1,129 1,200 1,130 1,181 1,201 1,131 1,132 1,134 1,184 1,137 1,138 1,140 1,202 1,141 1,142 1,204 1,187 1
user_000439	143 1,144 1,1 1,2 1,3 1,16 1,12 1,7 1,8 1,14 1,152 0,146 1,20 1,21 1,188 0,23 1,24 1,149 1,26 1,27 1,152 1,145 1,146 1,21 1,188 1,148 1,153 1,149 1,150 1,26 1,145 1,146 1,20 1,147 0,188 0,148 1,150 1,25 1,26 1,151 0,28 0,29 1,30 1,31 1,32 1,33 1,34 1,35 1,36 1,37 1,28 1,29 1,30 1,31 1,32 1,33 1,34 1,35 1,36 1,37 1,38 1,207 1,205 1,189 1,42 1,156 1,157 1,206 1,46 1,159 1,59 1,50 1,51 1,52 1,60 1,53 1,61 1,54 1,63 1,56 1,64 1,74 1,66 1,67 1,68 1,69 1,70 1,71 1,73 1,75 1,161 1,76 1,77 1,79 1,81 0,82 1,164 0,208 1,165 1,86 1,191 1,168 1,218 1,214 1,169 1,196 1,92 1,212 1,93 1,95 1,96 1,97 1,99 1,100 1,101 0,102 1,103 1,172 1,107 0,108 1,109 1,110 1,111 1,114 1,115 1,116 1,121 1,175 1,176 1,122 1,123 1,77 1,83 1,125 1,214 1,126 1,127 1,59 1,52 1,56 1,67 1,128 1,219 1,179 1,180 1,200 1,130 1,201 1,183 1,132 1,133 1,184 1,215 1,137 1,140 1,186 1,202 1,203 1,204 1,187 1
user_000440	10 0,143 1,0 1,11 0,2 1,6 1,7 1,8 0,13 1,9 1,10 1,143 1,144 1,2 1,3 1,16 1,12 1,7 1,8 0,9 1,10 0,143 1,0 1,1 0,3 0,16 1,12 0,6 1,13 1,14 1,152 1,145 1,21 0,22 1,188 1,23 1,148 1,153 1,149 1,150 1,28 1,29 1,30 0,31 1,32 1,33 1,34 1,35 1,36 1,37 1,39 1,207 1,205 1,154 1,41 1,44 1,206 1,45 1,159 1,47 1,64 0,74 0,65 0,66 1,67 1,69 1,70 1,72 1,73 1,75 1,64 1,74 0,66 1,67 1,68 1,69 1,70 1,72 1,73 1,75 1,65 0,66 1,67 1,68 1,69 1,70 1,71 1,72 1,73 1,75 1,160 1,81 1,82 1,164 0,165 1,86 1,191 1,192 1,166 1,168 1,169 1,195 1,90 1,127 1,91 1,211 1,92 1,171 1,93 1,94 1,98 0,99 1,101 1,102 1,104 1,106 1,198 1,108 1,110 1,112 1,113 1,115 1,116 1,118 1,119 1,120 0,121 1,175 1,177 1,122 1,123 1,178 1,124 1,77 0,83 0,87 1,125 0,214 1,126 1,94 1,52 1,67 1,73 1,128 1,219 1,129 1,180 1,200 1,217 1,131 1,183 1,133 1,134 1,185 1,139 1,141 0,142 1,203 1,204 1,187 1
user_000441	10 1,144 1,11 1,1 1,4 0,16 0,6 1,17 0,13 0,9 0,143 1,144 1,11 1,2 0,3 0,16 1,12 1,8 1,13 1,14 0,10 1,143 1,11 0,2 1,3 0,16 1,6 1,17 1,13 1,9 1,145 1,18 0,19 1,147 1,22 1,153 0,149 1,150 1,26 1,27 1,146 1,19 1,20 0,21 1,22 0,23 1,148 0,24 1,153 0,150 1,152 1,18 0,146 1,20 1,21 1,153 1,25 1,26 1,151 1,27 1,28 1,29 1,30 1,31 1,32 1,33 0,34 1,35 0,36 1,37 0,28 1,29 1,30 1,31 1,32 0,33 1,34 1,35 1,36 1,37 1,28 1,29 1,30 1,31 1,32 1,33 1,34 1,35 1,36 1,37 1,154 1,40 1,155 1,41 1,42 1,206 0,158 1,46 1,159 0,47 1,39 1,154 1,40 1,189 1,41 1,44 1,156 0,157 0,206 1,46 1,38 0,39 1,205 1,40 1,41 1,43 1,44 1,206 1,46 1,47 1,48 0,58 1,49 1,59 1,52 1,60 1,54 1,62 1,56 1,57 0,64 1,74 0,65 1,66 1,68 0,69 1,70 1,71 0,73 1,75 1,64 1,65 1,66 1,67 0,68 0,69 1,71 1,72 1,73 1,75 1,74 0,65 1,66 1,67 0,68 1,70 1,71 1,72 1,73 1,75 1,161 1,77 1,79 1,80 1,81 1,83 1,84 1,86 1,190 0,88 0,192 1,166 1,209 1,195 1,90 1,127 0,91 1,92 1,171 1,93 1,97 0,98 1,99 1,100 1,105 1,198 1,107 1,109 1,110 1,199 0,113 1,114 0,174 1,119 1,121 0,176 1,177 1,122 1,123 1,178 1,77 1,81 1,87 1,125 1,127 1,42 1,73 1,179 1,129 1,180 1,200 1,130 1,217 1,131 1,183 1,133 1,134 1,184 1,135 1,136 1,137 1,138 1,139 1,140 1,186 1,202 1,142 0,216 0,204 1,187 1
user_000442	144 1,0 1,11 1,15 1,4 0,16 1,12 1,7 1,13 1,14 1,152 1,146 1,19 1,20 1,22 1,23 1,24 1,153 1,149 1,150 1,28 0,29 1,30 1,31 1,32 0,33 0,34 1,35 1,36 1,37 1,28 1,29 1,30 1,31 1,32 1,33 1,34 1,35 1,36 1,37 1,38 1,154 0,155 0,189 0,41 1,44 1,157 0,46 0,159 0,47 0,39 1,207 1,154 1,40 1,42 1,43 1,44 1,158 1,46 1,47 1,48 1,49 1,59 1,53 1,61 0,54 1,62 1,55 1,63 1,57 0,64 0,74 0,65 1,66 1,67 1,68 0,69 1,70 1,71 1,75 1,78 1,79 0,81 1,85 1,86 1,88 0,192 1,125 0,166 1,167 1,194 1,209 1,169 1,90 1,91 1,211 1,92 1,170 0,212 1,93 1,96 1,100 1,213 1,101 1,103 1,105 1,107 1,173 1,109 1,112 1,115 1,118 1,119 1,120 1,177 1,81 1,125 1,214 1,126 1,127 1,207 1,52 1,56 1,67 0,73 1,219 1,179 1,129 1,180 1,200 1,130 1,217 1,181 1,131 1,183 1,132 1,133 1,184 1,215 1,185 1,137 1,138 1,139 1,140 1,202 1,141 1,142 1,203 1,216 0,204 1
user_000443	10 1,11 1,15 1,2 1,4 1,5 1,12 1,17 1,8 1,14 1,152 0,19 1,20 1,21 0,22 1,23 1,148 1,26 1,151 1,27 1,152 1,18 1,146 1,20 1,188 1,23 1,148 1,24 1,153 1,25 1,28 1,29 1,30 1,31 1,32 1,33 1,34 1,35 1,36 1,37 1,38 0,207 1,205 1,41 1,42 1,157 1,206 1,45 1,158 1,47 1,58 1,50 1,52 1,60 1,61 1,54 1,62 1,55 1,63 1,56 1,64 1,65 1,66 1,67 1,68 1,70 1,71 1,72 1,73 1,75 1,163 1,208 1,165 1,83 1,84 1,85 1,86 1,88 1,166 1,168 1,193 1,194 0,169 1,126 1,196 1,90 1,91 1,170 0,212 0,93 1,98 1,99 1,101 1,102 1,103 1,104 1,198 1,173 0,108 1,110 1,111 1,199 1,113 1,114 1,116 1,118 1,121 1,175 1,176 1,123 1,77 0,81 0,83 0,87 1,125 0,126 1,207 0,42 1,59 1,73 1,128 1,179 1,129 1,200 1,130 1,217 1,182 1,183 1,132 1,133 1,134 1,184 1,215 1,185 1,137 1,139 1,140 1,186 1,142 1,187 1
user_000444	10 1,143 1,144 1,15 1,3 1,16 1,5 1,7 1,8 1,14 1,145 1,18 1,20 1,21 1,22 0,24 1,149 1,150 1,25 1,151 1,152 1,146 1,20 1,147 0,22 1,23 1,24 1,149 1,150 1,151 1,145 1,18 1,19 1,20 1,21 1,23 1,153 1,149 1,150 1,25 1,28 1,29 1,30 1,31 1,32 1,33 1,34 1,35 1,36 1,37 1,154 1,40 1,155 1,41 1,42 1,43 1,44 1,157 1,45 1,47 1,48 1,58 1,49 0,59 1,60 1,61 1,62 0,63 1,56 1,57 1,48 1,58 1,59 1,50 1,60 1,54 1,62 1,63 1,56 1,57 1,64 1,74 1,65 1,66 1,68 1,70 1,71 1,72 0,73 1,75 1,64 1,74 1,65 1,66 1,67 1,68 1,69 1,71 1,73 1,75 1,162 1,77 1,78 1,79 1,82 1,85 1,190 1,191 1,88 1,125 1,166 1,218 1,194 1,209 1,126 1,196 1,91 1,211 1,197 1,93 1,96 1,99 1,100 1,213 1,101 1,103 1,104 1,106 1,198 1,107 1,173 1,113 1,174 1,115 1,116 1,117 1,118 1,119 1,121 1,175 1,176 1,123 1,178 1,124 1,125 1,126 1,94 1,42 1,56 1,67 1,73 1,128 1,219 1,200 1,217 1,183 1,132 1,133 1,134 1,184 1,136 1,185 1,137 1,139 1,186 1,202 1,142 1,203 1,204 1,187 1
user_000445	10 0,144 1,11 0,2 0,3 0,5 1,12 1,8 0,9 1,14 1,143 1,0 1,11 1,15 1,1 1,5 1,12 1,7 1,17 1,9 1,145 1,18 0,146 1,20 1,22 1,23 1,148 1,25 1,26 1,27 1,145 1,18 1,19 1,147 0,188 1,24 1,153 1,150 1,151 1,27 1,152 1,146 1,19 1,20 1,21 1,23 1,148 1,149 1,25 1,151 1,28 1,29 0,30 1,31 1,32 0,33 0,34 1,35 1,36 1,37 1,28 1,29 1,30 1,31 1,32 0,33 1,34 1,35 1,36 1,37 1,28 1,29 1,30 1,31 1,32 1,33 1,34 1,35 1,36 1,37 1,38 1,154 0,40 1,41 1,42 1,43 1,44 1,206 1,158 1,47 0,39 1,205 1,154 1,155 1,42 1,44 1,156 0,45 1,158 1,46 1,39 1,205 1,40 1,155 1,189 1,43 1,157 1,46 1,159 1,47 1,48 1,49 1,50 1,52 1,60 1,53 1,62 1,55 1,63 1,57 1,74 0,65 1,67 0,68 1,69 1,70 1,71 1,72 1,73 1,75 1,64 1,74 1,65 1,66 1,68 0,69 1,70 1,71 1,72 1,73 1,64 1,74 1,65 1,66 1,67 0,68 1,69 1,70 1,71 1,73 1,160 1,77 1,80 1,81 1,208 0,83 1,84 1,85 1,88 1,192 1,125 1,214 1,209 1,196 1,91 1,211 1,92 1,170 1,93 1,94 1,96 0,97 1,98 1,99 1,100 0,102 1,103 1,104 1,198 1,107 0,173 1,108 1,112 1,113 1,174 1,119 1,121 1,175 1,176 1,124 1,124 1,77 0,83 0,125 0,214 1,126 1,127 1,92 1,207 1,42 1,59 1,56 1,73 1,219 1,179 1,180 1,130 1,131 1,132 1,134 1,135 0,136 1,185 1,138 1,140 1,186 1,141 1,203 1,216 1,187 1
user_000446	10 1,143 1,144 1,15 1,4 1,5 1,8 0,13 1,9 0,14 1,152 0,145 1,146 1,19 1,20 1,23 1,148 0,153 1,150 1,25 1,18 1,20 1,147 1,22 1,188 1,148 1,153 1,25 1,26 1,151 1,28 1,29 1,30 1,31 1,32 1,33 1,34 1,35 1,36 1,37 1,38 1,39 1,205 1,189 1,42 1,156 1,157 1,206 0,45 1,159 1,48 1,49 1,59 1,50 1,51 1,60 1,53 1,54 1,62 1,57 1,64 1,74 1,65 1,66 1,69 1,70 1,71 1,72 1,73 1,75 1,79 1,81 1,164 1,208 1,83 1,86 0,190 1,87 1,88 0,167 1,89 1,218 1,194 1,214 1,169 1,126 1,211 1,92 1,170 1,94 1,99 1,213 1,101 1,105 1,106 1,198 1,107 1,173 1,111 1,112 0,174 1,117 1,119 1,120 1,121 1,176 1,177 1,122 0,123 1,124 1,77 1,81 1,125 0,214 0,92 1,207 1,56 0,67 1,73 1,219 1,179 1,129 1,180 1,200 1,130 1,133 1,134 1,184 1,215 1,136 1,185 1,137 1,138 0,139 1,140 1,186 1,202 1,141 1,142 1,187 1
user_000447	144 1,15 1,1 1,2 0,3 1,16 1,5 1,12 1,17 1,14 0,10 1,144 1,1 1,2 0,4 0,16 1,7 0,17 1,9 0,14 0,152 1,145 0,18 1,19 1,147 0,23 1,24 0,153 1,26 1,27 0,28 1,29 1,30 1,31 1,32 1,33 1,34 1,35 1,36 1,37 1,39 1,207 1,205 1,154 1,189 1,43 1,44 1,156 1,157 1,45 1,58 0,59 0,52 0,60 0,53 0,61 1,54 0,62 0,55 0,63 0,48 1,58 1,50 0,51 0,60 0,53 0,61 0,55 1,63 0,57 0,64 0,74 1,65 0,67 0,68 1,69 1,70 1,71 1,73 0,75 1,76 1,78 1,80 1,81 1,164 0,208 1,165 1,87 1,191 1,167 1,218 1,193 1,194 1,209 1,195 1,127 1,91 1,212 1,171 1,94 1,96 1,97 1,98 1,101 1,103 1,104 1,106 1,108 1,109 1,110 1,199 0,113 1,114 1,115 1,117 1,118 1,121 0,176 0,177 0,122 1,123 1,178 1,124 1,124 1,125 0,214 1,126 1,127 1,94 1,207 1,42 1,52 1,73 1,128 1,179 1,200 1,217 0,181 1,183 1,132 1,134 1,215 1,135 0,136 1,185 1,139 1,140 1,202 1,216 1,204 1
user_000448	0 1,11 1,15 1,1 1,4 0,16 1,12 1,17 1,13 1,9 1,143 1,11 1,15 1,3 1,4 1,5 1,12 1,6 1,17 1,8 1,152 1,19 1,20 1,21 1,147 1,148 1,153 1,25 1,26 1,151 1,28 1,29 1,30 1,31 1,32 1,33 1,34 1,35 1,36 1,37 1,38 1,205 1,154 1,40 1,42 0,43 1,44 1,157 1,206 1,158 0,39 1,40 1,155 1,189 1,42 1,43 1,44 1,157 1,45 1,158 1,48 1,58 1,59 1,50 1,51 1,53 1,54 1,62 1,55 1,63 1,64 1,74 1,65 1,66 1,67 1,68 1,69 1,71 1,73 1,75 1,162 1,77 1,79 1,81 1,82 1,208 1,165 1,84 1,86 1,190 1,87 1,88 1,125 1,166 1,168 1,89 1,194 1,209 1,91 1,211 1,96 1,98 1,213 1,104 1,172 1,198 1,107 1,173 1,108 1,109 1,111 1,113 1,174 1,115 1,116 1,118 1,119 1,121 1,177 1,123 1,87 1,125 1,127 1,94 1,92 1,42 1,59 1,56 1,67 1,73 1,219 1,179 1,129 1,130 1,181 1,201 1,131 1,183 1,133 1,184 1,215 1,135 1,136 1,139 1,140 1,186 1,202 1,216 1,204 0,187 1
user_000449	10 1,143 0,0 1,11 1,2 0,16 0,12 1,6 1,8 0,14 1,10 1,143 1,144 1,1 1,2 1,7 1,17 1,8 1,13 1,9 1,18 1,146 0,19 0,20 1,147 0,23 0,24 1,153 0,151 1,27 1,19 0,21 0,147 0,22 0,188 1,24 1,153 0,25 0,26 0,151 1,18 1,146 0,19 0,20 0,21 1,23 1,149 1,25 0,151 1,27 1,28 1,29 1,30 1,31 1,32 1,33 0,34 0,35 1,36 1,37 1,28 1,29 1,30 1,31 1,32 1,33 1,34 1,35 1,36 1,37 1,38 1,207 1,40 1,189 1,42 1,43 1,44 1,156 1,158 1,47 1,58 0,59 0,52 1,60 0,53 0,54 1,62 1,63 0,56 0,57 0,74 0,65 1,66 1,67 0,68 1,69 1,71 1,72 1,73 1,75 1,74 0,66 1,67 1,68 1,69 1,70 0,71 1,72 1,73 1,75 1,64 1,74 1,65 1,66 1,67 1,68 1,70 1,72 1,73 1,75 1,163 0,82 1,208 1,84 1,85 1,190 1,87 1,125 1,166 1,167 1,193 0,214 1,209 1,169 1,195 1,210 1,170 1,212 0,171 1,95 1,96 1,100 1,101 1,102 1,104 1,106 1,172 1,107 1,173 1,109 1,111 1,112 1,113 1,114 1,115 1,117 1,120 1,123 1,178 1,124 1,81 0,83 0,87 1,127 1,94 1,92 1,42 1,59 1,52 1,56 1,67 1,73 1,179 1,129 1,180 1,130 1,217 1,181 1,182 1,134 1,184 1,215 1,135 1,185 1,137 1,140 1,202 1,142 1,203 1,204 1
user_000450	143 1,144 1,0 0,11 0,4 0,12 1,7 0,17 1,8 1,14 1,10 1,143 1,144 1,0 1,4 0,5 1,12 1,6 1,17 0,9 1,10 0,11 1,15 1,3 1,4 0,16 1,5 1,12 1,6 1,14 1,18 1,146 1,21 1,147 1,188 1,24 1,153 1,150 1,25 1,26 1,28 1,29 1,30 1,31 1,32 1,33 1,34 1,35 1,36 1,37 1,38 1,39 1,205 1,154 1,189 1,43 1,156 1,157 1,206 1,47 1,48 1,49 1,51 1,60 1,53 1,54 1,62 1,55 1,63 1,56 1,74 1,65 1,66 1,67 1,68 1,69 1,70 1,71 1,73 0,75 1,161 1,77 1,163 1,80 1,164 1,84 1,85 1,190 1,191 1,88 1,125 1,168 1,89 1,193 1,194 1,209 1,195 1,90 1,91 1,212 1,100 1,101 1,104 1,106 1,198 1,107 1,173 1,112 1,199 1,174 1,115 1,117 1,118 1,119 1,176 1,177 1,122 1,178 1,81 1,83 1,87 1,125 1,126 1,127 1,94 1,92 1,207 1,52 0,56 1,67 1,73 1,179 1,129 1,200 1,130 1,217 0,181 1,201 1,131 1,182 1,132 0,184 1,135 1,137 1,139 1,140 1,202 0,142 1,216 1,204 1
user_000451	144 0,11 0,15 1,1 1,3 0,12 1,17 1,8 0,9 1,14 0,10 0,0 0,15 0,2 0,4 0,5 0,17 0,8 0,9 0,14 0,10 0,144 1,0 1,11 1,3 1,16 1,5 1,6 1,13 1,14 0,18 0,146 1,20 1,147 0,22 1,23 1,24 1,149 1,150 1,26 1,18 1,146 1,20 1,21 1,188 1,23 1,149 1,25 1,26 1,27 1,28 1,29 1,30 1,31 1,32 1,33 1,34 1,35 1,36 1,37 1,28 1,29 1,30 1,31 1,32 1,33 1,34 1,35 1,36 1,37 1,38 1,39 1,154 1,189 1,42 1,43 1,44 1,156 1,158 1,47 1,48 1,58 1,49 1,59 1,50 1,51 1,52 1,60 1,54 1,56 1,64 1,74 1,65 1,66 1,67 1,68 1,69 1,71 1,73 1,75 1,162 1,80 1,81 1,164 1,208 1,84 1,86 1,87 1,88 1,192 1,125 1,168 1,89 1,195 1,210 1,90 1,91 1,211 1,197 1,170 1,96 1,100 1,213 1,101 1,104 1,105 1,172 1,198 1,109 1,110 1,112 1,199 1,114 1,115 1,117 1,120 1,121 1,175 1,176 1,177 1,124 1,77 1,81 1,83 1,87 1,214 1,126 1,127 1,94 1,92 1,207 1,59 1,52 1,67 1,73 1,128 1,219 1,217 1,181 1,201 1,131 1,132 1,134 1,184 1,136 1,139 1,140 1,202 1,141 1,203 1
user_000452	15 1,1 1,2 1,3 1,4 1,12 1,7 1,17 1,8 1,9 1,145 0,146 1,19 1,21 1,22 1,153 1,149 1,150 1,25 1,151 1,28 1,29 1,30 1,31 0,32 1,33 1,34 1,35 1,36 1,37 1,28 0,29 0,30 0,31 0,32 0,33 0,34 0,35 0,36 0,37 0,38 0,207 1,205 1,40 1,189 0,43 1,44 1,156 1,157 1,47 1,49 1,51 1,52 1,60 1,54 1,62 1,55 1,63 1,56 1,57 1,74 1,65 1,66 1,67 1,68 1,70 1,71 1,72 1,73 1,75 1,160 1,79 1,80 1,81 1,83 1,85 1,86 1,88 1,168 1,193 1,209 1,169 0,196 1,90 1,127 0,197 1,92 1,171 1,93 1,95 0,96 1,99 1,102 1,103 1,105 1,106 1,172 1,107 1,108 1,110 1,113 1,114 1,174 1,115 1,117 1,118 1,120 1,177 1,122 1,123 1,178 1,124 1,83 1,125 1,126 1,94 1,207 1,59 1,56 1,67 1,73 1,219 1,179 1,129 1,180 1,130 1,217 1,131 1,132 1,134 1,184 1,135 1,136 1,185 1,137 1,138 1,139 1,141 1,142 1,216 1
user_000453	143 1,0 1,2 1,3 1,4 0,7 1,17 1,8 0,9 0,14 1,152 0,145 1,18 1,19 1,21 1,23 1,153 1,150 1,25 1,27 0,28 1,29 1,30 1,31 1,32 1,33 1,34 1,35 1,36 1,37 1,39 1,207 0,154 1,155 0,189 0,43 0,156 1,206 0,158 0,159 1,205 1,154 0,155 0,189 0,41 1,43 1,156 1,157 1,46 1,159 1,39 1,207 1,205 1,154 1,41 1,43 1,157 1,45 1,158 1,47 1,59 1,50 0,51 1,52 1,60 1,54 1,62 1,63 1,56 1,57 1,48 1,58 1,49 1,50 0,52 1,60 1,53 0,54 1,62 1,63 0,58 1,49 1,52 1,60 1,53 1,54 1,62 1,55 1,63 1,57 1,64 0,74 0,66 1,67 0,68 0,69 1,70 1,71 1,72 1,75 1,161 1,78 1,164 1,83 1,84 1,85 1,87 1,168 1,209 1,169 1,195 1,210 1,196 1,127 1,211 1,197 1,92 1,212 1,93 1,95 0,97 0,99 1,213 1,101 1,103 0,104 1,198 0,107 0,173 1,108 1,109 1,110 1,112 1,199 1,114 1,174 1,115 1,116 1,117 1,118 1,119 1,120 1,121 1,177 1,178 1,124 1,77 0,83 0,87 1,125 0,127 1,92 1,59 1,52 1,56 1,219 0,179 1,129 0,200 1,181 1,201 1,131 1,183 1,132 1,215 1,138 1,186 1,142 0,216 0,187 1
user_000454	0 1,11 0,15 0,1 1,4 1,16 1,5 1,12 1,8 1,9 1,10 1,143 1,0 1,11 1,4 1,16 1,12 1,7 1,17 1,8 1,28 1,29 1,30 1,31 1,32 1,33 1,34 1,35 1,36 1,37 1,38 1,205 1,154 1,189 1,41 1,44 1,206 1,158 1,46 1,159 1,48 1,49 1,59 1,50 1,51 1,60 1,61 1,54 1,55 1,56 1,74 1,65 1,67 1,68 1,69 1,70 1,71 1,72 1,73 1,75 1,160 1,76 1,77 1,78 1,79 1,208 1,83 1,84 1,191 1,192 1,125 1,166 1,167 1,218 1,194 1,195 1,127 1,211 1,171 1,94 1,99 1,213 1,102 1,106 0,172 1,108 1,109 1,112 1,199 1,113 1,115 1,116 1,117 1,118 1,119 1,120 1,176 1,122 1,123 1,124 1,77 1,81 1,83 1,87 1,125 1,127 1,94 1,59 1,52 0,56 1,67 1,73 1,219 1,129 1,180 1,217 1,201 1,131 1,182 1,132 1,133 1,134 1,215 1,136 1,185 1,137 1,186 1,202 1,203 1,187 1
user_000455	10 0,144 1,15 0,1 1,4 0,16 0,12 0,6 1,17 1,13 1,10 1,144 1,15 1,1 1,4 1,16 0,12 0,8 0,13 1,9 1,152 0,145 1,146 1,147 0,188 1,148 1,153 1,150 0,25 0,151 1,28 1,29 1,30 1,31 1,32 1,33 1,34 1,35 1,36 1,37 1,39 1,205 1,40 1,189 1,42 1,44 1,157 1,158 1,159 1,47 1,48 1,49 1,59 1,50 1,52 1,60 1,53 1,55 1,63 1,57 1,65 1,66 1,67 1,68 1,69 1,70 1,71 1,72 1,73 1,75 1,160 1,76 1,77 1,163 1,81 1,82 1,208 1,165 1,83 1,84 1,85 1,86 1,88 1,166 1,167 1,214 0,126 1,91 1,93 1,94 1,96 1,98 1,99 1,102 1,104 1,105 1,106 1,172 1,198 1,110 1,199 1,113 1,114 1,174 1,115 1,116 1,117 1,119 1,121 1,175 1,123 1,178 1,124 1,81 0,83 0,125 0,214 1,126 1,92 1,207 1,42 1,59 1,52 1,56 1,128 1,219 1,200 1,130 1,217 1,201 1,131 1,183 1,133 1,137 1,186 1,202 1,141 1,142 1,203 1,204 1
user_000456	10 1,143 1,15 1,2 1,4 1,5 1,7 1,17 1,13 0,14 0,18 1,146 1,21 1,22 1,188 1,148 1,24 1,153 1,151 0,27 1,28 1,29 1,30 1,31 0,32 0,33 1,34 1,35 1,36 1,37 1,28 1,29 1,30 1,31 0,32 0,33 1,34 0,35 1,36 0,37 0,58 1,49 1,59 1,51 1,53 1,62 1,55 1,63 1,56 1,57 1,64 1,65 1,67 1,68 1,69 1,70 1,71 1,72 1,73 1,75 1,161 1,81 1,165 1,83 1,85 1,87 1,191 1,166 1,167 1,218 1,214 1,209 1,195 1,90 1,127 1,91 1,211 1,170 1,212 1,94 1,96 0,98 1,99 1,213 1,102 1,104 1,105 1,106 0,198 1,173 1,108 1,109 1,110 1,111 0,112 1,199 1,114 1,115 1,116 1,117 1,118 1,119 1,120 1,121 1,122 1,123 1,87 1,214 1,127 0,94 1,92 1,59 1,56 1,128 0,179 1,200 1,130 1,131 0,133 1,184 1,136 1,137 1,139 1,140 1,186 1,202 1,142 1,216 0,204 1,187 1
user_000457	10 1,1 0,2 1,3 1,4 0,16 1,12 1,7 1,17 1,9 1,10 1,15 1,2 1,3 1,4 1,16 1,12 1,7 1,13 1,9 1,152 0,145 1,21 1,147 0,22 1,148 1,24 1,153 1,151 1,27 1,152 1,18 1,19 1,20 0,188 1,23 1,148 1,24 1,150 1,27 1,28 1,29 1,30 1,31 1,32 1,33 1,34 1,35 1,36 1,37 1,38 1,207 1,40 1,155 1,41 1,44 1,156 1,157 1,46 1,159 1,58 1,52 1,60 1,53 1,61 1,62 1,55 1,63 1,56 1,57 1,74 1,65 1,66 1,67 1,68 1,69 1,70 1,71 1,72 1,73 1,160 1,76 1,162 1,77 1,163 1,82 1,84 1,86 1,125 1,166 1,167 1,89 1,194 1,209 1,127 1,91 1,197 1,171 1,93 1,94 1,97 1,98 1,213 1,101 1,102 1,104 1,105 1,106 1,172 1,198 1,109 1,110 1,113 1,174 1,115 1,116 1,117 1,119 1,120 1,175 1,176 1,177 1,122 1,124 1,83 1,87 1,125 1,126 1,94 1,42 1,180 1,200 1,130 1,181 1,201 1,131 1,182 1,132 1,134 1,184 1,215 1,135 1,136 1,185 1,138 1,140 1,186 1,202 1,203 1,187 1
user_000458	10 0,144 0,1 0,3 1,4 0,5 1,6 1,7 0,13 0,9 0,152 1,18 1,146 1,20 1,22 1,23 1,148 1,25 0,151 1,27 1,152 0,18 0,146 1,20 0,188 1,23 1,149 1,25 1,26 1,151 1,19 0,20 1,21 0,22 0,188 1,148 1,149 1,150 1,25 1,27 1,28 1,29 1,30 1,31 1,32 0,33 1,34 1,35 1,36 1,37 1,28 1,29 1,30 1,31 1,32 1,33 1,34 1,35 1,36 1,37 1,39 1,207 1,40 0,155 1,189 1,43 1,44 1,156 1,46 1,47 0,39 1,154 1,155 1,189 1,42 1,44 1,156 1,157 1,206 1,159 1,48 1,58 1,59 1,50 1,52 1,60 1,61 1,63 1,56 1,57 1,74 1,65 1,66 1,67 1,68 1,70 1,71 1,72 1,73 1,75 1,160 1,161 1,76 1,77 1,81 1,82 1,83 1,85 1,86 1,191 1,88 1,166 1,89 1,193 1,209 1,126 1,196 1,90 1,127 1,171 1,96 0,100 1,213 1,101 1,102 1,103 1,105 1,107 1,173 1,110 1,111 1,112 1,115 1,118 0,119 1,120 1,176 1,177 1,123 1,178 1,124 1,77 1,87 1,125 0,214 1,126 1,127 0,56 1,73 1,219 1,179 1,130 1,217 0,181 1,201 1,183 1,184 1,215 1,135 1,136 1,185 1,138 1,139 1,140 1,186 1,202 1,142 1,203 1,216 1,204 1
user_000459	144 1,0 1,11 1,15 1,4 1,16 1,5 1,7 1,8 1,9 1,152 1,146 1,21 1,22 1,188 1,23 1,24 1,25 1,26 1,27 1,28 1,29 1,30 1,31 1,32 1,33 1,34 1,35 1,36 1,37 1,38 1,39 1,207 1,205 1,154 1,43 0,157 1,206 1,45 1,159 1,48 1,59 1,52 1,60 1,53 1,61 1,55 1,63 1,56 1,57 1,74 1,65 1,66 1,67 1,68 1,69 1,70 1,72 1,73 1,75 1,160 1,76 1,77 1,163 1,82 1,164 1,208 1,165 1,85 1,190 1,167 1,193 1,214 1,169 1,210 1,91 1,197 1,92 1,93 1,95 1,96 1,98 1,102 1,103 1,104 1,105 1,106 1,198 1,173 1,108 1,109 1,110 1,112 1,113 1,114 1,174 1,115 1,116 1,117 1,118 1,119 1,121 1,176 1,177 1,122 1,123 1,124 1,77 1,87 1,127 1,94 1,42 1,52 1,67 1,219 1,129 1,180 1,130 1,217 0,201 1,131 1,182 1,184 1,215 1,138 1,139 1,140 1,202 1,216 1,187 1
user_000460	143 1,0 0,15 1,3 1,4 0,12 1,6 1,7 1,9 1,14 1,152 1,145 1,146 1,21 1,22 1,153 1,149 1,25 1,26 1,27 1,28 1,29 1,30 1,31 1,32 1,33 1,34 1,35 1,36 1,37 1,40 1,155 1,189 1,41 1,42 1,44 1,156 1,206 1,46 1,159 1,48 1,58 1,59 1,50 1,52 1,61 1,54 1,62 1,55 1,56 1,64 0,74 1,65 0,66 1,68 1,69 1,70 1,71 1,72 1,73 1,160 1,161 1,162 1,79 1,164 1,84 1,87 1,192 1,193 1,194 1,126 1,196 1,90 1,127 1,170 1,212 1,171 1,93 1,94 1,95 1,98 1,99 1,100 1,101 1,102 1,104 1,172 1,198 1,173 1,108 1,110 1,112 1,113 1,114 1,174 1,115 1,117 1,118 1,119 1,120 1,121 1,175 1,177 1,123 1,178 1,124 1,77 1,83 1,87 1,126 1,92 1,42 1,59 1,56 1,67 1,128 1,200 1,130 1,201 1,131 1,182 1,134 1,184 1,136 1,185 1,137 1,138 1,140 1,142 1,204 1
user_000461	10 1,0 1,11 0,15 1,3 1,12 1,6 1,17 0,9 1,14 1,144 1,0 1,15 1,1 1,3 1,5 1,12 1,6 1,17 1,8 0,144 1,11 1,1 1,3 1,4 1,5 1,12 1,6 1,7 1,9 1,145 1,146 1,21 1,22 1,188 1,23 1,148 1,153 1,25 1,26 1,28 1,29 1,30 1,31 1,32 0,33 0,34 1,35 0,36 1,37 1,28 1,29 1,30 1,31 1,32 1,33 1,34 1,35 0,36 1,37 1,28 1,29 1,30 1,31 1,32 1,33 1,34 1,35 1,36 1,37 1,39 1,205 1,155 1,189 1,42 1,44 1,156 1,157 1,159 1,47 1,48 1,59 1,51 1,52 0,53 1,61 1,62 1,55 1,63 1,57 1,64 1,74 1,65 1,66 1,67 1,68 1,70 0,71 1,72 0,75 1,74 1,65 1,66 1,67 1,68 1,69 0,71 1,72 1,73 1,75 1,64 1,65 1,66 1,67 1,68 1,69 1,70 1,71 1,72 1,73 1,160 1,161 1,76 0,77 1,78 1,79 1,81 1,164 1,83 1,84 1,87 1,193 1,209 1,169 1,126 1,210 1,90 1,170 1,171 1,94 1,96 1,98 1,99 1,213 1,101 1,102 1,103 1,104 1,105 1,107 1,173 1,110 1,112 1,199 1,113 1,114 1,120 1,121 1,176 1,177 1,123 1,178 1,124 0,124 1,77 1,125 1,126 1,127 1,94 1,42 1,59 1,52 1,67 1,73 1,128 1,219 1,179 1,180 1,217 1,181 1,131 1,183 1,133 1,134 1,135 1,137 1,139 1,140 1,216 1,187 1
user_000462	10 1,0 1,15 1,2 1,3 1,16 1,12 1,7 1,8 1,14 1,146 1,19 1,21 1,147 1,22 1,148 1,153 1,150 1,26 1,27 1,28 1,29 1,30 1,31 1,32 1,33 1,34 1,35 1,36 1,37 1,39 1,154 1,155 1,189 1,42 1,43 1,156 1,157 1,45 1,159 1,48 1,58 1,59 1,51 1,60 1,53 1,62 1,63 1,56 1,57 0,64 1,74 1,65 1,66 0,67 1,68 0,70 1,71 1,73 1,75 1,160 1,161 1,76 1,79 1,164 0,85 1,190 1,87 1,191 1,88 0,192 1,125 1,168 1,209 1,169 1,210 1,196 1,92 1,170 1,212 1,96 0,98 0,99 1,100 1,101 1,104 1,172 1,173 1,108 1,109 1,110 1,112 1,114 1,115 1,118 1,119 1,121 1,175 1,176 0,178 1,124 1,83 1,87 1,214 1,92 1,207 1,59 1,56 1,67 1,128 0,180 1,217 0,181 1,201 1,131 1,182 1,183 0,132 1,184 1,135 1,136 1,185 1,137 1,138 1,139 1,202 1,142 1,203 1,204 1,187 1
user_000463	144 1,11 0,15 1,1 1,4 1,6 1,7 0,17 0,9 0,14 0,144 1,0 1,15 1,2 0,4 1,16 1,7 1,17 1,8 0,14 1,10 1,143 0,144 1,15 1,1 1,16 1,5 1,12 0,9 1,14 1,145 0,19 0,147 1,22 0,188 0,148 1,153 1,149 1,25 0,27 1,152 1,145 1,18 0,147 1,188 0,23 0,153 1,150 0,26 0,151 0,18 1,19 0,21 1,147 1,22 1,23 0,148 1,153 0,25 0,26 1,28 1,29 1,30 1,31 1,32 0,33 1,34 1,35 1,36 1,37 1,38 1,39 1,154 1,155 1,189 0,43 1,44 0,156 1,206 1,158 1,48 1,59 0,50 1,51 1,60 1,53 1,61 0,54 1,62 0,63 1,58 1,49 1,59 1,50 1,60 1,53 1,61 1,62 1,63 1,57 1,64 1,74 1,65 1,66 1,67 1,68 0,71 0,72 1,73 1,75 1,64 1,74 1,65 1,66 1,68 0,69 0,70 0,71 1,72 1,73 1,64 1,74 1,65 1,67 1,68 0,69 1,70 1,71 1,72 1,73 1,160 1,77 0,78 1,79 1,163 1,81 1,165 1,83 1,84 1,190 1,88 0,166 1,168 1,89 1,209 1,210 1,90 1,197 1,92 1,95 0,98 1,99 1,100 1,102 0,105 1,106 1,172 1,198 1,107 1,108 1,109 1,110 1,112 0,199 1,114 0,174 1,117 1,118 1,121 1,176 1,122 1,178 1,124 1,124 1,125 0,94 1,207 1,59 1,52 1,67 1,73 1,219 1,179 1,129 1,180 1,130 1,217 1,181 1,201 1,131 1,183 1,132 1,133 1,184 1,215 1,135 1,137 1,186 1,141 1,187 0
user_000464	10 1,143 1,11 0,15 1,3 0,5 1,6 1,17 0,8 0,14 1,143 1,15 1,1 1,3 1,4 1,16 0,5 1,6 1,7 1,14 1,18 0,146 1,20 1,147 1,188 1,24 1,153 1,149 1,26 1,151 1,28 0,29 0,30 0,31 0,32 1,33 0,34 1,35 1,36 1,37 0,28 1,29 1,30 0,31 0,32 1,33 1,34 1,35 1,36 1,37 1,28 1,29 1,30 1,31 0,32 1,33 1,34 1,35 1,36 1,37 1,154 1,155 1,189 1,41 0,42 0,44 1,156 1,206 1,46 0,47 0,38 1,39 1,207 1,154 1,155 1,44 1,156 1,45 1,158 0,46 1,58 0,49 1,59 1,51 1,52 0,60 1,53 1,54 1,56 1,57 1,64 1,74 0,65 1,67 1,68 1,69 1,70 1,71 1,72 1,73 1,162 1,77 1,208 1,83 1,84 1,85 1,87 1,88 0,166 1,167 1,168 0,193 1,194 0,214 1,169 1,210 1,127 1,170 1,212 1,94 1,96 1,213 1,101 1,102 0,104 1,172 1,198 1,107 1,108 1,111 1,199 1,113 1,174 1,115 1,116 1,118 1,121 0,175 1,177 1,124 1,81 1,83 1,87 1,214 1,126 1,127 1,94 1,92 1,207 1,128 1,219 1,129 1,200 1,130 1,181 1,201 1,131 1,182 1,183 1,132 1,184 0,215 1,136 1,137 1,140 1,141 1,142 1,203 1,216 1,187 1
user_000465	144 1,0 0,15 1,1 1,2 1,16 1,5 1,7 1,8 1,13 1,145 1,18 0,146 1,19 1,188 1,148 1,24 1,149 1,25 1,151 1,28 1,29 0,30 0,31 0,32 0,33 1,34 1,35 1,36 1,37 1,28 1,29 1,30 1,31 1,32 1,33 1,34 1,35 1,36 1,37 1,48 1,58 1,49 1,50 1,60 1,53 1,54 1,55 1,56 1,57 1,64 1,74 1,65 0,67 0,68 1,69 1,71 1,72 1,73 0,75 1,64 1,74 1,65 1,66 1,67 0,70 1,71 1,72 1,73 0,75 1,64 1,74 1,65 1,66 1,68 1,69 1,71 1,72 1,73 0,75 1,160 1,76 1,162 1,77 1,80 1,82 1,83 1,85 0,87 1,125 1,218 1,193 1,195 1,210 1,90 1,127 1,91 1,170 1,212 1,94 1,98 1,99 1,102 1,103 1,104 1,106 1,172 1,198 1,107 1,111 1,199 1,114 1,174 1,116 1,117 1,118 1,121 1,175 1,176 1,122 1,123 1,178 1,124 1,124 1,83 1,87 1,125 1,126 1,92 1,207 1,56 1,219 0,129 1,180 1,200 1,130 1,201 0,183 1,132 1,133 1,134 1,215 1,135 1,185 1,137 1,138 0,141 1,216 1,204 0,187 0
user_000466	10 1,143 1,15 1,2 0,4 1,16 1,5 0,12 1,6 1,14 1,143 0,144 0,0 0,11 0,1 0,16 0,5 0,6 0,17 0,14 0,143 1,11 0,15 1,1 1,2 0,16 1,12 1,6 1,8 0,9 1,18 1,146 1,19 1,21 1,22 1,23 1,24 1,149 1,150 1,26 1,28 0,29 0,30 1,31 0,32 0,33 0,34 0,35 1,36 1,37 1,28 1,29 1,30 1,31 0,32 1,33 1,34 1,35 1,36 1,37 1,28 1,29 1,30 1,31 1,32 1,33 1,34 1,35 1,36 1,37 1,207 1,40 1,155 1,41 0,42 1,156 1,157 1,158 0,46 1,159 1,39 1,207 1,40 1,155 1,189 0,43 0,44 1,206 0,158 1,47 1,38 0,205 0,154 0,40 1,42 1,157 1,206 1,158 1,46 1,159 1,58 1,59 0,51 1,52 1,60 1,53 0,61 0,62 1,55 1,63 1,48 1,50 1,51 1,52 1,60 1,61 1,54 1,62 1,63 1,57 1,64 1,74 1,65 1,66 1,68 1,70 1,71 1,72 1,73 1,75 1,161 1,78 1,81 1,208 1,83 1,191 1,125 1,166 1,218 0,194 0,214 1,126 0,195 1,196 0,90 1,127 1,91 1,212 0,171 1,95 1,96 1,101 1,104 1,172 1,198 1,173 1,109 1,111 1,199 1,114 1,174 1,115 1,117 1,119 1,121 1,175 0,176 1,122 1,178 1,83 1,87 1,214 1,126 1,94 1,207 1,42 1,59 1,52 0,219 1,179 1,129 1,180 1,200 1,130 1,201 1,131 1,133 0,134 1,184 1,215 1,135 0,185 1,137 1,138 1,139 1,140 1,186 1,142 0,204 1,187 1
user_000467	10 1,0 1,11 1,15 1,1 1,16 1,7 1,17 1,8 1,9 1,145 1,146 1,20 0,21 1,22 1,23 1,24 1,153 0,150 0,151 1,152 1,145 1,18 1,20 1,147 1,23 0,149 1,26 1,151 1,27 1,28 1,29 1,30 1,31 1,32 1,33 1,34 1,35 1,36 1,37 1,39 1,154 1,40 1,189 1,41 1,156 1,45 1,158 1,46 1,159 1,48 1,58 1,49 1,59 1,52 0,54 1,62 1,55 1,56 1,57 1,48 1,59 0,51 1,60 1,53 1,62 0,55 1,63 1,56 1,57 1,64 1,74 0,67 0,68 0,69 1,70 1,71 1,72 1,73 1,75 1,74 0,65 0,66 1,67 0,68 1,69 1,70 1,71 1,72 1,73 1,160 1,161 1,76 1,162 1,77 1,81 1,82 1,208 1,165 1,83 1,84 1,191 1,192 1,125 1,209 1,196 1,197 1,171 1,93 1,95 1,96 0,100 1,213 1,102 1,105 1,172 1,198 1,173 1,108 1,111 1,199 1,113 1,114 1,174 1,117 1,118 1,119 1,120 0,177 1,178 1,77 0,81 1,126 1,94 1,92 1,59 1,56 0,73 1,219 0,179 1,129 1,180 1,200 1,217 1,181 1,201 1,133 1,184 1,215 1,135 1,136 1,185 1,139 1,140 1,202 1,141 1,142 1,203 1,216 1,204 1
user_000468	10 1,0 1,2 1,3 0,4 1,5 0,12 0,6 1,7 1,13 1,145 1,18 1,21 0,22 0,188 0,23 1,150 1,25 1,26 1,151 1,28 1,29 1,30 1,31 1,32 0,33 1,34 1,35 1,36 1,37 1,28 1,29 1,30 1,31 1,32 1,33 1,34 1,35 1,36 1,37 1,38 1,39 1,207 0,205 1,40 1,43 1,206 0,158 1,46 1,47 1,48 1,58 0,49 1,59 1,50 1,53 1,54 1,62 0,55 1,63 1,64 1,74 1,65 1,67 0,69 1,70 1,71 1,72 1,73 1,75 1,160 1,77 0,79 1,165 1,84 1,87 1,192 1,166 1,89 1,218 1,193 1,194 1,209 1,196 1,90 1,91 1,211 1,92 1,93 1,94 1,97 1,98 1,99 1,104 1,172 1,108 1,109 1,110 1,112 1,199 1,113 1,114 1,174 1,116 1,117 1,118 1,119 1,120 1,121 1,176 1,122 1,123 1,178 1,124 1,77 1,81 1,87 1,125 1,42 1,59 1,52 1,56 0,128 1,219 1,180 1,217 0,181 1,183 1,133 1,134 1,215 1,136 1,185 1,139 1,186 1,141 1,142 1,203 1,216 1,187 1
user_000469	10 0,144 0,15 1,2 0,3 0,16 0,6 0,7 0,17 1,13 1,152 0,18 0,19 1,20 1,21 1,149 1,150 0,26 0,151 1,27 1,152 0,18 0,20 1,21 1,22 0,24 0,149 0,150 1,26 1,151 0,28 1,29 1,30 1,31 1,32 1,33 1,34 1,35 1,36 1,37 1,38 1,205 1,154 1,40 0,41 1,44 1,45 1,158 1,46 1,159 1,64 0,74 1,65 0,66 1,67 1,69 1,71 1,72 1,73 1,75 1,161 1,162 1,78 1,163 1,81 1,165 1,86 1,191 1,88 1,125 0,168 1,89 1,218 1,169 1,210 1,211 1,212 1,171 1,93 1,94 1,96 1,98 1,99 1,100 1,213 1,102 1,103 1,198 1,173 1,109 1,110 1,111 1,112 1,199 1,113 1,114 1,118 1,119 1,120 1,175 1,177 1,122 1,123 1,178 1,124 1,77 0,83 1,214 1,126 1,92 1,42 1,59 1,52 1,67 1,128 1,219 1,179 1,129 1,180 1,182 1,183 1,132 1,133 1,215 1,135 1,139 1,202 1,141 1,203 1,204 1
user_000470	152 1,145 1,19 1,20 0,21 0,148 1,24 1,25 1,151 1,27 1,152 1,20 1,21 1,147 1,22 1,23 0,148 1,24 1,153 1,27 1,152 0,145 1,146 1,20 1,188 1,24 1,153 1,150 1,26 1,151 1,28 1,29 1,30 0,31 0,32 1,33 1,34 1,35 1,36 1,37 1,28 1,29 1,30 1,31 1,32 1,33 1,34 1,35 1,36 1,37 1,38 1,207 1,205 1,154 1,42 1,44 1,157 0,206 1,158 1,46 1,64 1,74 1,65 1,66 1,67 0,68 0,69 1,71 1,73 1,75 1,64 1,65 1,66 1,67 1,68 0,69 1,70 0,71 1,73 1,75 1,64 1,74 1,66 1,68 1,69 1,70 1,71 1,72 1,73 1,75 1,160 1,162 1,82 1,164 1,83 1,87 1,191 1,88 0,192 1,166 1,168 1,193 1,209 1,169 1,126 1,91 1,92 1,212 1,93 1,94 1,96 1,97 1,98 1,100 1,213 1,102 1,104 1,172 1,107 1,110 1,111 1,114 1,174 1,117 1,120 0,175 1,177 1,122 1,123 1,178 1,124 1,124 1,81 0,125 1,126 1,94 1,92 1,207 1,42 1,59 1,67 1,73 1,219 0,180 1,181 1,131 0,182 1,183 1,133 1,184 1,215 1,135 1,185 1,137 1,202 1,141 1,142 1,203 1,216 1,204 1
user_000471	143 1,144 1,11 1,15 1,3 1,16 1,12 1,6 1,8 1,14 1,18 0,146 1,19 1,21 0,22 1,153 1,149 1,150 1,25 1,26 1,145 1,146 1,19 1,21 1,188 1,23 1,148 1,149 1,150 1,27 1,28 1,29 1,30 1,31 1,32 1,33 1,34 1,35 1,36 1,37 1,38 1,39 1,205 1,40 1,189 1,43 0,156 1,206 1,158 1,47 1,39 1,205 1,40 1,155 1,42 1,43 1,156 1,206 1,159 1,47 1,59 1,50 1,51 1,52 1,60 1,61 1,54 1,62 1,55 1,56 1,64 1,74 1,66 0,67 1,68 1,69 1,70 1,72 0,73 1,75 1,64 0,65 1,66 1,67 1,68 1,69 1,70 1,71 1,73 1,75 1,77 1,79 1,163 1,80 1,81 1,164 1,165 1,84 0,190 1,191 1,88 1,166 1,167 1,168 1,89 1,126 1,210 1,196 1,211 1,94 1,97 1,98 1,99 1,100 1,213 1,102 1,103 0,172 1,198 1,173 1,108 1,110 0,111 1,118 1,120 1,175 1,122 1,124 1,77 1,81 1,83 1,214 1,127 1,94 1,92 1,207 1,42 1,59 1,52 1,73 1,128 1,219 1,179 1,180 1,200 1,217 1,181 1,182 1,183 1,132 1,134 1,184 1,215 1,136 1,138 1,140 1,141 1,203 1,204 1,187 1
user_000472	143 1,0 1,11 1,15 1,4 0,5 0,7 1,13 1,9 1,14 1,10 1,143 1,15 1,3 0,4 0,5 1,17 1,13 1,9 1,14 1,145 1,19 0,21 1,147 1,22 1,24 1,149 1,150 1,26 1,151 1,28 1,29 1,30 1,31 1,32 0,33 1,34 1,35 0,36 1,37 1,39 1,205 1,154 1,40 1,155 1,43 1,156 1,206 1,45 1,158 1,48 1,58 1,49 1,51 1,60 1,53 1,61 1,54 1,63 1,56 1,74 1,65 1,66 1,67 1,68 1,69 1,70 1,71 1,73 1,75 1,161 1,77 1,78 1,80 1,164 1,208 1,84 1,85 1,87 1,88 0,125 0,166 1,193 1,194 1,90 1,127 1,91 1,211 1,170 1,212 0,97 1,98 0,213 1,105 1,172 0,109 1,110 0,111 0,113 1,174 1,115 1,116 1,117 1,118 1,119 1,120 1,176 1,177 1,122 1,124 1,124 1,77 0,83 1,87 1,214 1,127 1,207 1,52 1,56 1,67 0,73 1,128 1,219 1,179 1,129 1,180 1,200 1,130 1,201 1,131 1,182 1,183 1,132 1,134 1,185 1,139 1,140 1,186 1,202 1,187 1
user_000473	144 0,11 1,2 1,3 1,4 1,16 1,5 1,12 1,6 1,14 1,144 1,11 1,1 1,3 1,4 1,16 1,6 1,7 1,13 1,14 1,145 1,146 1,20 0,21 1,188 1,149 1,150 1,25 0,26 0,151 0,152 1,18 1,146 1,19 1,22 1,148 1,153 1,25 1,26 1,27 1,28 1,29 1,30 1,31 1,32 1,33 1,34 1,35 1,36 1,37 1,38 1,39 1,205 1,154 1,40 1,44 1,45 1,158 1,46 1,47 1,48 1,49 1,50 1,51 1,52 1,60 1,53 1,54 1,62 1,63 1,64 1,74 1,66 1,67 1,69 1,70 1,71 1,72 1,73 1,75 1,160 1,161 1,77 1,80 1,81 1,164 1,83 1,87 1,88 0,166 1,168 1,193 1,194 1,214 1,209 1,126 1,210 1,196 1,91 1,95 1,96 0,98 1,99 1,100 1,213 1,101 1,103 1,104 1,105 1,106 0,198 1,173 1,109 1,110 1,111 1,112 1,199 1,113 1,115 1,118 0,121 1,176 1,122 0,124 1,77 1,81 1,83 1,87 1,125 1,126 1,127 1,94 1,207 1,42 1,59 1,56 1,67 1,73 1,219 1,129 1,180 1,181 1,132 1,135 1,136 1,137 1,138 1,140 1,216 1,204 1
user_000474	15 1,1 1,2 1,3 1,4 1,16 1,5 1,12 1,17 1,13 1,152 1,18 1,20 0,147 1,188 1,23 0,148 0,153 1,149 1,150 1,18 0,20 1,147 1,22 1,188 1,148 1,153 1,26 1,151 0,27 1,145 1,18 1,146 1,20 1,147 1,24 1,153 1,150 1,25 1,27 1,28 1,29 1,30 1,31 1,32 1,33 1,34 1,35 0,36 1,37 1,28 1,29 1,30 1,31 1,32 1,33 1,34 1,35 0,36 1,37 1,28 1,29 1,30 1,31 1,32 1,33 1,34 1,35 1,36 1,37 1,39 1,207 1,205 1,154 1,40 1,44 0,206 0,158 1,46 1,47 1,38 1,207 1,205 1,40 1,155 1,43 1,157 1,158 1,159 1,47 1,49 1,59 1,50 1,51 1,61 1,62 1,55 1,63 1,56 1,57 1,64 1,74 1,65 1,66 1,69 1,70 1,71 1,72 1,73 1,75 1,160 1,79 1,82 1,164 1,208 1,165 1,83 1,84 1,87 1,125 1,89 1,218 1,214 1,210 1,127 1,91 1,211 1,92 1,93 1,95 1,96 1,97 1,99 1,100 1,101 1,104 1,105 1,106 1,198 1,107 0,173 1,108 1,109 1,110 0,111 1,112 1,113 1,174 1,115 1,120 0,121 1,177 1,122 1,124 1,124 1,77 0,81 0,126 1,42 1,67 1,73 1,128 1,179 1,129 1,200 1,217 1,201 1,131 1,183 1,132 1,133 1,134 1,215 1,135 1,136 1,185 1,202 1,203 1,204 1,187 0
user_000475	10 1,1 1,2 1,3 1,4 1,16 1,8 1,13 1,9 1,14 1,18 1,146 1,21 1,147 1,22 0,24 1,149 1,26 1,151 1,27 1,152 1,18 1,146 1,147 1,22 1,23 1,148 1,24 1,153 1,26 1,28 1,29 1,30 1,31 1,32 1,33 1,34 1,35 1,36 1,37 1,38 1,205 1,40 1,155 1,41 1,43 1,44 1,157 1,158 1,47 1,48 1,59 1,50 1,52 1,60 1,61 1,62 1,55 1,63 1,56 1,64 1,65 1,66 1,67 1,68 1,69 1,70 1,71 1,72 1,75 1,160 1,162 1,77 1,80 1,81 1,82 1,208 1,190 1,192 1,166 1,168 1,194 1,214 1,209 1,126 1,127 1,170 1,212 1,94 1,95 1,96 1,97 1,100 1,101 1,103 1,106 0,172 1,198 1,107 1,173 1,111 1,112 1,199 1,114 1,115 1,116 1,118 1,119 1,120 1,124 1,77 1,81 1,83 1,87 1,214 1,126 1,92 1,207 1,59 1,52 1,56 1,73 1,128 1,219 0,179 1,130 1,217 1,131 1,183 1,133 1,184 1,135 1,185 1,138 1,139 1,141 1,203 1,216 1,204 1,187 1
user_000476	143 0,0 1,15 1,3 0,4 1,5 0,7 1,17 1,9 1,14 1,0 1,15 1,2 0,3 0,4 0,6 0,17 1,8 0,9 1,14 1,10 0,144 1,0 1,15 1,3 1,16 1,7 1,8 1,13 1,9 1,152 0,18 1,146 1,19 1,188 1,148 1,149 1,150 1,25 1,26 1,28 1,29 1,30 1,31 1,32 1,33 1,34 1,35 1,36 1,37 1,205 1,40 1,155 1,189 1,42 1,44 1,156 1,157 1,45 1,46 1,58 1,59 1,51 1,52 1,53 1,61 1,54 1,62 1,56 1,57 1,64 1,74 1,66 1,67 1,68 1,69 1,70 1,71 1,73 1,75 1,64 1,74 1,65 1,66 1,68 1,69 1,70 1,71 1,72 1,75 1,162 1,79 1,163 1,82 1,164 1,165 0,86 1,190 1,191 1,88 0,167 0,218 1,194 0,214 0,209 1,127 1,197 1,170 1,93 1,95 0,97 1,98 1,100 1,213 1,101 1,104 1,105 1,106 1,198 1,173 1,108 1,110 1,111 1,112 1,199 1,113 1,114 1,116 1,118 1,120 1,121 1,177 1,122 1,83 1,125 1,214 1,94 1,207 1,42 1,52 1,56 1,73 1,128 1,219 1,129 1,200 1,130 1,217 1,131 1,132 1,133 1,215 1,135 1,136 1,137 1,202 1,141 1,142 1,203 1,187 1
user_000477	10 1,15 1,1 1,2 1,4 1,12 1,6 1,7 1,8 1,14 1,152 1,145 1,18 1,146 1,19 1,153 1,150 1,25 1,26 1,151 1,28 1,29 1,30 1,31 1,32 1,33 1,34 1,35 1,36 1,37 1,38 1,205 1,40 1,189 1,41 1,44 1,156 1,157 1,206 1,46 1,49 1,59 1,50 1,52 1,53 1,61 1,62 1,55 1,63 1,56 1,64 1,74 1,65 1,67 0,68 1,69 1,70 1,71 1,73 1,75 1,64 1,74 1,65 1,66 1,67 1,69 1,71 1,72 1,73 1,75 1,160 1,161 1,76 1,77 1,78 1,79 1,163 1,82 1,208 0,87 1,88 1,192 1,125 1,167 1,89 1,218 1,194 1,127 1,92 1,94 1,96 1,97 1,98 1,100 1,101 1,102 1,103 1,172 1,108 1,109 1,110 1,111 1,199 1,174 1,115 1,116 1,117 1,118 1,120 1,176 1,177 1,122 1,178 1,124 1,81 1,214 1,126 1,127 1,94 1,92 1,207 1,42 1,67 1,179 1,129 1,180 1,200 1,130 1,217 1,181 1,182 1,132 0,184 1,215 1,136 1,137 1,186 1,142 1,216 1,204 0
user_000478	10 1,143 1,15 1,3 0,4 0,16 0,5 1,12 1,9 1,14 1,144 1,0 1,1 1,2 0,3 1,16 1,6 1,17 0,8 1,9 0,143 1,1 1,2 1,3 1,4 0,12 1,7 0,8 1,9 1,14 1,152 1,18 1,146 1,21 1,22 1,23 1,149 1,150 1,151 1,27 0,28 1,29 1,30 1,31 1,32 1,33 0,34 0,35 1,36 1,37 1,28 1,29 1,30 1,31 1,32 1,33 1,34 1,35 1,36 1,37 1,38 1,207 0,154 0,41 1,42 1,43 1,156 1,46 1,159 0,47 1,58 1,49 1,59 1,51 1,60 0,53 1,62 0,55 0,63 1,57 1,58 0,49 1,50 1,52 1,60 0,62 0,55 1,63 1,56 1,57 1,64 1,74 0,65 1,66 0,67 0,68 1,71 0,72 0,73 1,75 1,74 1,65 1,66 1,67 0,68 1,69 1,70 1,72 0,73 1,75 1,161 1,76 1,77 0,78 1,79 1,163 1,82 1,208 1,83 1,190 1,191 1,192 1,166 1,193 1,194 1,209 1,197 1,92 1,212 1,94 1,97 1,98 1,99 1,213 1,103 0,104 1,105 1,198 1,107 0,109 0,199 1,113 1,114 1,116 1,117 1,121 0,176 1,81 1,83 0,87 1,125 1,214 1,127 1,92 1,42 1,59 0,56 1,73 1,179 1,129 1,180 1,200 1,201 0,131 1,183 1,133 0,184 1,215 1,136 0,185 0,137 1,138 1,139 1,140 0,186 0,202 0,141 0,203 1,216 1,204 1
user_000479	10 0,11 1,15 1,1 1,3 0,12 1,6 1,17 1,13 1,14 1,143 1,144 1,15 1,1 1,2 1,5 0,7 1,13 1,9 1,14 1,152 1,145 1,146 1,20 1,21 1,23 1,24 1,153 1,150 1,151 1,28 1,29 1,30 1,31 1,32 1,33 1,34 1,35 1,36 1,37 1,39 1,40 1,155 1,189 1,42 1,43 1,156 1,158 1,46 1,47 1,48 1,58 0,49 1,59 1,50 1,61 1,54 1,62 1,55 0,56 1,64 1,74 1,66 1,67 1,68 1,69 1,70 1,71 1,72 1,75 1,79 1,82 1,164 0,85 1,190 1,191 1,168 1,89 1,218 1,209 1,196 1,127 1,91 1,211 1,197 1,92 1,212 1,171 1,93 1,95 1,97 1,99 1,100 1,213 1,101 1,103 1,104 1,106 1,172 1,107 1,108 1,109 1,110 1,111 1,112 1,117 1,121 1,175 1,177 1,123 1,124 0,124 1,77 1,81 1,125 1,127 1,92 1,59 1,52 1,56 1,67 1,219 1,179 1,130 1,181 1,131 1,183 1,133 1,184 1,136 0,185 1,137 1,138 1,140 1,186 1,202 0,141 1,203 1,216 1,187 1
user_000480	10 1,144 1,0 1,15 1,3 1,12 1,7 1,17 1,8 1,14 1,152 1,18 1,20 1,22 1,188 1,23 1,24 1,153 1,150 1,26 1,28 1,29 1,30 1,31 1,32 1,33 1,34 1,35 1,36 1,37 1,38 1,207 1,154 1,155 1,42 1,44 0,206 1,158 1,46 1,47 1,38 1,39 1,154 1,189 1,41 1,43 1,44 1,206 1,45 1,47 1,48 1,58 1,49 1,50 1,52 0,60 1,53 1,54 1,55 1,56 1,64 0,65 1,67 1,68 1,69 1,70 1,71 1,72 1,73 1,75 1,160 1,161 0,162 1,81 1,82 1,165 1,86 1,87 1,88 1,166 1,168 1,218 1,194 0,214 0,126 1,195 1,196 1,127 1,91 1,95 1,98 0,99 1,100 1,213 1,102 1,103 0,172 0,107 1,173 1,108 1,109 1,110 0,112 1,199 1,114 1,174 1,120 1,175 1,177 1,122 1,124 1,77 0,83 0,125 0,214 1,94 1,92 0,42 1,56 1,67 1,128 1,219 0,129 1,180 1,217 1,131 1,182 1,132 1,134 1,215 1,135 1,136 1,185 1,137 1,139 1,186 1,202 1,203 1,204 1,187 1
user_000481	10 1,143 1,0 1,2 1,4 0,6 1,8 1,13 1,9 1,14 1,145 1,18 1,146 1,19 1,22 1,149 1,150 1,25 1,26 1,151 1,28 1,29 1,30 1,31 1,32 1,33 1,34 1,35 1,36 1,37 1,39 1,207 1,205 1,155 1,42 1,156 1,157 1,158 1,46 1,47 1,49 1,59 1,50 1,51 1,52 1,60 1,54 1,62 1,55 1,63 1,64 1,65 1,66 1,67 0,68 1,69 1,70 1,71 1,72 1,75 1,74 1,65 1,66 0,68 1,69 1,70 1,71 1,72 1,73 1,75 1,64 0,65 0,66 1,67 1,68 0,69 1,71 1,72 1,73 0,75 1,76 1,77 1,78 1,163 1,80 1,164 1,84 1,85 1,88 1,192 1,89 1,218 1,193 1,195 1,210 1,196 1,127 1,91 1,211 1,170 1,98 1,213 1,104 1,106 1,107 1,110 0,112 1,113 1,174 1,115 1,117 1,118 1,121 1,123 1,124 1,77 1,83 1,125 1,214 1,127 0,94 1,207 1,42 1,52 1,56 1,67 1,219 1,179 1,180 1,200 1,130 1,217 0,201 1,182 1,183 1,132 0,133 1,134 1,184 1,135 1,185 1,137 1,140 1,186 1,202 1,141 1,142 1,203 1,216 1,204 1
user_000482	10 1,143 1,11 1,15 1,3 1,16 1,5 1,7 1,17 1,13 1,152 1,145 1,146 1,19 1,188 1,148 1,149 1,150 1,25 1,27 1,28 1,29 1,30 1,31 1,32 0,33 1,34 1,35 1,36 1,37 1,38 1,154 1,40 1,41 1,42 1,43 1,156 1,206 1,45 1,158 1,48 1,58 0,49 1,50 1,51 1,53 1,54 1,62 1,55 1,63 1,48 1,58 1,49 1,51 1,52 1,60 1,53 1,61 1,63 1,56 0,48 0,49 1,59 1,50 1,51 1,62 1,55 1,63 0,56 1,57 1,64 1,74 1,65 1,66 1,68 1,69 1,70 1,71 1,72 1,73 0,64 1,74 1,65 1,67 1,68 1,69 1,71 1,72 1,73 1,75 1,77 1,164 1,208 1,165 1,83 1,86 1,167 1,89 1,218 1,214 1,195 1,210 1,196 1,211 1,197 1,92 1,170 1,212 1,94 1,95 1,96 1,100 1,213 1,102 1,105 1,198 1,107 1,173 1,108 1,109 1,110 1,111 1,174 1,115 1,116 1,117 1,118 1,121 1,123 1,178 1,124 1,77 1,81 1,83 0,214 1,126 1,94 1,92 1,207 1,73 1,219 1,180 1,130 0,217 1,181 1,201 1,131 1,183 1,132 1,133 1,134 1,185 1,138 1,139 1,140 1,186 1,202 1,141 1,142 1,203 1
user_000483	143 1,0 1,11 1,15 1,1 1,5 1,12 1,6 1,7 1,8 1,152 1,145 1,146 1,19 1,21 1,148 1,24 1,153 1,26 1,151 1,28 1,29 0,30 1,31 1,32 1,33 1,34 1,35 1,36 1,37 1,28 1,29 1,30 1,31 1,32 1,33 1,34 1,35 1,36 1,37 1,28 1,29 1,30 1,31 1,32 1,33 0,34 1,35 1,36 1,37 1,38 1,39 1,205 1,154 1,42 1,43 1,44 1,156 1,46 1,159 1,48 1,59 1,50 1,51 1,60 1,54 0,62 1,55 1,63 1,56 1,48 1,58 1,49 1,50 1,52 1,60 1,61 1,54 1,62 1,63 1,64 1,74 1,65 1,67 1,68 1,69 1,70 1,71 1,72 1,75 1,78 1,79 1,163 1,80 1,208 1,83 1,85 1,86 1,87 1,191 1,125 1,89 1,193 1,169 1,126 1,210 1,90 1,91 1,171 1,95 1,96 0,98 1,213 1,101 1,103 1,104 1,172 0,198 1,173 0,109 1,111 1,113 1,114 1,115 1,116 1,119 1,120 1,175 1,176 1,177 1,122 1,123 1,124 1,124 1,77 1,87 1,125 1,207 1,42 1,56 1,73 1,219 0,129 1,180 1,181 1,183 1,132 1,133 1,134 1,184 1,215 1,135 1,185 1,138 1,139 1,140 1,186 1,141 1,142 1,216 1
user_000484	10 1,11 0,15 1,1 1,3 1,16 1,5 1,6 1,8 0,14 0,0 1,11 1,15 1,1 1,3 1,16 1,12 1,6 0,17 1,14 0,143 1,0 1,15 1,1 1,4 1,5 1,12 1,7 1,8 1,14 1,145 1,18 0,20 1,147 1,22 1,23 1,24 0,150 0,26 0,151 0,145 1,18 0,20 1,21 0,22 1,148 1,24 1,153 1,150 0,26 1,28 1,29 1,30 1,31 1,32 0,33 1,34 1,35 0,36 1,37 1,38 1,39 1,207 1,205 1,154 1,43 1,206 1,45 1,159 1,47 1,58 0,50 1,51 0,52 0,61 1,62 1,55 0,63 0,56 1,57 0,48 1,49 1,50 1,60 1,53 1,61 1,54 1,55 1,63 1,56 1,74 1,65 1,67 1,68 1,69 1,70 1,71 0,72 1,73 1,75 1,160 1,162 0,78 1,82 1,165 1,83 1,86 1,87 1,191 1,166 1,168 1,194 1,169 1,210 1,196 1,127 1,211 1,92 1,170 1,94 1,96 1,97 1,98 1,99 1,100 1,102 1,106 1,172 1,198 1,173 1,108 1,109 1,199 1,115 1,116 1,117 1,121 1,175 1,176 1,122 1,123 1,178 1,124 1,77 1,83 1,87 1,125 1,126 1,127 1,94 1,92 1,42 1,59 1,52 1,67 1,219 1,179 1,217 1,131 0,132 1,134 1,215 1,135 1,138 1,139 1,186 1,202 0,141 1,142 1,216 1
user_000485	10 1,0 1,11 0,2 0,3 1,5 1,12 1,6 0,17 1,8 0,144 1,11 0,15 0,3 1,4 0,12 1,6 1,17 0,9 0,14 1,10 1,143 0,15 1,1 1,3 1,12 1,17 1,8 0,13 1,9 1,152 1,145 1,19 1,21 0,188 1,148 1,153 1,25 1,151 0,27 1,28 1,29 1,30 1,31 0,32 1,33 0,34 1,35 1,36 1,37 1,39 1,207 1,205 1,189 0,41 1,43 0,44 0,206 0,45 1,159 1,38 1,40 1,155 1,189 1,41 1,43 1,206 1,45 1,46 1,47 0,50 1,52 0,53 1,61 1,54 0,62 1,55 0,63 1,56 0,57 1,49 1,50 1,51 1,60 1,53 1,61 1,54 1,62 1,63 1,56 1,64 0,74 0,65 0,66 0,68 1,69 0,70 0,71 1,72 1,75 1,64 1,74 1,65 1,66 0,67 0,68 1,69 0,70 0,71 0,73 1,64 1,74 1,65 1,66 0,67 1,69 1,70 1,71 1,73 1,75 1,160 1,161 1,162 1,77 0,78 1,80 1,164 0,165 1,87 1,191 1,89 1,218 1,194 0,214 1,169 1,210 1,127 1,171 1,94 0,95 1,96 1,97 1,99 1,100 1,101 1,103 1,106 1,108 0,109 1,110 0,111 0,199 1,116 1,117 1,118 0,120 1,121 0,175 1,176 1,122 1,123 1,178 1,124 1,124 1,77 1,125 1,126 1,127 1,92 1,59 0,52 0,128 1,219 1,129 1,200 1,130 1,131 1,182 1,133 1,134 1,184 1,136 1,137 0,140 1,186 0,202 1,142 1,203 1,216 1,204 1
user_000486	143 0,1 1,2 1,3 0,4 0,5 0,12 1,6 1,8 0,13 1,10 1,143 0,1 1,2 1,4 0,12 1,6 1,7 0,13 0,14 1,152 1,145 1,146 1,20 1,22 1,153 1,149 1,25 1,26 1,27 1,28 1,29 1,30 1,31 1,32 0,33 1,34 1,35 0,36 1,37 1,28 1,29 1,30 1,31 1,32 1,33 1,34 1,35 0,36 1,37 1,28 1,29 1,30 1,31 1,32 0,33 1,34 1,35 0,36 1,37 1,39 1,154 1,189 1,41 1,42 1,44 0,156 1,157 1,46 1,159 0,39 1,207 1,205 1,41 1,42 1,43 1,44 1,156 1,45 1,159 1,48 0,58 0,49 1,59 0,50 1,60 0,61 0,54 1,56 0,57 0,48 1,50 1,51 1,60 1,53 1,61 0,62 1,63 1,56 1,57 1,64 0,74 1,65 1,66 1,67 0,70 1,71 1,72 1,73 0,75 1,64 1,74 1,65 1,67 0,68 1,69 1,70 1,71 1,72 1,75 1,161 1,78 1,79 0,80 1,81 0,83 1,84 1,88 0,192 1,125 0,168 1,218 1,214 1,169 1,126 1,195 1,91 1,197 1,92 1,93 1,96 1,97 1,100 1,101 1,103 1,104 1,106 1,173 1,108 1,109 1,199 1,114 1,174 1,115 1,118 1,120 1,121 1,175 1,122 0,178 1,77 1,81 1,83 1,87 1,125 1,214 1,126 1,94 1,92 1,207 1,42 1,56 1,67 1,219 0,179 1,129 1,180 1,130 1,217 0,131 1,182 1,132 1,133 1,134 1,136 1,139 1,140 1,186 1,141 1,204 1
user_000487	10 1,11 1,15 1,3 1,4 0,12 1,6 1,7 1,17 1,8 0,10 1,144 1,11 1,2 1,3 1,16 1,5 1,6 1,17 1,8 1,152 1,145 1,18 0,146 1,22 1,149 1,150 1,25 1,26 1,27 0,28 1,29 1,30 1,31 1,32 1,33 0,34 1,35 1,36 1,37 1,39 1,205 1,40 1,155 1,189 1,43 1,156 1,158 1,159 1,47 1,48 1,59 1,51 1,60 1,61 0,62 1,55 1,63 1,56 1,57 1,64 1,74 1,65 1,66 1,67 1,69 1,71 1,72 1,73 1,75 1,162 1,163 1,81 1,85 1,87 1,191 1,192 1,166 1,218 1,194 1,214 1,196 0,127 1,211 1,197 1,92 1,170 1,171 1,93 1,94 1,98 1,100 1,213 1,101 1,105 0,106 1,172 1,111 1,112 1,199 1,116 1,117 1,118 1,120 1,121 1,176 1,178 1,124 1,81 1,87 1,125 1,214 1,126 1,94 1,92 1,207 1,52 1,67 1,128 1,219 1,179 1,129 1,180 1,200 1,217 0,131 1,182 1,183 1,132 1,184 1,215 1,135 1,185 1,138 1,139 1,140 1,186 1,202 1,141 1,187 1
user_000488	143 1,0 1,15 1,2 1,3 1,16 1,5 1,7 1,8 1,14 1,152 0,18 0,147 0,22 1,188 1,148 1,24 1,153 1,149 1,25 1,152 1,18 1,19 1,21 1,147 1,148 1,24 1,153 1,150 1,26 1,28 1,29 1,30 1,31 1,32 1,33 1,34 1,35 1,36 1,37 1,39 1,207 1,40 1,155 1,41 1,44 1,156 1,206 1,158 1,47 1,58 1,51 1,52 1,60 1,53 1,62 1,55 1,63 1,56 1,57 1,74 1,65 1,66 1,67 0,68 1,69 1,70 1,71 1,72 1,75 1,64 1,74 1,65 1,66 1,67 0,68 1,69 1,70 1,71 1,73 1,161 1,76 1,81 1,84 1,85 1,87 1,88 1,192 1,166 1,167 1,168 1,194 0,169 1,196 1,127 1,211 1,170 1,212 0,171 1,93 1,97 1,100 1,213 1,101 1,102 1,103 1,104 1,105 1,172 1,107 1,108 1,109 1,110 1,113 1,114 1,116 1,117 1,119 1,120 1,121 1,123 1,178 1,124 1,124 1,81 0,83 0,125 0,214 1,207 1,59 1,52 1,56 1,73 1,128 1,179 1,180 1,200 1,181 1,182 1,133 1,215 1,135 1,136 1,185 1,137 1,140 1,186 1,141 1,142 1,187 1
user_000489	144 1,0 1,11 1,1 0,2 0,16 1,5 1,12 1,6 1,13 1,143 0,15 1,1 1,2 1,4 1,5 1,6 1,13 1,9 1,14 1,28 1,29 1,30 1,31 1,32 1,33 1,34 1,35 1,36 1,37 1,38 1,39 1,40 1,155 1,42 1,43 1,44 1,46 1,159 1,47 1,48 1,59 1,50 1,52 1,60 1,53 1,61 1,63 1,56 1,57 1,64 0,74 1,65 1,66 1,67 1,68 1,69 1,71 1,72 1,73 1,161 1,77 1,78 1,80 1,82 1,83 1,191 1,88 0,167 1,168 1,218 1,193 1,214 0,169 1,195 1,90 1,127 1,211 1,170 1,171 1,96 0,98 1,100 1,213 1,101 1,103 1,104 1,105 1,172 0,198 1,110 1,111 1,112 1,199 1,113 1,117 1,118 1,119 1,175 1,176 1,177 0,124 1,124 1,83 1,125 0,214 1,127 1,59 1,52 1,56 1,73 1,128 1,200 1,130 1,217 0,131 1,182 1,133 1,215 1,135 1,136 1,185 1,138 1,140 1,186 1,202 1,141 1,203 1,216 1,204 1
user_000490	145 1,19 1,21 1,147 0,188 1,23 1,148 1,24 1,150 0,26 1,145 1,18 0,19 1,20 1,22 1,148 1,24 1,149 1,150 1,151 1,145 1,146 1,19 1,20 1,22 1,153 1,149 1,150 1,25 1,151 1,28 1,29 1,30 1,31 1,32 1,33 1,34 1,35 1,36 1,37 1,38 1,39 1,205 1,189 1,41 0,44 1,156 1,157 1,158 1,46 1,38 1,39 1,154 1,155 1,42 1,44 1,157 1,158 1,46 1,47 1,48 0,59 1,50 1,52 1,60 1,61 1,54 1,55 1,63 1,56 1,48 1,49 1,59 1,51 1,52 1,60 1,61 1,54 1,62 1,55 1,64 1,74 1,65 1,67 0,68 1,69 1,70 1,72 1,73 0,75 1,64 1,74 1,65 1,67 0,68 1,69 1,71 1,72 1,73 1,75 1,65 1,66 1,67 0,68 1,69 1,70 1,71 1,72 1,73 1,75 1,162 1,77 1,79 1,82 1,208 0,165 1,83 0,190 1,191 1,88 1,192 1,166 1,168 1,89 1,194 1,210 1,196 1,91 0,212 1,95 1,97 1,98 1,99 1,100 1,213 1,101 1,102 1,103 1,105 1,106 1,172 1,198 1,107 1,173 1,109 1,199 1,113 1,114 1,174 1,116 1,120 1,176 1,123 1,178 1,83 1,125 1,92 1,207 1,59 1,52 0,56 1,67 1,73 1,128 1,129 1,180 1,200 1,130 1,181 1,201 1,183 1,133 1,137 1,138 0,139 1,140 1,141 1,216 1,204 0,187 1
user_000491	10 1,143 1,15 1,1 0,2 1,12 1,6 1,17 1,8 1,14 1,10 1,0 1,11 1,1 1,4 0,5 1,6 1,13 1,9 1,14 1,143 1,11 1,15 1,1 1,2 1,5 1,6 1,17 1,8 1,13 1,152 1,145 1,18 1,20 1,21 0,23 1,153 1,149 1,150 1,27 1,18 1,146 1,19 1,147 0,22 1,23 1,148 1,24 1,149 1,151 0,152 1,145 1,146 1,19 1,147 1,23 1,24 1,25 1,26 1,151 0,28 1,29 1,30 1,31 1,32 1,33 1,34 1,35 1,36 1,37 1,38 1,205 1,40 1,41 0,42 0,43 1,156 1,45 1,46 1,159 1,38 0,39 1,155 1,41 1,42 1,44 1,157 1,45 1,158 1,46 1,38 1,39 1,205 1,40 1,41 1,44 1,156 1,157 1,45 1,158 1,48 1,49 1,59 1,53 1,54 1,62 1,55 1,63 1,56 1,57 1,64 1,74 0,65 1,66 1,67 1,68 1,70 1,72 1,73 1,75 1,74 1,65 1,66 1,67 1,68 1,69 1,70 1,71 0,72 1,75 1,64 1,74 1,65 1,67 1,68 1,70 1,71 1,72 1,73 1,75 1,161 1,76 1,77 1,79 1,163 1,80 1,85 1,87 1,192 1,125 1,166 1,218 1,214 1,209 1,195 1,127 1,91 1,171 1,94 1,95 1,97 1,98 1,100 1,213 1,105 1,198 1,107 1,173 1,109 1,110 1,111 1,112 1,114 1,174 1,115 1,117 1,121 1,122 1,123 1,178 1,124 1,124 1,77 1,81 1,87 1,125 1,214 1,126 1,127 1,94 1,207 1,59 1,52 1,56 1,179 1,180 1,217 0,181 1,201 1,131 1,182 1,132 1,184 1,215 1,136 1,139 1,186 1,202 1,141 1,216 1
user_000492	10 1,143 1,15 1,1 1,2 1,5 1,7 1,17 1,13 1,9 1,19 1,20 1,147 0,22 1,188 1,148 1,24 1,153 1,25 1,26 1,146 1,19 1,20 1,147 1,22 1,148 1,24 1,153 1,150 1,151 0,18 0,146 1,20 1,21 1,22 1,24 1,149 1,150 1,25 1,26 1,28 1,29 1,30 1,31 1,32 1,33 1,34 1,35 1,36 1,37 1,207 1,40 1,155 1,41 1,42 1,44 1,206 1,45 1,158 1,159 1,48 1,49 1,59 1,51 1,60 1,53 1,54 1,62 1,63 1,56 1,65 1,66 1,67 0,68 1,69 1,70 1,71 1,72 1,73 1,75 1,64 1,74 1,65 1,66 1,67 1,68 1,69 1,70 1,72 1,73 1,160 1,76 1,162 1,78 1,79 1,164 1,208 1,165 1,84 1,191 1,166 1,167 1,168 1,195 1,210 1,127 1,211 1,197 1,170 1,93 1,96 1,97 1,98 1,99 1,101 1,102 0,103 1,106 1,198 1,107 1,173 1,108 1,112 0,174 1,115 1,116 1,117 1,119 1,121 1,175 1,176 1,123 1,178 1,124 1,77 1,83 1,125 1,126 1,127 1,207 0,42 1,59 1,128 1,129 0,180 1,130 1,181 1,131 1,182 1,183 0,184 1,215 1,135 1,138 1,139 1,202 1,142 1,216 1,204 1,187 1
user_000493	143 0,0 1,15 1,3 1,4 0,6 1,17 1,8 1,13 1,9 1,143 1,0 1,11 1,15 1,4 1,16 1,12 0,7 1,17 1,14 1,10 1,11 1,1 1,3 1,4 0,5 1,12 1,13 1,9 1,14 1,152 0,18 1,146 1,21 1,147 1,23 1,153 1,149 1,25 1,151 1,152 1,20 1,21 1,147 1,22 1,24 1,150 1,25 1,26 1,151 1,28 1,29 1,30 1,31 1,32 1,33 1,34 1,35 1,36 1,37 1,38 1,205 1,154 1,155 1,42 1,156 1,157 1,206 1,45 1,159 1,48 1,59 1,50 1,51 1,52 1,61 1,54 1,55 1,56 1,57 1,74 1,65 1,66 1,68 0,69 1,70 0,71 0,72 1,73 1,75 1,64 1,65 1,66 1,67 1,68 1,69 1,70 1,71 1,73 1,75 1,160 1,161 1,162 1,77 1,163 1,164 1,87 1,191 1,192 1,193 1,194 1,214 1,169 1,196 1,90 1,92 1,170 1,212 1,171 1,94 0,98 1,101 1,102 1,105 1,106 1,172 1,107 1,173 1,108 1,109 1,199 1,115 1,116 1,119 1,120 1,175 1,176 1,177 1,122 1,123 1,124 1,124 1,83 1,125 1,94 1,92 1,207 1,59 1,52 1,73 1,128 1,219 1,180 1,200 1,201 0,182 1,183 1,132 1,133 1,134 1,184 1,215 0,135 1,185 1,138 1,186 1,202 1,203 1,216 1,187 1
user_000494	144 0,11 1,2 1,3 1,4 1,16 1,5 0,7 1,17 1,13 1,143 1,144 0,0 1,2 0,4 0,16 1,6 0,7 1,17 1,13 1,10 1,144 1,11 1,15 1,1 1,16 1,5 1,7 1,17 1,13 1,19 1,21 1,147 1,22 1,188 1,153 0,150 0,25 1,26 0,27 1,152 0,145 1,19 0,20 1,147 1,23 1,24 1,153 1,151 1,27 1,152 1,18 1,146 1,20 1,147 0,23 1,148 1,150 1,26 1,151 1,28 1,29 1,30 1,31 1,32 1,33 1,34 1,35 1,36 1,37 1,38 0,39 1,205 1,154 1,155 1,156 1,157 1,45 1,158 0,47 1,39 1,207 1,205 1,40 1,189 1,43 1,206 1,158 1,46 1,159 0,39 1,207 1,205 1,154 1,155 1,43 1,156 1,206 1,158 1,47 1,49 1,51 1,52 1,60 1,53 1,61 1,62 1,63 0,56 1,57 1,48 1,58 1,49 1,59 1,51 1,52 1,55 1,63 1,56 1,57 1,64 1,65 1,66 1,67 1,68 1,69 1,70 1,71 1,73 1,75 1,161 1,162 1,78 1,79 1,163 1,82 1,164 1,85 1,190 1,191 1,88 0,166 1,126 1,195 1,196 1,90 1,211 1,92 1,94 1,95 1,96 1,97 1,98 1,99 1,102 1,104 1,105 1,106 1,198 1,107 1,109 1,112 1,113 1,114 1,116 1,117 1,118 1,119 1,120 1,176 1,123 1,124 1,77 1,83 1,125 1,214 1,126 1,94 1,92 1,207 1,52 1,128 1,219 1,179 1,180 1,130 1,181 1,131 1,182 1,183 1,132 1,215 1,135 1,137 1,139 1,186 1,202 1,216 1,204 1,187 1
user_000495	10 1,144 1,0 1,3 1,4 0,16 1,5 0,7 0,8 1,9 1,0 1,1 1,2 1,3 1,4 1,16 1,5 1,7 1,17 1,13 1,152 1,18 1,21 1,147 1,22 0,24 1,153 1,25 1,151 1,27 1,48 1,58 1,49 1,59 1,52 1,60 1,53 1,61 1,55 1,57 1,64 0,74 1,65 1,66 1,67 1,68 1,71 1,72 1,73 1,75 1,161 1,162 1,163 1,80 1,82 1,165 0,85 1,86 1,192 1,89 1,193 1,194 1,169 1,196 1,90 1,127 1,211 1,197 1,170 1,95 1,97 1,101 1,103 1,106 1,198 1,107 1,109 1,110 1,199 1,114 1,174 1,115 1,116 1,118 1,119 1,176 1,122 1,123 1,178 1,77 1,83 0,125 1,214 1,127 1,94 1,92 1,207 1,42 1,59 1,67 1,179 1,129 1,180 1,200 1,181 1,201 1,132 1,133 1,134 1,184 1,136 1,137 1,138 1,140 1,186 1,202 1,141 1,142 1,203 1,204 1
user_000496	10 1,143 1,0 1,1 0,4 0,16 1,5 1,6 1,13 1,9 1,10 1,143 1,11 1,3 1,4 1,16 1,6 1,7 1,8 1,14 1,18 1,146 1,19 1,147 0,22 1,23 1,24 1,150 1,25 1,26 1,18 0,146 1,19 1,20 1,21 0,23 1,153 1,149 1,150 1,25 1,28 1,29 1,30 1,31 1,32 1,33 1,34 1,35 1,36 1,37 1,39 1,207 0,205 1,154 1,41 1,43 1,156 1,157 1,159 1,47 1,48 1,58 0,59 1,50 1,60 1,54 1,62 1,55 1,56 1,57 1,64 1,74 1,65 1,67 1,68 1,69 1,70 1,72 1,73 1,75 1,160 1,161 1,76 1,162 1,77 1,80 1,164 1,192 1,125 1,167 1,89 1,218 1,214 1,209 1,196 1,90 1,127 1,91 1,212 1,95 1,96 1,98 1,99 1,100 1,213 1,101 1,104 1,198 1,173 1,108 1,112 1,199 1,114 1,174 1,115 1,118 1,175 1,176 1,177 1,122 1,123 1,124 1,124 1,77 1,83 1,125 0,94 1,92 1,59 1,56 1,67 1,128 0,219 1,179 1,129 1,180 1,130 1,181 1,131 1,182 1,132 1,133 1,134 1,184 1,215 1,135 1,139 1,140 1,186 1,141 1
user_000497	143 0,11 0,15 1,1 0,3 0,12 1,6 1,7 0,17 1,13 1,10 1,144 1,15 1,1 1,3 1,12 1,6 1,7 1,13 1,9 0,10 1,0 0,15 1,2 1,3 1,16 0,17 0,8 0,9 0,14 0,152 1,19 1,20 0,22 1,188 1,148 1,24 0,153 1,149 1,26 0,152 0,18 0,146 1,19 1,20 1,24 1,150 1,25 1,151 1,27 1,152 1,19 1,21 1,22 1,188 1,148 1,25 1,26 1,151 1,27 1,28 1,29 1,30 0,31 1,32 1,33 0,34 1,35 1,36 1,37 1,28 1,29 1,30 1,31 1,32 1,33 1,34 1,35 1,36 1,37 1,38 1,205 1,40 1,155 1,41 1,44 1,156 1,45 1,46 1,159 1,48 1,58 1,49 1,52 1,60 1,53 1,61 1,62 1,56 0,57 1,64 0,74 1,65 0,66 0,67 1,68 1,69 1,71 1,72 1,75 1,64 0,74 1,65 1,67 1,68 1,70 1,71 1,72 1,73 1,75 1,64 1,74 1,65 1,66 0,67 1,68 1,70 0,71 1,72 1,73 1,77 1,79 1,82 1,208 1,83 1,86 1,88 1,166 1,167 1,168 1,194 1,209 1,126 1,195 1,210 1,196 1,90 1,211 1,171 1,93 1,96 1,99 1,213 1,101 1,102 1,103 1,105 1,106 0,198 1,173 1,108 1,109 1,110 1,111 1,112 1,116 1,118 1,119 1,120 1,121 1,175 1,176 1,177 1,123 1,178 1,77 1,83 1,87 1,125 0,126 1,127 1,94 1,92 0,42 1,219 1,179 1,180 1,200 1,130 1,217 1,182 1,215 1,185 1,137 1,138 1,186 1,142 1,203 1,216 0,187 1
user_000498	10 1,143 0,0 1,1 1,2 0,16 1,5 1,12 1,8 0,14 1,10 1,143 1,0 1,1 1,3 1,16 1,5 1,12 1,8 0,13 1,145 1,146 0,19 1,20 0,188 0,148 1,153 1,149 1,150 1,27 1,152 0,145 1,19 1,22 1,188 1,153 1,149 0,150 1,26 1,27 1,18 0,146 1,147 0,22 0,188 0,148 1,24 0,153 1,149 1,27 1,28 1,29 0,30 0,31 1,32 1,33 0,34 1,35 1,36 0,37 1,28 1,29 1,30 1,31 1,32 1,33 1,34 1,35 1,36 1,37 1,207 1,205 1,155 0,41 1,42 1,43 1,206 1,45 1,46 1,159 1,49 1,59 0,50 0,52 1,60 1,53 0,62 1,63 1,56 1,57 1,49 1,59 0,50 1,52 1,60 1,53 1,61 1,63 1,56 1,57 0,64 1,74 1,65 1,66 0,67 1,68 0,69 0,70 0,71 0,73 1,74 1,65 1,66 0,68 0,69 0,70 1,71 1,72 0,73 1,75 0,64 1,74 1,65 1,66 0,67 1,68 1,69 0,70 1,71 1,75 0,77 1,163 1,80 1,82 0,164 1,208 1,165 0,85 1,87 1,88 1,167 1,168 1,218 1,214 1,169 1,210 1,127 1,197 1,170 1,93 1,96 0,101 1,102 0,106 1,198 1,107 0,173 1,110 0,113 1,174 1,118 1,119 1,120 0,121 0,175 1,122 1,178 1,124 1,124 1,77 0,87 1,125 0,214 1,126 1,127 0,92 1,207 0,52 1,73 1,129 1,200 1,181 1,201 1,182 1,183 1,132 0,133 0,134 1,184 0,135 1,136 1,185 1,137 1,139 1,140 1,186 1,202 1,141 0,142 0,204 1
user_000499	10 1,143 0,144 1,0 1,4 1,12 0,17 1,8 1,13 1,14 1,10 0,143 1,1 0,2 1,4 0,16 1,6 1,8 1,13 1,14 1,144 1,11 0,15 0,2 1,4 1,5 0,17 1,8 1,9 0,14 1,145 0,19 1,20 0,21 1,188 1,148 1,24 1,153 0,25 1,27 1,145 1,18 1,19 0,20 0,22 0,23 1,24 1,153 0,149 1,25 1,152 0,18 1,19 1,147 0,22 1,23 1,24 1,149 1,150 1,151 0,28 1,29 1,30 1,31 1,32 1,33 1,34 1,35 1,36 1,37 1,207 1,205 1,154 1,189 1,41 1,44 0,156 1,157 1,206 1,159 1,38 0,39 1,154 1,40 1,155 1,44 1,206 1,158 0,159 1,47 1,39 1,207 1,205 1,155 1,42 1,43 1,44 1,157 0,45 1,46 1,58 0,59 1,51 1,52 1,60 1,53 1,61 1,62 1,55 1,63 1,48 1,59 1,51 1,52 1,60 1,61 1,54 1,55 1,56 1,57 1,64 1,74 1,65 1,66 1,67 1,68 1,70 1,71 1,72 1,73 1,160 1,78 1,80 1,81 1,208 1,84 1,85 1,190 1,88 1,166 1,89 1,218 1,194 1,214 1,209 1,169 1,210 1,211 1,212 1,93 1,100 1,102 1,103 1,104 1,105 1,106 0,198 1,108 1,112 1,115 1,116 1,117 1,118 1,175 1,176 1,122 1,123 1,178 1,124 1,77 1,81 1,83 1,87 1,125 1,214 1,126 1,94 1,92 1,207 1,59 1,56 1,128 1,129 1,130 1,181 1,201 1,131 1,183 1,215 1,135 1,136 1,185 1,137 1,139 1,186 1,141 1,142 1,203 1,204 1,187 1
user_000500	143 1,144 1,0 1,11 0,15 0,5 0,12 0,6 1,7 1,17 1,145 1,18 1,20 1,22 1,188 1,23 1,148 1,149 1,25 1,151 1,28 0,29 1,30 1,31 1,32 1,33 1,34 1,35 1,36 1,37 1,38 1,39 1,207 0,155 0,41 0,156 1,206 0,45 1,158 1,46 1,48 1,58 1,49 1,59 0,50 1,60 1,61 1,62 1,55 1,57 1,64 1,74 1,65 0,66 1,67 1,68 1,69 1,71 0,72 0,73 0,64 1,65 1,66 1,67 1,68 1,69 1,70 1,72 1,73 0,75 1,76 1,162 1,78 1,79 1,163 1,81 1,164 1,83 1,86 1,88 1,192 1,125 0,166 1,218 1,194 0,126 1,211 1,197 1,92 1,170 1,96 1,98 1,213 1,101 1,102 1,104 1,105 1,106 0,172 1,173 1,109 1,199 1,113 1,114 1,174 1,115 1,117 1,118 1,120 0,121 1,175 1,177 1,178 1,124 1,124 1,77 0,83 1,125 0,127 1,42 1,59 1,56 1,179 1,200 1,181 1,131 1,182 1,183 1,133 1,134 1,184 1,215 1,185 1,138 1,139 1,202 1,141 0,142 1,216 1,187 1
user_000501	144 0,0 1,1 1,2 0,4 1,12 1,6 1,8 1,13 1,9 1,152 1,145 1,146 1,147 0,22 1,148 0,24 0,149 1,26 1,151 1,18 1,146 1,21 0,147 0,188 1,148 0,153 1,26 1,151 1,27 1,145 1,18 1,146 0,147 0,22 1,23 1,24 0,26 0,151 1,27 1,28 1,29 1,30 1,31 1,32 0,33 1,34 1,35 1,36 1,37 1,39 1,207 1,205 0,155 1,41 1,43 1,156 1,157 1,45 1,46 0,48 1,58 1,49 1,51 1,60 1,61 1,54 1,62 1,55 1,63 1,64 1,65 1,66 1,67 0,68 1,69 1,70 1,71 1,72 1,75 1,77 0,81 1,208 1,165 1,84 1,191 1,192 1,125 0,166 1,168 1,214 1,209 1,169 1,195 1,210 1,196 1,91 1,92 1,93 1,95 1,97 1,98 0,99 0,213 1,102 1,104 1,106 0,198 1,107 1,173 1,109 1,110 1,112 1,199 1,114 1,116 1,117 1,119 1,175 1,176 0,122 1,123 1,178 1,124 1,87 1,214 1,94 1,42 1,52 1,67 1,73 1,128 0,179 1,129 1,130 1,201 1,131 1,182 1,132 1,134 1,215 1,185 1,138 1,139 1,186 1,202 1,141 1,142 1,216 1,187 1
user_000502	144 1,11 1,15 1,1 0,2 0,5 1,12 1,6 1,7 1,14 1,144 1,0 1,11 1,15 1,3 1,16 1,12 1,6 1,9 1,14 1,152 1,146 1,20 1,22 1,188 1,23 1,148 1,24 1,149 1,25 1,28 1,29 1,30 1,31 1,32 1,33 1,34 1,35 1,36 1,37 1,207 1,40 1,189 1,41 1,42 1,43 1,156 1,157 1,158 1,46 1,64 1,74 1,66 1,67 0,68 1,69 1,70 1,72 0,73 1,75 1,77 1,79 1,163 1,80 1,81 1,164 1,208 0,165 1,84 1,85 1,190 1,191 1,192 1,194 1,214 1,169 1,196 1,197 1,171 1,95 1,96 1,98 1,99 1,103 1,104 1,172 1,198 1,107 1,173 1,109 1,110 1,112 1,199 1,174 1,117 1,119 1,120 1,121 1,175 1,176 1,177 1,122 0,123 1,178 1,81 1,214 1,42 1,52 1,56 1,73 1,128 1,219 1,179 1,200 1,217 0,181 1,132 1,133 0,184 1,215 1,135 1,185 1,138 1,140 1,186 1,202 0,142 1,216 1,204 0,187 1
user_000503	144 1,0 1,15 1,1 1,3 1,5 1,7 0,17 1,8 1,13 1,143 1,144 1,1 1,2 1,3 1,16 1,12 1,17 1,13 1,9 1,152 0,18 1,146 1,21 0,22 0,23 1,148 1,24 1,150 0,151 1,152 1,145 1,18 1,19 0,188 1,23 1,24 1,149 0,25 1,151 0,146 1,19 1,20 0,147 1,188 1,148 1,153 1,149 1,25 1,151 1,28 1,29 1,30 1,31 1,32 1,33 0,34 0,35 0,36 1,37 1,28 1,29 1,30 1,31 1,32 1,33 1,34 1,35 1,36 1,37 1,207 1,205 1,155 1,41 1,42 1,43 1,44 1,156 1,46 1,159 1,49 1,50 1,52 1,53 1,54 1,62 1,55 1,63 1,56 1,57 1,64 1,74 1,65 1,66 1,67 0,69 1,70 1,71 1,73 1,75 1,74 1,65 1,66 1,67 1,68 1,69 1,71 1,72 1,73 1,75 1,160 1,161 0,78 1,79 1,163 1,81 1,82 1,164 1,208 1,86 1,168 1,218 1,214 1,169 1,126 1,196 1,90 1,170 1,212 1,93 1,96 0,99 1,100 1,213 1,104 1,105 1,107 1,109 1,111 0,199 1,113 1,114 1,174 1,115 1,117 1,118 1,119 1,120 1,176 1,177 1,178 1,124 1,124 1,77 1,81 1,83 1,125 1,214 1,127 1,94 1,92 1,52 1,56 1,67 1,73 1,128 1,179 1,129 1,200 1,217 1,201 1,136 1,137 1,139 1,140 1,202 1,142 1,203 1,216 1,187 1
user_000504	143 1,11 0,1 1,2 1,4 0,16 1,12 1,6 1,17 1,8 0,152 1,18 0,19 1,22 1,188 1,23 1,148 1,153 1,150 1,26 1,28 1,29 1,30 1,31 0,32 1,33 0,34 0,35 1,36 1,37 1,28 1,29 1,30 1,31 1,32 1,33 1,34 1,35 1,36 1,37 1,38 1,154 0,40 1,189 1,41 1,157 0,158 1,46 1,159 0,47 0,39 0,207 1,154 1,189 1,41 1,43 1,44 1,157 0,45 1,46 1,48 1,58 1,49 1,50 1,51 1,52 1,53 1,54 1,62 1,57 1,64 1,74 0,65 1,67 1,68 1,69 0,70 1,71 1,73 1,75 1,161 1,76 1,79 1,81 1,165 1,86 1,190 1,192 1,166 1,167 1,89 1,193 1,169 1,126 1,210 1,196 1,211 1,197 0,94 0,95 1,96 1,97 1,99 1,213 1,101 0,102 1,103 1,105 1,172 1,198 1,107 1,109 1,199 1,113 1,114 1,174 1,115 1,119 1,121 1,176 1,177 1,123 1,178 1,124 1,124 1,81 1,87 1,125 0,214 1,127 1,94 1,52 1,56 1,73 1,219 0,179 1,129 1,130 1,217 1,183 1,132 1,134 1,184 1,215 1,136 1,138 1,202 1,203 1,204 0,187 0
user_000505	18 0,146 1,20 1,21 0,22 1,23 1,148 1,24 1,149 1,26 1,19 0,21 1,147 0,22 1,188 1,23 1,148 1,149 1,25 1,151 1,28 1,29 1,30 1,31 1,32 1,33 1,34 1,35 1,36 1,37 1,38 0,39 1,207 1,40 1,41 1,43 1,44 1,157 1,206 1,45 1,48 1,58 1,50 1,51 1,52 1,60 1,54 1,55 1,63 1,57 1,64 1,74 1,65 1,66 1,67 1,68 1,69 1,71 1,72 1,73 0,161 1,76 1,78 1,80 1,208 0,165 1,191 1,88 1,166 1,167 1,89 1,214 1,209 1,210 1,196 1,90 1,211 1,92 1,212 1,94 1,96 0,98 1,101 1,103 1,105 1,172 0,107 1,173 1,109 1,199 1,113 1,114 1,174 1,116 1,118 1,120 1,176 1,177 1,124 1,81 1,83 1,125 1,214 1,94 1,207 1,42 1,59 1,52 1,56 1,67 1,73 1,128 1,219 1,179 1,129 1,200 1,130 1,181 1,131 1,182 1,133 0,138 0,140 1,186 1,202 0,141 1,142 1,216 1,204 0,187 1
user_000506	10 1,0 1,11 1,1 1,3 1,16 1,5 1,6 1,17 1,14 1,0 0,15 1,1 1,2 1,4 1,16 1,6 1,7 1,17 1,14 1,152 0,20 1,21 0,147 1,188 1,23 1,148 1,24 1,25 1,151 1,146 1,19 1,20 1,22 1,188 1,148 1,150 0,25 1,26 1,151 1,28 1,29 1,30 1,31 1,32 1,33 1,34 1,35 1,36 1,37 1,38 1,205 1,154 1,40 1,155 1,43 1,44 1,156 1,45 1,46 1,58 1,59 1,50 1,51 1,52 1,60 1,61 1,62 1,55 1,63 1,64 1,65 1,66 1,68 1,69 1,70 1,71 1,72 1,73 1,75 1,161 1,76 1,78 1,79 1,80 1,208 1,190 1,87 1,191 1,88 0,192 1,89 1,193 1,194 1,209 1,169 1,196 1,90 1,171 1,94 1,96 1,97 1,98 1,100 1,213 1,101 1,102 1,104 1,105 1,106 0,172 1,173 1,110 1,111 1,115 1,117 1,120 1,121 1,175 1,177 1,123 1,178 1,124 1,77 1,83 1,87 1,126 1,127 1,94 1,42 1,56 1,67 1,128 0,219 1,179 1,129 1,180 1,130 1,217 0,201 1,131 1,183 1,134 1,215 1,185 1,137 1,202 1,142 1,203 1,204 1
user_000507	10 1,143 0,144 0,0 1,11 1,16 1,12 1,6 1,17 1,14 1,152 1,145 1,18 1,20 1,147 1,23 1,153 1,25 1,26 1,151 1,28 1,29 1,30 1,31 1,32 1,33 1,34 1,35 1,36 1,37 1,38 1,39 1,205 1,155 1,42 1,43 1,156 1,157 1,206 1,159 1,48 1,58 1,60 1,53 1,61 1,62 1,55 1,63 1,56 1,57 0,64 1,74 1,65 1,66 1,68 1,70 1,71 1,72 1,73 1,75 1,76 1,77 1,78 1,79 1,163 1,80 1,81 1,165 1,85 1,86 1,87 1,191 1,192 1,209 1,169 1,90 1,211 1,170 1,171 1,94 1,96 1,99 1,100 1,213 1,101 1,102 1,104 1,198 1,173 1,109 1,110 1,111 1,199 1,113 1,115 1,117 1,120 1,121 1,175 1,176 1,122 1,124 1,124 1,81 1,83 1,125 0,126 1,127 1,94 1,92 1,207 1,42 1,56 1,180 1,217 1,131 1,182 1,183 1,132 1,133 1,134 1,184 1,135 1,136 1,137 1,138 1,186 1,142 1,216 1,187 1
user_000508	10 1,143 1,144 1,11 1,3 1,16 1,12 1,8 1,13 1,9 1,10 1,143 1,144 0,11 1,2 0,16 1,6 1,7 0,8 0,13 0,18 0,146 1,20 1,147 0,188 1,23 1,148 1,149 1,26 1,27 0,145 1,18 0,146 1,19 1,188 0,24 1,153 1,149 1,150 1,27 1,152 1,146 1,19 1,147 1,22 0,23 1,153 1,149 1,150 1,27 1,207 1,205 1,40 1,155 1,42 1,44 1,45 1,158 1,46 1,159 0,39 0,207 1,205 1,155 1,42 1,44 1,156 1,206 1,158 1,46 1,58 1,49 1,50 1,52 1,61 1,54 1,62 1,55 1,56 1,57 0,48 1,58 1,49 1,59 1,50 1,51 1,53 1,62 1,63 1,57 1,64 0,74 1,65 0,66 1,67 1,68 0,69 1,70 1,71 1,75 1,74 1,65 0,66 1,67 1,68 1,69 1,71 1,72 1,73 1,75 1,64 0,74 1,65 1,66 1,67 1,69 1,70 1,71 1,72 1,73 1,79 1,163 1,80 1,81 1,84 1,86 1,87 1,192 1,125 1,167 1,168 1,218 1,194 1,214 1,209 1,90 1,127 1,211 1,92 1,212 1,96 0,97 1,99 1,213 1,103 1,104 1,106 0,172 1,198 1,107 1,108 1,109 1,111 1,113 1,174 1,115 1,118 1,120 1,121 1,175 1,176 1,122 1,123 1,124 1,124 1,81 1,87 1,126 1,127 1,94 1,92 1,56 1,67 1,73 1,128 1,219 1,179 1,180 1,200 1,130 1,217 0,181 1,183 1,184 1,136 1,185 1,138 1,139 1,186 1,204 1
user_000509	144 1,15 1,1 1,2 1,4 1,16 1,12 1,7 1,8 1,13 1,152 1,19 1,20 1,22 1,188 1,23 1,153 1,149 1,150 1,26 1,28 1,29 1,30 1,31 1,32 1,33 1,34 1,35 0,36 1,37 1,28 1,29 1,30 1,31 0,32 1,33 1,34 1,35 0,36 1,37 1,28 1,29 1,30 1,31 1,32 1,33 1,34 1,35 1,36 1,37 1,207 1,155 1,189 1,41 0,42 1,44 1,156 1,206 1,159 0,47 1,38 1,39 1,40 1,155 1,41 1,44 1,156 1,157 1,158 1,159 1,48 0,58 1,49 1,50 1,52 1,60 1,53 1,54 1,62 1,55 1,49 1,59 1,51 1,52 1,53 1,61 1,54 1,55 1,63 1,57 1,64 1,65 1,66 1,67 1,68 1,69 1,70 1,71 1,72 1,73 1,160 1,161 1,162 1,79 1,82 1,208 0,86 1,190 1,166 1,168 1,89 1,194 1,214 1,209 1,195 1,91 1,212 1,171 1,94 1,95 1,96 1,98 1,99 1,213 1,103 1,105 1,172 1,198 1,107 1,173 1,108 1,109 1,199 1,114 1,116 1,117 1,119 1,120 1,121 1,177 1,122 1,178 1,124 1,81 1,87 1,127 1,94 1,92 1,59 1,52 1,56 1,67 1,73 1,128 1,219 1,179 1,180 1,130 1,181 0,132 1,133 1,134 1,184 1,135 1,137 1,140 1,186 1,202 1,141 1,204 0
user_000510	143 0,0 1,11 1,1 1,3 1,16 1,5 0,12 1,6 1,13 1,143 1,144 1,11 1,1 1,4 1,5 1,12 1,6 1,17 1,8 1,145 1,18 1,20 1,22 1,188 1,148 1,153 1,150 0,25 1,151 1,28 1,29 1,30 1,31 1,32 1,33 1,34 1,35 1,36 1,37 1,207 1,205 1,154 1,189 0,42 0,45 1,158 1,46 1,159 1,47 1,207 1,154 1,155 1,41 1,42 1,44 1,156 1,158 1,159 1,47 1,48 0,49 1,52 1,60 1,53 1,61 1,54 1,62 1,55 1,56 1,64 1,74 1,66 1,67 1,68 1,70 1,71 1,72 1,73 1,75 1,78 1,208 1,165 1,83 1,84 1,85 1,191 1,192 0,166 1,193 1,214 1,209 1,195 1,90 1,127 1,91 1,211 1,197 1,170 1,212 0,96 0,99 1,100 1,213 1,101 1,104 1,105 1,106 1,172 1,198 1,107 1,108 1,110 1,111 1,113 1,114 1,174 1,120 1,175 1,177 1,122 1,124 1,83 0,94 1,59 1,52 1,56 1,67 1,128 1,219 1,129 1,200 1,130 1,217 0,201 1,182 1,133 1,134 1,135 1,136 1,185 1,137 1,138 1,139 1,186 1,202 1,142 1,203 1,216 1,204 1
user_000511	10 1,15 1,2 0,3 0,4 1,6 1,7 1,17 1,9 1,14 0,10 1,144 1,11 0,1 1,2 1,16 1,5 0,12 1,17 1,13 1,10 1,11 0,15 1,2 1,3 0,5 1,7 1,8 0,13 1,9 1,28 1,29 1,30 1,31 1,32 1,33 0,34 1,35 0,36 1,37 1,28 1,29 1,30 1,31 1,32 1,33 1,34 1,35 1,36 1,37 1,205 0,154 1,40 1,155 0,42 1,44 1,157 1,45 1,158 1,46 0,38 1,39 1,205 1,155 0,189 0,43 0,156 1,206 0,45 1,159 0,154 1,40 1,189 1,41 1,42 1,43 1,44 1,156 1,159 0,47 0,58 1,49 1,52 1,60 1,53 0,61 1,54 1,55 1,56 1,57 1,64 1,74 1,65 1,66 1,68 1,69 1,70 1,71 1,72 1,73 0,160 1,161 1,77 0,79 0,80 1,81 1,164 1,165 1,83 1,84 1,85 1,86 1,191 1,125 1,193 1,126 1,195 1,90 1,170 0,212 1,97 1,100 1,103 1,106 1,172 1,107 1,108 1,109 1,199 1,113 1,115 1,116 1,120 1,121 1,175 1,176 1,177 1,124 0,124 1,81 1,83 1,87 1,125 1,126 1,94 1,92 1,42 1,59 1,73 1,128 1,219 1,180 1,130 1,181 1,131 1,183 1,132 0,184 1,135 1,136 1,185 1,137 1,138 1,139 1,186 1,142 1,203 1,216 0,204 1,187 1
user_000512	144 1,11 0,1 1,2 0,4 1,16 0,12 1,7 0,9 1,14 1,152 1,19 1,147 0,22 0,188 1,23 1,24 1,153 1,149 1,26 1,28 1,29 1,30 1,31 1,32 1,33 1,34 1,35 1,36 1,37 1,38 1,205 1,154 1,189 1,42 1,43 1,44 0,206 1,45 1,47 1,48 1,50 1,51 1,60 1,53 1,61 1,54 1,62 0,56 0,57 1,64 0,65 1,66 1,67 0,68 1,69 1,70 1,71 1,72 1,75 1,76 1,78 0,79 0,190 1,87 1,125 0,166 1,167 1,89 1,169 1,90 1,127 1,91 1,211 1,92 1,170 1,212 0,171 1,93 1,94 1,97 1,98 0,99 1,101 1,102 1,104 1,172 1,107 1,108 1,109 1,114 1,115 1,119 1,121 1,176 1,177 1,123 1,178 1,124 0,77 0,87 1,125 0,214 1,127 1,92 0,42 1,59 1,56 0,67 0,128 1,129 1,180 1,200 1,130 1,181 1,201 1,132 1,133 1,184 1,135 0,185 1,139 1,140 0,186 1,141 1,142 1,203 1,216 1,204 1,187 1
user_000513	10 1,11 1,15 0,1 0,2 0,16 1,17 1,8 1,13 1,14 1,10 1,144 1,0 1,11 1,15 1,16 1,6 1,7 1,13 1,14 1,152 0,145 1,146 1,22 1,188 1,148 1,153 1,149 1,25 1,27 1,28 1,29 1,30 1,31 1,32 1,33 1,34 1,35 1,36 1,37 1,38 1,207 1,205 0,41 1,42 1,44 1,206 1,158 1,46 1,159 0,38 1,39 1,207 1,40 1,189 0,43 1,206 0,46 1,159 1,47 0,49 1,59 1,50 1,52 1,60 0,53 1,54 1,55 1,56 1,57 1,58 0,49 0,52 0,60 0,53 0,61 0,54 0,62 0,63 0,56 0,160 1,76 1,78 1,79 1,165 1,83 1,85 1,86 1,191 1,88 1,167 1,218 0,214 1,126 1,195 1,127 1,92 1,212 1,93 1,95 1,98 1,99 1,102 1,105 1,106 1,107 1,109 1,112 1,114 1,174 1,115 0,116 1,118 1,119 1,120 1,121 1,175 1,176 1,177 1,122 1,178 1,124 1,77 1,81 1,87 1,125 1,214 1,126 1,207 1,42 1,59 1,67 1,128 1,179 1,129 1,180 1,200 1,201 1,182 1,183 1,132 1,133 1,184 1,135 1,185 1,138 1,140 0,186 1,142 0,187 1
user_000514	143 0,0 1,11 1,1 1,2 1,12 1,6 1,7 1,13 1,14 0,144 1,0 1,2 1,3 1,4 0,16 1,6 1,7 1,17 1,8 0,144 1,0 1,11 1,3 1,4 1,16 1,5 1,7 1,8 0,9 1,152 1,146 0,19 0,20 1,147 1,23 0,153 1,149 1,150 0,26 0,145 1,18 1,19 0,21 1,22 1,148 1,149 1,150 1,26 1,27 1,28 1,29 1,30 1,31 1,32 0,33 1,34 1,35 0,36 1,37 1,28 1,29 1,30 1,31 1,32 1,33 1,34 1,35 0,36 1,37 1,28 1,29 1,30 1,31 1,32 1,33 1,34 1,35 0,36 1,37 1,207 0,154 0,189 1,41 1,42 1,44 1,156 1,206 1,45 1,46 0,207 0,205 1,154 1,40 1,41 1,157 1,45 1,158 1,46 1,47 0,39 1,207 0,205 1,40 1,155 1,44 1,206 1,158 1,46 1,159 1,48 0,58 1,49 1,50 0,51 1,52 1,53 0,61 1,55 1,56 1,48 0,58 1,49 1,59 0,51 1,52 1,61 1,62 1,63 1,57 0,48 0,58 1,49 1,59 0,50 0,51 1,52 1,60 0,61 1,62 1,64 0,74 0,65 0,66 1,67 0,68 0,69 1,70 0,73 1,75 1,64 1,74 1,65 0,66 1,67 1,68 0,69 1,71 0,72 1,75 1,64 1,74 1,65 1,66 1,67 1,70 1,71 1,72 1,73 1,75 1,160 1,162 1,77 0,78 1,163 1,81 1,82 1,164 1,165 1,83 1,85 1,86 1,191 1,166 1,89 1,209 1,91 1,170 1,171 1,94 1,96 0,97 0,99 1,100 1,213 0,102 1,106 0,110 0,111 1,112 0,199 1,113 1,119 1,120 0,176 1,177 1,122 0,123 1,124 1,124 1,77 1,81 1,125 0,214 1,127 1,42 0,59 0,52 1,56 1,73 1,128 0,179 1,129 1,180 1,200 1,130 1,217 1,201 1,132 1,133 1,185 1,138 1,139 1,202 1,141 1,142 1,203 1,216 1,204 1,187 1
user_000515	10 1,143 1,144 1,15 1,1 1,5 1,12 1,8 0,9 0,14 1,10 1,15 1,1 1,3 0,4 1,16 1,5 1,6 1,7 1,9 0,10 1,0 1,11 1,15 1,3 1,16 0,12 1,7 1,8 1,13 1,152 0,18 1,19 0,147 1,188 1,23 1,148 1,150 1,151 1,27 1,28 1,29 1,30 1,31 1,32 0,33 1,34 1,35 1,36 1,37 1,39 0,154 1,40 1,155 1,189 1,43 1,44 1,157 1,45 1,159 1,48 1,49 1,50 1,52 1,60 1,53 1,61 1,55 0,63 1,56 0,64 1,74 0,65 1,66 1,68 1,70 1,71 1,72 1,73 0,75 1,76 1,77 1,80 1,81 1,82 1,208 1,165 1,84 1,85 1,86 1,87 1,191 1,125 0,209 0,126 1,210 1,196 1,91 1,212 1,95 1,98 1,100 1,101 1,102 1,103 1,105 1,172 1,198 1,108 1,109 1,110 1,111 1,174 1,115 1,117 1,119 1,120 1,121 1,175 1,122 1,123 1,178 1,77 0,81 1,87 1,214 1,126 1,127 1,207 1,42 1,59 1,73 1,128 0,219 1,179 1,129 1,180 1,200 1,217 0,201 1,133 1,134 1,184 1,136 1,139 1,202 1,142 1,216 1,204 1,187 1
user_000516	18 1,19 1,20 1,21 1,147 1,23 1,148 1,24 1,150 1,27 1,38 1,154 1,189 1,41 1,42 1,43 1,156 1,157 1,46 1,159 1,49 1,50 1,51 1,52 1,53 1,61 1,62 1,63 1,56 1,57 1,64 1,74 1,65 1,66 1,67 1,68 0,70 1,71 1,73 1,75 1,74 1,65 1,67 1,68 1,69 1,70 1,71 1,72 1,73 1,75 1,161 1,77 1,78 0,208 1,165 1,83 1,86 1,87 1,125 1,166 1,167 1,193 1,194 1,214 1,169 1,126 1,90 1,127 1,197 1,93 1,96 1,99 1,213 1,102 1,106 0,172 1,107 1,173 1,110 1,111 1,199 1,114 1,174 1,117 1,120 1,175 1,176 0,122 1,123 1,178 1,124 1,124 1,81 1,83 1,87 1,214 1,126 1,94 0,207 1,42 1,59 1,52 1,73 1,128 0,219 1,179 1,129 1,130 1,181 1,131 1,182 1,134 1,184 1,135 1,138 1,202 1,141 1,203 1,216 0,204 1
user_000517	10 1,143 1,0 1,15 1,2 1,5 1,12 1,8 1,13 1,9 1,18 0,146 1,20 1,21 1,22 1,24 1,153 1,149 1,151 1,27 1,28 1,29 1,30 1,31 1,32 1,33 1,34 1,35 1,36 1,37 1,38 0,40 1,155 1,189 1,41 1,44 1,156 1,206 1,45 1,47 1,58 1,59 1,50 1,51 1,52 1,60 1,53 1,54 1,63 1,57 1,64 1,74 1,65 1,66 1,67 1,68 1,70 1,71 1,72 1,75 1,160 1,76 1,82 1,164 0,208 0,83 1,85 1,86 1,191 1,192 1,89 1,214 1,209 1,126 1,127 1,211 1,197 1,92 1,170 1,212 1,97 1,98 1,99 1,100 1,213 1,101 1,103 1,105 1,106 0,172 1,198 1,107 1,108 1,109 1,110 0,113 1,114 1,174 1,118 1,119 1,175 1,177 1,178 1,124 1,77 1,83 1,87 1,125 0,214 1,127 1,73 1,128 1,219 1,129 1,200 1,130 1,201 0,183 1,133 1,134 1,184 1,135 1,137 1,139 1,140 1,186 1,202 1,141 1,216 1,187 1
user_000518	10 1,144 1,0 1,1 1,3 0,16 1,12 1,6 1,8 0,14 1,143 1,144 1,15 0,3 1,4 0,16 1,5 0,12 1,7 1,9 0,143 1,0 1,11 0,2 1,4 1,16 1,12 1,6 1,9 1,14 1,145 1,20 1,21 0,147 0,22 0,153 1,149 1,25 1,26 1,151 0,152 1,145 1,19 1,147 0,188 1,148 1,24 1,153 1,26 1,27 1,28 0,29 0,30 0,31 0,32 0,33 0,34 1,35 1,36 1,37 0,28 1,29 1,30 1,31 0,32 1,33 1,34 1,35 1,36 1,37 1,28 1,29 1,30 1,31 1,32 1,33 1,34 1,35 1,36 1,37 1,38 1,39 1,40 1,41 1,42 1,43 0,156 1,157 1,158 1,46 1,58 1,49 0,50 1,52 1,53 1,61 1,54 1,62 1,56 0,57 1,58 1,49 1,59 1,50 1,53 1,61 1,54 1,55 0,63 1,57 1,64 1,74 1,65 1,67 1,68 1,69 1,70 1,71 1,72 1,75 1,160 1,82 1,164 1,165 1,83 1,86 1,190 1,191 0,125 0,166 1,168 1,218 1,194 1,214 1,209 1,126 1,210 1,170 1,212 1,94 1,98 1,100 1,213 1,102 0,106 0,198 1,107 1,173 1,108 1,109 1,111 1,113 1,174 1,118 1,119 0,121 1,175 1,176 1,124 1,83 1,87 1,125 0,126 1,92 1,207 1,42 1,59 1,56 1,67 1,128 1,219 1,179 1,130 1,217 1,181 1,131 1,132 1,133 1,134 1,184 1,215 1,135 1,136 1,185 1,137 1,139 1,142 1,203 1,204 1,187 1
user_000519	143 1,0 1,2 0,3 0,4 1,5 1,6 1,7 1,17 1,13 1,143 0,0 0,2 0,3 0,4 0,5 0,17 0,8 0,13 0,14 0,28 1,29 1,30 1,31 1,32 1,33 1,34 1,35 1,36 1,37 1,28 0,29 0,30 0,31 0,32 0,33 0,34 0,35 0,36 0,37 0,39 1,207 1,205 0,155 1,41 1,44 1,206 1,45 1,158 1,47 1,48 1,49 1,50 1,51 1,60 1,61 1,54 0,62 1,55 1,56 1,64 1,74 1,65 1,66 1,68 1,69 1,70 1,71 1,73 0,75 1,161 1,78 1,81 1,164 1,83 0,85 1,86 1,190 1,191 1,192 1,125 0,167 0,168 1,89 1,218 1,193 1,214 1,169 1,170 1,212 1,98 1,99 1,100 1,213 1,101 1,103 1,104 1,106 0,198 1,107 1,108 1,111 1,113 1,114 1,116 1,117 1,118 1,121 1,177 1,122 1,178 1,77 1,81 1,87 1,125 1,214 1,94 1,207 1,42 1,59 1,67 1,73 1,217 0,201 1,182 1,183 1,134 1,215 1,135 1,136 1,185 1,137 1,139 1,140 1,186 1,202 1,142 1,216 1,204 1,187 1
user_000520	0 0,11 0,1 0,2 0,3 1,16 1,5 0,12 1,17 1,14 1,19 1,20 0,21 1,22 0,188 1,148 0,153 0,149 0,25 1,26 0,28 1,29 1,30 1,31 1,32 0,33 1,34 1,35 1,36 1,37 1,38 1,207 1,154 1,40 0,41 0,206 1,45 1,158 1,159 1,47 0,58 1,49 0,59 1,50 1,53 1,61 1,62 1,55 0,56 1,57 0,64 1,74 0,65 1,66 1,67 1,69 0,70 0,71 1,72 1,75 0,77 1,79 0,82 1,83 1,84 1,190 1,87 1,125 1,89 1,218 1,214 1,209 1,169 1,126 1,210 1,196 1,90 1,92 1,170 1,93 1,97 1,99 1,100 1,102 1,104 1,172 0,198 1,107 1,173 0,109 0,112 0,199 0,116 0,117 1,119 1,176 0,123 0,178 1,124 0,77 0,214 1,126 1,127 1,92 1,42 1,52 1,73 1,128 1,219 1,179 1,129 0,200 1,217 1,181 0,182 1,183 0,133 1,134 1,215 1,135 1,136 1,185 1,137 0,138 1,140 1,186 1,141 1,142 0,216 1,187 1
user_000521	10 1,143 0,2 0,3 1,4 1,12 1,6 0,13 1,9 0,14 1,143 1,15 1,2 1,3 1,4 1,12 1,6 1,17 1,13 1,14 1,18 0,146 1,19 1,147 1,22 1,23 1,24 1,150 1,25 1,27 0,146 1,19 1,147 1,22 1,188 1,23 1,148 1,25 1,26 1,151 0,145 1,146 1,19 1,147 1,188 1,153 1,149 1,150 1,25 1,26 1,28 1,29 1,30 1,31 1,32 1,33 0,34 1,35 1,36 1,37 1,28 1,29 1,30 1,31 1,32 1,33 1,34 1,35 1,36 1,37 1,38 1,205 1,189 1,41 1,42 1,43 1,157 1,158 1,159 1,47 1,48 1,58 1,49 1,59 1,52 1,61 0,54 1,55 1,63 1,57 1,48 1,49 1,59 1,50 1,60 1,53 1,54 1,62 0,55 1,57 1,64 1,74 1,65 1,67 1,68 1,69 1,70 0,71 1,72 1,75 1,161 1,77 1,78 1,165 1,83 1,85 1,87 1,191 1,166 1,89 1,214 1,169 1,210 1,127 0,91 1,197 1,92 1,212 1,93 1,95 1,96 0,97 1,100 1,213 1,102 1,172 1,108 1,109 1,111 1,199 1,113 1,114 1,174 1,115 1,116 1,117 1,121 1,176 0,177 1,123 1,178 1,77 1,81 1,83 1,87 1,125 0,214 1,127 1,94 0,92 1,207 0,42 1,59 1,67 1,73 1,219 1,180 1,200 1,181 1,201 1,131 1,183 1,132 1,134 1,136 0,185 1,137 1,138 1,139 0,140 1
user_000522	145 1,146 1,19 0,21 1,147 1,23 1,153 1,149 1,150 1,26 1,152 1,20 1,21 1,22 1,188 1,148 1,24 1,149 1,151 1,27 1,28 1,29 1,30 1,31 1,32 1,33 1,34 1,35 1,36 1,37 1,38 1,207 1,40 1,41 1,42 1,156 1,45 1,158 1,46 1,47 1,58 1,59 1,50 1,60 1,53 1,62 1,55 1,63 1,56 1,57 1,64 1,74 1,65 1,66 1,68 0,69 1,70 1,71 1,73 1,75 1,160 1,76 1,162 1,77 1,79 1,163 1,80 1,82 1,165 1,85 1,86 1,191 1,88 1,192 1,166 1,126 1,90 1,212 1,171 1,95 1,97 1,99 1,100 1,213 1,101 1,103 1,104 1,105 1,172 1,107 1,108 1,111 1,114 1,115 1,116 1,117 1,118 1,120 1,175 1,176 1,177 1,123 1,124 1,77 1,87 1,126 1,127 1,92 1,59 1,67 1,128 1,179 1,129 1,130 1,217 0,181 1,201 0,131 1,183 1,133 1,215 1,135 1,185 1,137 1,138 1,139 1,186 1,202 1,142 1,204 1
user_000523	0 1,11 1,15 1,1 1,2 1,16 1,12 1,6 1,7 1,9 1,152 1,18 1,19 1,21 1,22 1,23 1,148 1,149 1,25 1,27 1,28 1,29 1,30 1,31 1,32 0,33 1,34 1,35 1,36 1,37 1,28 1,29 1,30 1,31 1,32 1,33 1,34 1,35 1,36 1,37 1,39 1,205 1,40 1,189 1,42 1,43 1,157 1,46 1,159 1,47 1,48 1,58 1,49 1,52 1,60 1,61 1,54 1,63 1,56 1,57 1,64 1,74 1,65 1,66 1,69 1,70 1,71 1,72 1,73 1,75 1,161 1,162 1,78 1,163 1,83 1,85 1,190 1,88 1,167 0,89 1,209 1,169 1,126 1,196 1,90 1,127 1,211 1,212 1,94 1,95 1,97 1,98 1,99 1,100 1,101 1,103 1,108 1,110 1,111 0,113 1,114 1,174 1,116 1,117 1,118 1,119 1,120 1,121 1,175 1,176 1,122 1,178 1,77 1,81 1,125 1,214 1,126 1,127 1,52 1,56 1,67 1,128 0,179 1,180 1,181 1,131 1,183 1,132 1,184 1,135 1,185 1,137 1,138 1,140 1,186 1,202 1,141 1,142 1,203 1,204 1
user_000524	143 1,11 1,1 1,2 1,3 1,5 1,6 1,8 1,13 1,14 1,152 1,18 1,19 0,21 1,147 1,23 1,148 1,24 1,153 1,151 1,28 1,29 1,30 1,31 1,32 1,33 1,34 1,35 1,36 1,37 1,39 1,207 1,205 1,40 1,189 1,43 1,156 1,157 1,46 0,47 1,48 1,52 1,60 1,53 1,61 1,54 1,62 1,55 1,63 1,56 1,64 1,74 1,65 1,66 1,67 1,68 1,69 1,71 1,72 1,75 1,76 1,162 1,80 1,81 1,82 1,84 1,85 1,190 1,88 0,167 1,168 1,193 1,126 1,196 1,90 1,91 1,197 1,92 1,170 1,94 0,96 1,98 1,102 1,105 1,172 0,198 1,108 1,113 1,116 1,117 1,118 1,121 1,175 1,176 1,177 1,122 1,123 1,124 1,77 1,81 1,83 1,214 1,126 1,127 1,94 1,92 1,207 1,42 1,59 1,67 1,73 1,128 1,179 1,130 1,181 1,182 1,134 1,135 1,136 1,137 1,138 1,140 1,186 1,202 1,141 1,142 1,203 1,216 1,204 1,187 1
user_000525	0 1,15 1,1 0,3 1,4 0,16 1,5 1,8 1,13 1,14 0,10 0,144 1,1 0,2 1,3 1,5 1,12 1,6 1,17 1,9 0,10 1,143 0,144 1,1 0,3 1,5 1,12 1,17 1,9 1,14 1,145 1,146 1,21 1,22 1,188 1,148 1,24 1,150 1,26 1,27 1,28 1,29 1,30 1,31 1,32 1,33 1,34 1,35 1,36 1,37 0,28 1,29 1,30 1,31 1,32 1,33 1,34 0,35 1,36 1,37 0,39 1,205 1,154 1,155 1,41 1,43 1,44 1,157 1,158 1,47 1,48 1,49 1,59 1,52 1,60 1,53 1,61 1,62 1,55 1,56 1,64 1,74 1,65 1,66 0,68 0,69 1,70 1,71 1,73 1,75 1,64 1,74 1,65 1,66 1,68 0,69 1,70 1,71 1,72 1,73 1,161 1,76 1,81 1,82 1,165 1,83 1,85 1,190 1,87 1,125 1,167 1,89 1,193 1,195 1,196 1,211 1,197 1,212 1,171 1,94 1,96 1,98 1,99 1,100 1,213 1,102 1,103 1,104 1,107 1,173 1,108 1,111 1,112 1,199 1,174 1,116 1,118 1,119 1,120 1,123 1,77 1,87 1,214 1,126 1,127 0,94 1,92 1,42 1,59 1,56 1,67 1,73 1,179 1,129 1,200 1,201 1,182 1,183 1,133 1,137 1,138 1,139 1,140 1,186 1,202 1,141 1,142 1,203 1,216 1,204 1
user_000526	10 1,143 1,11 1,15 0,1 0,6 1,7 1,17 1,8 0,13 1,152 1,145 0,18 1,19 1,21 0,149 1,25 0,26 1,151 0,27 1,145 1,146 0,21 0,147 1,22 0,23 0,148 0,150 1,151 0,27 1,152 1,146 0,19 0,147 1,188 0,23 0,148 0,24 0,25 0,26 0,28 1,29 1,30 1,31 1,32 0,33 1,34 1,35 1,36 1,37 1,39 1,205 1,154 1,40 0,155 1,43 1,157 1,206 1,45 1,46 0,58 1,49 0,59 1,52 1,60 1,53 1,61 1,54 1,62 0,57 1,64 0,74 0,66 1,67 0,68 1,69 1,70 1,71 0,73 0,75 1,160 1,76 1,77 0,82 1,165 1,84 1,85 1,86 0,166 1,168 1,218 1,194 0,126 1,195 1,210 1,127 1,91 1,197 1,212 0,93 1,97 1,103 0,104 1,106 1,107 1,110 1,111 1,112 1,199 1,113 1,114 1,174 1,116 1,117 1,118 1,120 0,176 1,177 1,123 1,178 1,124 1,77 0,83 0,87 1,214 1,127 1,94 1,207 1,52 1,219 1,179 1,129 1,180 1,200 1,201 1,182 1,133 1,215 1,135 1,137 1,138 1,140 1,186 1,202 1,141 0,142 1,203 1,216 1,204 1,187 1
user_000527	10 1,144 1,0 1,3 1,4 0,5 1,12 1,6 1,17 1,9 1,18 1,146 1,20 1,21 1,188 1,23 1,153 1,149 1,26 1,27 0,28 1,29 1,30 1,31 1,32 0,33 1,34 1,35 0,36 1,37 1,28 1,29 1,30 1,31 1,32 0,33 1,34 1,35 1,36 1,37 1,28 1,29 1,30 1,31 0,32 0,33 1,34 1,35 1,36 1,37 1,38 1,154 1,155 1,189 1,41 1,44 1,156 1,157 1,45 1,158 1,48 1,58 1,49 1,59 1,52 1,53 1,62 1,55 1,56 1,57 1,161 1,76 1,165 1,83 1,190 1,87 1,191 1,88 1,166 1,167 1,168 1,194 1,126 1,195 1,210 1,90 0,91 1,197 1,171 1,93 1,96 0,98 1,102 1,104 1,105 1,198 1,173 1,108 1,110 1,111 1,112 1,199 1,113 1,174 1,115 1,119 1,120 1,175 1,177 1,122 0,123 1,178 1,124 1,77 1,81 1,83 1,87 1,214 1,92 1,42 1,59 1,52 1,67 1,73 1,128 1,219 1,179 1,129 1,180 1,200 1,130 1,183 1,132 1,184 1,135 1,136 1,185 1,140 1,202 1,141 1
user_000528	10 0,0 1,1 1,3 0,4 1,12 1,7 1,17 1,8 0,14 1,143 0,0 1,1 1,3 0,4 1,5 1,12 1,17 1,8 0,13 1,10 1,0 1,11 1,15 1,4 1,16 1,12 1,7 1,8 1,13 1,152 1,146 1,20 1,21 1,22 1,23 1,24 1,149 1,150 1,25 1,28 1,29 1,30 1,31 1,32 1,33 1,34 1,35 1,36 1,37 1,38 1,207 1,205 1,189 1,41 1,43 1,44 1,157 1,158 1,159 1,48 0,58 1,59 0,60 1,61 1,54 0,55 1,63 1,56 1,57 1,49 1,59 1,50 1,51 1,60 1,53 1,61 1,62 1,63 1,56 1,64 1,65 1,66 1,67 0,68 1,69 1,70 1,71 1,72 1,73 1,76 1,80 1,81 1,82 1,164 1,165 1,83 1,191 1,88 0,125 0,193 1,194 1,169 1,195 1,210 1,127 1,92 1,170 1,171 1,93 1,96 1,97 1,98 1,99 1,213 1,102 1,103 1,104 1,107 1,108 1,109 1,111 1,199 1,113 1,116 0,117 0,118 1,120 1,175 1,176 1,177 1,122 1,123 1,178 1,124 1,124 1,77 1,81 1,87 1,214 0,126 1,127 0,92 1,207 1,59 1,52 1,73 1,128 1,129 1,130 1,201 1,183 1,132 1,133 1,134 1,215 1,185 1,142 1,203 1,187 1
user_000529	10 1,143 0,2 0,3 0,4 0,5 0,12 0,7 0,8 0,9 0,10 1,143 1,144 1,2 0,4 0,16 1,5 0,12 1,8 0,14 1,152 1,19 1,21 0,147 1,22 0,23 1,149 0,25 0,151 1,27 1,18 1,146 1,19 1,20 0,188 1,23 1,24 1,153 1,149 1,26 1,145 1,18 1,19 1,21 1,147 1,148 1,149 1,150 1,26 1,151 1,28 0,29 0,30 0,31 0,32 0,33 0,34 0,35 0,36 0,37 0,28 1,29 1,30 1,31 1,32 0,33 1,34 1,35 1,36 1,37 1,28 1,29 1,30 1,31 1,32 1,33 1,34 1,35 1,36 1,37 1,207 1,154 1,40 1,155 1,42 1,43 1,44 1,45 1,159 1,47 0,48 1,58 1,59 1,50 1,51 0,52 1,60 1,55 1,63 1,56 1,64 1,74 1,65 1,66 0,68 1,69 1,71 1,72 1,73 1,75 1,160 1,161 1,162 1,78 0,79 0,165 0,83 1,84 0,85 0,86 1,87 1,192 0,166 0,209 1,196 1,91 1,211 0,197 1,170 1,212 1,96 1,99 1,213 1,101 1,102 1,104 1,106 1,172 1,198 1,107 1,173 1,109 1,113 1,174 1,115 1,118 1,119 1,121 1,175 1,177 1,122 1,124 1,87 1,126 1,127 1,94 1,92 1,207 1,59 1,52 1,56 0,67 1,128 1,179 1,129 1,180 1,131 1,182 1,183 1,132 1,133 1,134 0,215 1,136 1,185 1,186 1,202 0,141 1,204 1,187 1
user_000530	143 0,11 1,2 0,3 1,4 1,16 1,5 1,12 1,7 1,13 0,144 1,0 1,1 0,2 0,3 0,5 1,6 1,17 0,13 1,9 1,143 1,0 1,15 0,1 1,4 1,16 1,5 1,17 1,13 0,9 1,152 0,145 1,19 1,21 0,188 0,149 1,25 1,26 1,151 1,27 1,18 0,19 1,20 1,147 1,22 1,153 0,149 1,25 1,26 1,27 1,152 0,146 0,19 1,22 1,188 1,23 1,148 1,149 1,25 1,26 1,28 1,29 1,30 1,31 1,32 1,33 1,34 1,35 1,36 1,37 1,39 1,207 1,40 1,155 0,42 1,44 0,45 1,46 0,159 1,47 1,48 1,50 1,52 0,60 0,61 1,54 1,62 0,63 1,56 0,57 0,48 0,58 1,49 1,59 0,51 1,54 1,62 1,55 1,63 1,57 0,64 0,74 0,66 1,67 1,69 0,70 1,71 0,72 1,73 1,75 1,162 1,77 1,80 1,164 1,84 1,85 1,86 1,166 1,168 1,89 1,218 1,193 0,214 1,209 1,126 1,127 1,197 1,92 1,170 1,171 1,97 0,101 1,102 1,103 1,104 1,106 1,198 1,107 0,108 0,109 1,110 1,111 1,112 1,199 1,113 1,114 0,174 0,119 0,120 0,177 1,178 0,124 0,81 1,83 0,87 0,125 0,214 1,126 1,92 1,207 0,59 0,56 0,128 1,179 1,129 1,200 1,217 1,181 1,201 0,132 0,215 1,136 1,137 0,138 1,139 1,140 1,141 0,203 1,204 0,187 1
user_000531	144 0,0 1,11 1,15 0,3 0,16 1,5 0,8 0,13 1,14 1,0 1,11 0,1 1,2 1,3 0,12 1,6 1,7 1,13 1,9 1,145 1,18 1,20 0,21 1,188 1,148 1,150 1,25 1,26 1,27 1,28 1,29 1,30 1,31 1,32 1,33 0,34 1,35 1,36 1,37 1,39 1,207 1,205 1,189 1,42 1,43 1,44 1,156 1,159 1,47 1,48 1,58 1,59 1,52 1,60 1,53 1,55 1,63 1,56 1,57 1,64 0,74 1,65 1,67 0,68 1,69 1,70 0,71 0,73 0,75 1,64 0,74 1,65 0,67 0,68 1,69 0,70 1,71 1,72 1,75 1,161 1,162 0,78 1,208 1,83 1,190 1,87 1,125 1,167 1,193 1,194 0,214 1,195 1,196 1,91 0,197 1,170 1,212 1,171 1,94 0,96 1,97 1,100 1,101 1,103 1,106 1,172 0,108 1,109 1,110 0,111 1,113 1,114 1,174 1,116 1,117 1,119 1,120 1,176 1,177 1,122 1,178 1,124 1,124 1,77 1,87 1,126 1,94 1,73 1,128 1,180 1,200 1,130 1,181 0,201 1,131 1,182 1,183 1,132 1,133 1,184 1,136 1,185 1,140 1,186 1,202 1,141 1,142 1,216 1,204 1
user_000532	10 1,143 1,15 1,1 1,4 1,16 1,6 1,17 1,13 1,14 0,10 0,0 1,11 1,3 1,4 0,5 1,12 1,17 1,8 1,13 1,143 1,0 1,11 1,15 1,4 1,16 1,5 1,12 1,7 1,8 1,28 1,29 1,30 1,31 1,32 1,33 1,34 1,35 1,36 1,37 1,207 1,205 1,40 1,155 1,42 1,44 1,156 1,45 1,158 1,46 1,48 1,58 1,49 1,59 1,50 1,51 1,52 1,62 1,55 1,63 1,64 1,74 1,65 1,67 1,68 1,69 1,70 1,72 1,73 1,75 1,160 1,161 1,76 0,77 1,163 1,80 0,82 0,84 1,86 1,88 1,125 1,167 0,193 1,210 0,91 0,211 0,197 1,170 1,93 1,94 1,97 1,98 1,213 1,101 1,105 1,106 1,173 1,109 1,111 1,199 1,115 1,120 1,121 1,175 1,176 1,177 1,123 1,178 0,124 1,77 1,125 1,214 1,126 1,127 1,92 1,59 1,56 0,73 1,129 1,130 1,217 0,181 1,201 1,131 1,182 1,132 1,133 0,134 1,184 1,215 1,135 1,136 1,185 1,137 1,138 1,186 1,202 0,203 1,216 1,187 1
user_000533	143 1,0 1,11 0,2 1,4 1,16 1,5 0,12 1,17 1,8 1,146 1,19 1,20 0,21 1,22 1,24 1,153 1,150 1,25 1,151 1,28 0,29 1,30 1,31 1,32 0,33 1,34 1,35 1,36 1,37 1,39 1,205 1,40 0,155 1,41 1,44 1,156 1,206 1,158 1,47 1,64 0,74 0,65 1,66 0,67 1,68 1,69 1,71 1,72 1,75 1,76 1,77 1,163 1,81 1,164 1,84 1,190 1,87 1,88 1,125 1,166 1,167 1,209 1,195 0,210 1,90 1,127 1,212 0,94 1,95 1,97 1,98 1,100 1,213 1,101 1,102 1,104 1,106 0,198 1,107 1,111 1,199 1,116 0,117 1,118 1,176 1,122 0,123 1,124 1,81 1,83 1,87 1,125 0,214 1,126 1,92 1,42 0,59 1,52 1,56 1,179 1,180 1,200 1,217 0,201 1,131 1,182 1,132 1,134 1,184 1,185 1,137 1,139 1,140 1,186 1,202 1,141 1,142 1,203 1,187 1
user_000534	143 1,0 1,11 0,3 0,4 1,5 1,12 1,6 1,13 1,14 0,145 1,146 1,19 1,20 0,147 0,23 0,148 0,24 1,153 1,27 1,152 0,18 1,146 1,21 1,188 1,148 1,24 1,153 1,149 1,151 0,28 1,29 1,30 1,31 1,32 1,33 1,34 1,35 0,36 1,37 1,39 1,207 1,205 0,155 1,189 0,43 1,157 1,45 0,46 1,47 1,38 1,207 1,205 0,154 0,42 1,44 0,157 1,45 0,159 1,47 1,205 0,154 0,40 1,155 1,42 1,44 1,156 1,206 0,46 1,47 1,48 0,58 1,49 1,60 1,53 0,61 0,54 0,55 1,63 1,57 0,58 1,49 1,59 0,50 0,60 1,53 1,61 1,54 0,55 1,57 1,59 1,50 1,52 1,60 1,53 1,54 1,62 1,63 1,56 1,57 1,74 1,65 1,66 1,67 1,68 1,70 1,71 1,72 1,73 1,75 1,161 1,76 1,77 0,79 1,163 1,81 1,208 1,165 0,84 1,86 1,88 0,192 1,166 1,214 1,126 1,195 1,196 1,170 1,93 1,95 1,96 0,97 1,99 1,100 1,213 1,101 1,105 1,108 1,109 1,110 1,111 0,112 1,199 1,113 1,114 1,174 1,116 1,117 1,120 1,122 1,123 1,178 1,124 1,81 1,125 0,126 1,207 0,59 1,52 1,56 0,67 1,128 1,219 1,129 1,180 1,181 1,182 1,183 1,134 1,184 1,215 1,135 1,136 1,138 1,140 1,202 1,141 1,142 1,203 1,187 1
user_000535	10 0,143 1,15 1,2 1,3 1,16 1,5 1,12 1,7 1,14 1,152 1,145 1,18 1,19 1,21 1,23 1,149 1,25 0,151 1,27 1,28 1,29 1,30 1,31 1,32 1,33 1,34 1,35 1,36 1,37 1,58 1,49 1,50 1,52 1,53 1,61 1,62 0,55 1,56 1,57 1,64 1,65 1,66 1,67 1,68 1,69 1,70 1,71 1,72 1,73 1,160 1,161 1,76 1,81 1,82 1,208 1,165 1,85 1,190 1,191 1,168 1,214 1,209 1,126 1,210 1,127 1,212 1,171 1,93 1,94 1,96 1,97 1,98 1,99 1,100 1,101 0,103 1,105 1,106 0,107 1,108 1,109 1,199 1,114 1,117 1,118 1,119 1,121 1,176 1,124 1,77 1,81 1,83 1,125 0,126 1,94 1,92 1,59 1,52 1,56 1,73 1,128 1,219 1,217 0,181 1,201 1,131 1,133 1,134 1,215 1,136 1,185 1,138 1,139 1,186 1,202 1,141 1,142 1,203 1,187 1
user_000536	10 1,144 1,11 1,15 1,1 1,17 1,8 1,13 1,9 1,14 1,18 1,20 0,21 1,147 0,188 0,23 1,148 1,24 1,150 1,151 1,19 1,20 1,147 0,22 1,188 1,23 1,148 1,25 1,26 1,27 1,28 0,29 0,30 0,31 0,32 0,33 0,34 0,35 0,36 0,37 0,28 1,29 1,30 1,31 1,32 1,33 1,34 1,35 1,36 1,37 1,207 1,205 1,154 1,40 1,189 1,43 1,44 1,157 1,158 1,159 1,49 1,59 1,50 1,52 1,53 1,61 1,62 1,55 1,56 1,57 1,64 1,74 1,66 1,67 1,69 1,70 1,71 1,72 1,73 1,75 1,160 1,76 1,77 1,82 1,208 0,190 1,87 1,88 1,192 1,167 1,89 1,218 1,193 1,194 1,126 1,196 1,127 0,197 1,94 1,95 1,96 1,98 1,100 1,102 1,103 1,104 1,172 1,108 1,109 1,112 1,113 1,114 1,118 0,121 1,176 1,177 1,123 0,124 1,77 1,87 1,214 1,127 1,94 0,92 1,207 1,42 1,59 1,52 1,67 1,73 1,219 1,180 1,200 1,130 1,181 1,201 0,131 1,182 1,132 0,133 1,134 1,184 1,215 1,135 1,136 1,185 1,138 0,141 1,216 1,187 1
user_000537	144 0,0 1,15 1,1 0,3 1,5 0,7 0,17 0,9 1,14 1,152 1,18 0,19 0,20 1,22 1,23 0,148 1,26 1,151 1,27 1,28 1,29 1,30 1,31 1,32 0,33 1,34 1,35 1,36 1,37 1,38 1,39 0,207 1,41 1,42 1,156 1,157 1,206 1,45 1,46 0,48 1,49 1,59 1,51 1,52 1,53 1,61 1,62 1,56 1,57 1,64 1,74 1,65 0,66 1,69 1,70 1,71 1,72 1,73 1,75 1,79 1,163 1,80 1,81 1,82 1,85 1,190 1,192 1,167 1,168 1,89 1,218 1,169 1,195 1,210 1,90 1,170 1,93 1,94 1,95 1,96 1,98 1,99 1,213 1,102 1,103 1,104 1,172 1,109 1,110 1,111 1,112 1,199 1,113 1,114 1,174 1,115 1,116 1,118 1,119 1,175 1,176 1,177 1,123 1,77 1,81 0,83 1,94 1,92 1,207 1,59 1,56 1,73 1,179 1,200 1,130 1,201 1,131 1,182 1,183 1,135 1,137 1,138 1,140 1,186 1,141 1,142 1,203 1,216 1,204 1
user_000538	10 1,143 1,11 1,15 0,2 0,5 0,12 0,6 1,7 1,9 1,143 1,15 1,1 1,2 0,4 1,5 0,12 1,7 1,8 0,13 1,10 1,15 1,1 1,2 0,4 0,16 1,5 1,6 1,13 1,14 1,18 1,146 1,19 1,21 1,147 1,23 1,148 1,149 1,25 1,151 1,28 1,29 1,30 0,31 0,32 1,33 1,34 1,35 1,36 1,37 1,28 1,29 1,30 1,31 1,32 0,33 1,34 1,35 1,36 1,37 1,28 1,29 1,30 1,31 1,32 1,33 1,34 1,35 1,36 1,37 1,38 1,205 1,155 1,189 1,41 1,44 1,156 1,157 1,206 1,159 1,48 1,58 0,49 0,50 1,51 1,52 1,62 0,63 0,56 0,57 1,48 1,49 1,59 1,51 0,60 1,53 1,61 1,62 1,63 1,57 1,48 1,58 1,59 1,51 1,52 1,53 1,54 1,63 1,56 0,57 1,64 1,74 1,65 1,68 1,69 1,70 1,71 1,72 1,73 1,75 1,64 1,74 1,65 1,66 1,67 1,68 1,69 1,71 1,72 1,75 1,160 1,76 1,162 1,163 1,80 1,164 0,165 0,191 1,166 1,168 1,89 1,193 1,194 1,169 1,195 1,196 1,90 1,211 1,212 1,95 1,96 1,97 1,98 1,99 1,100 1,102 1,103 1,106 1,198 1,173 1,108 1,110 1,111 1,199 1,114 1,115 1,119 1,120 1,175 1,176 1,177 1,122 1,123 1,178 1,124 1,81 1,83 1,87 1,214 1,127 1,92 1,207 1,67 1,128 1,179 1,129 1,200 1,201 1,183 1,132 1,184 1,215 1,135 1,136 1,185 1,138 1,186 1,202 1,216 1,187 1
user_000539	144 1,11 1,15 1,1 0,2 0,16 1,5 1,12 1,6 1,8 1,144 0,11 1,15 0,2 1,4 1,16 1,7 1,17 1,8 1,13 1,10 1,143 1,1 1,2 1,4 1,16 1,5 1,12 1,7 1,13 1,152 0,145 1,20 1,147 1,188 1,23 1,153 1,25 1,151 1,27 1,145 1,21 0,147 1,22 0,188 1,23 1,24 1,150 1,151 1,27 1,152 0,146 1,19 1,147 1,22 1,23 0,24 1,150 1,25 1,26 1,28 1,29 1,30 1,31 1,32 1,33 1,34 1,35 1,36 1,37 1,38 1,39 1,205 1,40 1,41 1,156 1,157 1,206 1,45 1,158 1,48 1,49 1,50 1,51 1,52 1,60 1,61 1,54 1,55 1,56 0,64 1,74 1,65 0,66 1,68 0,69 0,70 0,71 0,73 0,75 1,160 1,162 1,77 1,82 1,164 1,208 1,83 1,84 1,191 0,125 0,166 1,168 1,89 1,218 1,196 1,90 1,91 1,211 1,170 1,171 1,98 0,99 1,213 0,101 1,102 1,104 1,105 1,198 1,107 1,173 1,108 1,110 1,112 0,113 1,114 1,174 1,117 1,119 0,175 1,176 1,177 1,77 1,83 1,214 1,126 1,127 1,92 1,207 1,42 1,59 1,67 1,73 1,219 1,179 1,129 1,180 1,200 0,130 1,217 0,181 1,131 1,182 0,183 1,132 1,140 1,186 0,202 0,142 1,216 1,187 1
user_000540	10 1,143 1,11 1,15 1,3 1,12 1,7 1,8 1,13 1,9 1,152 1,18 1,20 1,21 1,22 1,23 1,153 1,150 1,26 1,27 1,28 1,29 1,30 1,31 1,32 1,33 1,34 1,35 1,36 1,37 1,39 0,207 1,155 1,41 1,42 1,44 1,156 1,45 1,158 1,159 1,64 1,74 1,66 1,67 1,68 1,70 1,71 1,72 1,73 1,75 1,160 1,76 1,162 1,77 1,163 1,82 1,164 1,84 1,85 1,190 1,125 0,167 1,89 1,193 1,214 1,196 1,211 1,170 1,93 1,95 1,96 1,97 1,98 1,100 1,101 1,103 1,104 1,105 1,106 0,172 1,173 1,109 1,111 1,112 1,199 1,114 1,116 1,119 1,121 1,123 1,124 1,77 1,81 1,125 1,126 1,127 1,207 1,42 1,59 1,52 1,73 1,128 1,179 1,129 1,180 1,130 1,181 1,201 1,131 1,183 1,135 1,139 1,140 1,202 1,141 1,142 1,203 1,216 1,204 1,187 1
user_000541	10 1,143 0,11 1,15 1,2 1,12 1,7 1,17 1,9 1,14 1,146 1,19 1,20 1,21 1,147 1,23 1,149 1,150 1,26 1,27 1,28 1,29 1,30 1,31 1,32 1,33 1,34 1,35 1,36 1,37 1,38 1,39 1,207 1,189 1,41 1,44 1,156 1,45 1,158 1,46 1,64 1,74 1,65 1,66 1,67 1,68 1,69 1,72 1,73 1,75 1,161 1,76 1,77 1,79 1,80 1,164 1,191 1,192 1,125 1,166 1,89 0,214 1,126 1,195 1,90 1,197 1,170 1,212 1,93 1,94 1,96 1,97 1,101 1,102 1,172 1,198 1,107 1,110 1,111 1,112 1,113 1,174 1,115 1,116 1,118 1,119 1,120 1,121 1,122 1,178 1,124 0,77 1,83 1,125 1,92 1,207 0,59 1,52 1,67 1,73 1,128 1,219 1,179 1,129 1,130 1,182 1,183 1,132 1,133 0,134 1,184 1,215 1,135 1,136 1,185 1,138 1,140 1,186 1,216 1,187 1
user_000542	0 0,11 0,15 0,3 0,4 0,5 0,7 0,8 0,13 0,9 0,10 1,143 0,11 0,3 0,4 0,6 1,7 1,8 0,13 1,14 1,0 1,15 1,2 0,3 1,4 0,16 1,5 0,8 0,9 1,14 1,145 1,146 1,19 1,20 1,22 1,23 0,150 0,25 0,26 0,27 1,28 1,29 1,30 1,31 0,32 0,33 1,34 1,35 1,36 1,37 1,28 1,29 1,30 1,31 1,32 0,33 1,34 1,35 1,36 1,37 1,28 1,29 1,30 1,31 1,32 1,33 1,34 1,35 1,36 1,37 1,38 1,39 1,154 1,40 0,155 1,157 1,206 1,46 1,159 1,47 1,59 0,50 1,52 1,61 1,54 1,62 0,55 1,63 1,56 1,57 1,49 1,59 1,50 1,52 0,53 1,61 1,62 0,55 0,63 1,57 1,74 0,65 0,67 1,68 1,69 1,70 0,71 1,72 1,73 1,75 1,64 0,74 0,65 1,66 1,67 1,68 1,70 1,72 1,73 1,75 1,160 1,76 1,162 0,79 1,163 1,164 0,208 1,165 1,190 1,87 1,191 1,168 1,193 0,194 0,127 0,91 1,211 1,170 0,212 1,94 1,96 1,98 0,99 0,100 1,103 0,105 1,106 1,172 1,198 1,107 1,111 1,199 1,114 1,115 1,116 1,117 1,118 1,119 0,175 1,122 1,178 1,77 0,81 0,83 0,125 0,214 1,127 1,207 1,42 1,59 1,52 0,56 0,67 1,179 1,129 1,130 1,217 1,181 1,201 1,131 1,182 1,133 1,137 1,139 1,186 1,202 1,141 1,142 1,203 1,216 1
user_000543	10 1,11 1,15 1,1 1,4 0,7 1,17 1,8 1,13 1,9 1,10 1,15 1,1 1,3 1,4 1,5 1,6 1,17 1,13 1,14 1,207 1,205 1,154 1,189 1,41 1,44 1,156 1,157 1,45 1,46 1,48 1,49 1,52 1,60 1,53 1,54 1,62 1,55 1,63 1,57 1,64 1,74 1,65 1,66 1,67 1,68 1,70 1,71 1,72 1,75 1,160 1,162 1,77 1,79 1,164 0,208 0,165 1,83 1,86 1,87 1,168 1,89 0,214 1,169 1,195 1,210 1,196 1,211 1,197 1,94 1,96 1,97 1,213 1,101 1,102 1,104 0,105 1,106 0,172 1,173 1,108 1,109 1,110 0,111 1,112 1,199 1,114 1,174 1,115 1,119 1,120 1,121 1,122 1,124 1,87 1,127 1,207 1,59 1,56 1,67 1,128 1,179 1,129 1,180 0,217 0,201 1,131 1,134 1,215 1,137 1,138 1,140 1,186 1,202 1,141 1,142 1,203 1,216 1,204 1,187 1
user_000544	10 1,143 1,144 1,15 1,4 0,16 0,5 1,6 0,13 0,9 0,10 1,1 1,2 0,3 1,4 1,16 0,5 1,6 1,17 1,13 1,10 1,143 1,11 0,1 1,4 1,16 1,5 1,6 1,7 1,17 1,145 1,19 1,20 1,147 1,22 1,148 1,153 1,25 1,26 1,151 1,28 1,29 1,30 1,31 1,32 1,33 1,34 1,35 1,36 1,37 1,39 1,207 1,40 1,155 0,41 1,43 1,156 0,206 1,159 1,47 1,39 1,207 1,155 1,41 1,42 1,156 1,206 1,45 1,46 1,47 1,48 0,59 1,50 0,51 0,60 1,53 1,61 1,62 1,55 0,56 0,58 1,49 0,50 1,52 1,60 1,53 1,54 0,63 1,56 1,57 1,48 1,58 1,49 1,59 1,50 1,51 1,60 1,61 1,62 1,56 1,64 1,74 1,65 1,66 1,67 1,68 1,69 1,70 1,71 1,75 1,76 0,162 1,78 0,81 1,208 1,165 0,190 1,192 1,125 1,166 0,168 1,193 0,214 1,209 1,126 1,127 1,92 0,171 1,94 1,95 1,96 1,97 1,213 1,101 1,105 1,172 1,198 1,107 1,108 1,109 1,111 1,112 1,199 1,174 1,117 1,118 1,120 1,121 1,175 1,176 1,177 1,122 1,123 1,124 1,124 1,81 1,83 1,125 1,214 1,126 1,127 1,92 1,56 1,67 1,219 0,179 1,180 1,217 0,181 1,131 1,182 1,215 1,135 1,136 1,138 1,140 1,186 1,202 1,203 1,216 1
user_000545	144 1,0 1,11 1,1 0,2 1,5 1,12 1,7 1,13 1,9 1,145 0,18 0,20 1,147 0,188 0,148 1,153 1,149 1,150 1,151 1,18 1,146 1,147 0,22 1,188 1,148 1,153 1,149 1,150 1,151 1,28 1,29 1,30 1,31 1,32 1,33 1,34 1,35 1,36 1,37 1,38 1,154 1,155 1,189 0,41 1,44 1,45 1,158 1,159 1,47 1,64 0,65 1,66 1,67 0,68 1,69 1,70 1,71 1,73 1,75 1,160 1,79 1,165 1,83 1,84 1,85 0,88 1,192 1,125 1,168 1,218 1,193 1,209 1,169 1,126 1,195 1,127 1,211 1,197 1,212 1,99 1,100 1,213 1,101 1,104 1,105 1,172 1,198 1,107 1,108 1,199 1,113 1,115 1,118 1,119 1,120 1,121 1,123 1,124 1,124 1,87 1,125 1,214 1,126 1,92 1,207 1,59 1,52 1,56 1,128 1,179 1,129 1,180 1,200 1,130 1,201 1,131 1,182 1,183 1,133 1,135 0,185 1,137 1,186 1,202 1,141 1,142 1,203 1,204 1,187 1
user_000546	64 1,74 1,65 1,66 1,67 1,69 1,70 1,71 1,73 1,75 1,160 1,161 1,162 1,77 0,79 1,82 1,208 1,84 1,85 0,87 0,88 0,166 1,168 1,89 1,193 1,127 1,91 1,92 1,212 1,171 1,96 1,98 1,100 1,101 1,104 1,173 1,108 1,110 1,111 1,112 1,113 1,114 1,115 1,117 1,119 1,120 1,121 1,175 1,123 1,178 1,124 1,83 1,87 1,125 1,214 1,126 1,127 1,94 1,92 1,42 1,67 1,73 1,128 1,219 1,179 1,200 1,217 1,131 1,182 1,183 1,133 1,215 1,135 1,185 1,139 1,141 1,142 1,203 1,204 1,187 1
user_000547	143 0,144 1,15 1,2 1,4 1,16 1,12 1,6 1,8 0,9 1,152 0,146 1,21 1,22 1,188 0,23 1,153 0,149 1,150 1,27 0,152 0,19 1,21 1,22 1,188 0,24 1,153 0,150 1,25 1,151 0,28 0,29 1,30 1,31 1,32 1,33 0,34 1,35 0,36 1,37 1,28 0,29 1,30 1,31 1,32 1,33 0,34 1,35 0,36 1,37 0,28 1,29 1,30 1,31 0,32 1,33 0,34 1,35 0,36 1,37 1,38 1,154 1,40 1,155 1,41 1,157 1,45 1,158 1,46 1,47 1,48 0,58 0,49 1,51 0,60 1,54 1,62 1,55 1,63 0,57 0,64 1,74 1,65 1,66 1,67 1,68 1,69 0,70 1,71 0,72 1,160 1,76 0,162 0,163 1,80 1,82 1,164 1,208 1,84 1,86 0,190 1,89 1,193 0,194 1,209 1,169 1,126 1,195 0,196 1,170 1,97 0,99 1,100 1,102 1,103 0,104 1,108 1,109 0,110 0,111 1,112 0,199 0,113 1,174 1,115 1,116 1,120 1,121 0,176 1,123 1,178 0,124 1,124 1,81 1,87 1,125 0,126 1,94 0,92 1,207 1,56 1,73 1,179 1,180 1,130 1,201 1,133 1,134 1,184 1,215 1,135 0,136 1,185 0,137 1,140 1,141 0,142 0,203 1,216 0,204 1
user_000548	144 0,15 1,1 1,3 1,4 1,5 0,12 0,13 0,9 0,14 1,144 1,0 1,11 1,15 1,3 1,16 1,5 1,17 1,8 1,13 1,145 1,20 1,21 1,147 1,22 1,148 1,24 1,149 1,150 1,26 1,28 1,29 1,30 1,31 1,32 1,33 1,34 1,35 1,36 1,37 1,48 1,58 1,59 1,51 1,52 1,61 1,54 1,62 1,55 1,63 0,74 1,65 1,67 1,68 1,69 1,70 1,71 1,72 1,73 1,75 1,160 1,77 0,163 1,80 1,165 1,84 1,85 1,87 1,191 1,167 1,89 1,126 1,195 1,210 1,196 1,127 1,91 1,92 1,212 0,94 1,97 1,98 1,99 1,213 1,102 1,103 1,104 1,105 1,172 1,198 1,107 1,173 1,108 1,111 1,112 1,113 1,114 1,116 1,117 1,118 1,120 1,121 1,176 1,124 1,124 1,77 1,81 1,83 1,126 1,127 1,92 1,59 1,52 1,67 1,73 1,128 1,219 1,179 1,200 1,130 1,217 0,201 1,182 1,184 1,185 1,139 1,186 1,203 1,216 1,204 1
user_000549	10 1,143 1,11 1,2 0,3 1,5 1,12 1,7 1,17 1,13 1,28 1,29 1,30 1,31 1,32 1,33 1,34 1,35 1,36 1,37 1,39 1,207 0,205 1,154 1,42 1,43 1,44 1,157 1,46 0,47 1,64 0,65 1,66 1,67 1,68 0,69 1,71 1,72 1,73 1,75 1,160 1,162 1,163 1,80 1,82 1,164 1,83 1,84 1,86 1,88 0,125 0,167 1,168 1,218 1,169 1,90 1,127 1,171 1,93 1,94 1,97 1,102 1,103 1,104 1,105 1,172 1,173 1,108 1,110 0,112 0,199 1,113 1,114 1,174 1,120 1,121 1,175 1,176 1,177 1,122 1,123 1,124 1,77 1,81 1,83 1,87 1,125 0,127 1,94 1,92 1,207 1,59 1,52 1,73 1,179 1,217 0,181 1,201 1,131 1,183 1,132 1,133 1,134 1,215 1,137 1,202 1,141 1,203 1,216 1,204 1
user_000550	18 1,146 0,20 0,21 1,188 0,23 0,24 0,153 0,150 0,27 1,18 0,146 0,20 1,147 0,188 0,23 0,150 0,25 0,26 0,151 0,28 1,29 1,30 0,31 1,32 1,33 1,34 1,35 0,36 1,37 1,28 0,29 0,30 0,31 0,32 0,33 0,34 0,35 0,36 0,37 0,38 0,39 1,40 0,155 1,189 1,43 1,156 1,206 1,45 0,158 1,49 1,59 0,51 1,53 1,61 1,54 1,62 0,55 1,63 1,57 1,64 0,65 0,66 1,67 0,68 1,70 0,71 1,72 1,73 1,75 1,160 1,161 1,162 1,78 1,79 0,80 1,81 1,82 1,191 1,88 0,167 1,168 1,89 1,169 1,90 1,127 1,211 1,197 1,170 0,93 1,99 1,213 1,101 1,106 1,172 1,107 1,108 1,109 1,110 0,112 1,113 1,114 0,115 1,116 1,117 1,175 1,122 1,123 1,178 1,124 1,124 1,83 1,214 1,127 1,94 1,42 1,59 1,52 1,56 0,128 1,179 1,129 1,180 1,200 1,130 1,217 1,181 1,201 1,131 1,183 0,132 1,133 1,135 1,138 1,139 1,186 1,202 1,141 1,203 1,204 1
user_000551	0 1,15 0,2 0,3 0,4 0,16 0,12 0,6 0,7 0,13 0,152 1,18 0,146 1,21 1,22 1,24 1,153 1,149 1,26 1,27 1,28 1,29 1,30 1,31 1,32 1,33 1,34 1,35 1,36 1,37 1,38 0,39 1,154 1,155 1,42 1,157 1,45 1,46 1,159 0,47 1,58 0,59 1,50 1,51 1,60 1,53 1,54 1,62 1,63 1,57 1,64 1,74 1,66 1,67 1,68 1,69 1,70 0,71 1,72 1,73 1,160 1,161 1,77 1,79 1,163 1,80 1,82 1,208 0,87 1,88 1,89 1,193 1,214 1,126 1,195 1,210 1,127 1,197 1,92 1,95 1,97 1,100 1,213 1,101 1,103 0,104 1,106 1,172 1,198 1,107 1,108 1,109 1,110 0,113 1,114 1,116 1,120 1,121 1,176 1,177 1,122 1,83 1,214 1,94 1,92 1,59 1,52 1,56 1,67 1,73 1,219 1,179 1,129 0,130 1,181 1,201 0,131 1,183 1,132 1,133 1,134 1,135 1,136 1,185 1,138 1,140 1,186 1,202 1,142 1,204 1
user_000552	143 1,144 1,0 1,1 1,4 1,16 1,12 1,6 1,7 1,13 1,152 1,145 1,18 0,146 1,21 1,148 1,153 0,150 0,25 1,27 1,58 1,50 1,51 1,52 1,60 1,53 1,61 1,54 1,56 1,57 1,64 1,74 1,66 1,67 1,68 1,69 1,70 1,71 1,73 1,75 1,161 1,76 1,162 1,208 1,83 1,84 1,190 1,88 1,192 1,167 1,89 1,218 1,194 1,209 1,210 1,196 1,90 1,197 1,212 1,171 1,97 1,98 1,99 0,100 1,213 1,101 0,105 1,198 1,107 1,173 1,108 1,109 1,111 1,112 1,199 1,113 1,174 1,115 1,117 1,118 1,119 1,120 0,121 1,177 1,122 1,178 1,77 1,87 1,125 1,214 1,94 1,42 1,59 1,52 1,56 1,73 1,128 1,200 1,130 1,217 1,131 0,182 1,183 1,134 1,136 1,139 1,202 1,203 1,216 1,204 1
user_000553	146 1,19 1,21 1,147 1,22 1,148 0,25 1,26 1,151 1,27 1,38 1,39 1,205 1,40 0,42 0,43 1,44 1,156 1,157 1,159 1,48 1,58 1,59 1,50 1,51 1,52 1,60 1,53 1,62 1,63 1,64 0,74 1,65 0,66 1,67 0,69 1,70 1,71 0,72 0,75 1,160 1,161 1,77 1,78 1,79 1,84 1,86 1,88 1,192 1,168 1,194 1,169 1,126 1,195 1,90 1,127 1,91 1,212 1,171 1,94 1,97 1,98 1,99 1,213 1,102 1,104 1,105 1,106 1,172 0,107 1,173 1,109 1,110 1,112 1,199 1,114 1,174 1,115 1,121 1,177 0,122 1,178 1,124 1,124 1,87 1,214 1,126 1,127 1,207 1,42 1,52 1,56 1,128 1,200 1,217 0,181 1,182 1,183 0,133 0,135 1,136 1,185 1,137 1,186 0,202 0,141 1,142 1,203 1,216 1,204 1
user_000554	152 1,145 1,146 1,20 0,147 0,148 1,149 1,25 1,26 1,151 1,38 0,39 1,207 1,40 1,155 1,156 1,157 1,158 1,159 1,47 0,64 1,66 0,67 1,68 0,69 1,70 1,71 1,72 1,73 1,75 1,81 1,165 1,83 1,84 1,85 1,87 1,88 1,192 1,125 1,166 1,168 1,89 1,214 1,196 1,91 1,197 1,170 1,212 1,171 1,95 1,96 1,97 1,100 1,102 1,103 1,104 1,105 1,172 1,198 1,173 1,109 1,110 1,112 1,199 1,114 1,174 1,116 1,120 1,175 1,177 1,122 1,124 1,124 1,83 1,87 1,125 1,126 1,127 1,94 1,207 1,42 1,52 1,56 1,179 1,129 1,130 1,217 0,181 1,131 1,183 1,135 1,136 1,185 0,137 1,139 1,140 1,141 1,142 1,203 1,216 1
user_000555	10 0,144 1,0 1,11 1,3 1,16 1,12 1,17 1,8 1,13 0,152 0,20 0,21 1,147 1,22 1,24 1,153 1,150 1,25 1,26 1,28 1,29 1,30 1,31 1,32 1,33 1,34 1,35 1,36 1,37 1,39 1,207 1,40 0,155 1,41 1,44 1,157 1,206 1,45 1,46 1,58 0,49 1,59 1,51 1,52 1,60 1,53 1,61 1,54 1,62 1,74 1,65 1,66 1,67 1,68 1,69 1,70 1,71 1,73 1,75 1,160 1,76 1,162 1,83 1,84 1,85 1,86 1,191 1,192 1,125 0,166 1,89 0,126 1,195 1,210 1,91 1,197 1,92 1,170 1,212 1,97 1,100 1,213 1,101 0,102 1,105 1,106 0,198 1,108 1,110 1,111 1,112 1,113 1,114 1,174 1,115 1,116 0,117 1,119 1,120 1,121 1,176 1,122 1,124 1,124 1,81 1,83 1,87 1,125 0,94 1,92 1,207 1,52 1,56 0,67 1,73 1,200 1,130 1,217 0,182 1,183 1,134 1,184 1,215 1,136 1,185 1,202 1,141 1,142 1,216 0
user_000556	0 1,15 1,1 0,2 1,4 1,16 0,12 1,17 1,8 1,13 1,10 1,143 1,15 1,3 0,4 1,12 1,6 1,8 1,9 0,14 1,143 1,144 1,11 1,1 1,3 0,5 0,12 1,7 0,13 1,14 1,146 1,19 1,20 1,21 1,147 1,23 1,148 1,150 1,26 1,27 1,28 1,29 1,30 1,31 1,32 1,33 1,34 1,35 1,36 1,37 1,207 1,205 1,154 1,40 0,41 1,43 1,157 1,206 1,46 0,159 1,64 0,74 1,65 1,66 1,67 0,68 1,71 1,72 1,73 0,75 1,160 1,76 1,77 1,81 1,82 1,208 0,165 1,83 1,84 1,85 1,190 1,191 1,88 1,218 1,193 1,195 1,90 1,170 1,212 1,94 1,96 0,97 1,98 1,100 1,101 1,102 1,103 1,105 0,198 1,111 1,112 1,199 1,113 1,115 1,117 1,118 1,119 1,120 1,121 1,175 1,176 1,122 1,178 1,124 1,77 1,81 1,83 1,87 1,214 1,127 1,94 1,207 1,59 1,56 1,67 1,73 1,219 1,200 1,181 1,201 0,132 0,135 1,136 1,185 1,137 1,139 1,186 1,141 1,142 1,203 1
user_000557	143 1,0 1,11 0,15 1,2 0,16 1,5 0,12 1,17 1,14 1,143 1,15 1,1 0,3 1,4 0,16 1,5 0,12 1,13 1,9 0,18 1,20 1,21 0,147 0,188 0,23 0,148 1,24 1,26 1,151 1,152 0,18 1,19 0,147 1,22 0,153 0,149 0,25 1,26 1,27 1,152 1,145 1,146 0,20 1,22 0,23 0,153 1,149 1,150 1,26 1,28 1,29 1,30 1,31 0,32 1,33 0,34 1,35 0,36 1,37 1,28 1,29 1,30 1,31 0,32 1,33 1,34 1,35 1,36 1,37 1,28 1,29 1,30 1,31 0,32 1,33 1,34 1,35 1,36 1,37 1,39 1,205 1,189 0,41 0,42 1,43 1,44 1,157 0,206 1,45 1,38 0,205 1,154 1,40 0,189 0,43 1,44 0,45 1,46 1,47 1,38 1,207 1,205 1,154 1,189 1,43 1,156 1,157 1,45 1,46 1,48 1,58 0,49 1,53 0,61 0,54 0,62 0,63 0,56 1,57 1,48 1,58 1,49 1,59 1,50 0,53 0,61 0,62 1,55 1,63 1,48 1,58 1,49 1,59 1,50 1,51 0,60 1,55 1,56 1,57 1,74 0,65 1,67 0,68 0,69 0,70 1,71 0,72 0,73 1,75 1,64 1,74 0,65 1,66 0,67 0,68 0,70 0,71 1,72 1,75 1,64 1,74 0,65 1,66 0,67 1,68 1,69 1,70 1,72 1,75 1,161 1,77 1,163 0,80 1,165 0,84 1,85 1,190 1,87 1,191 0,168 1,218 1,194 0,169 1,210 1,196 0,90 1,127 0,197 1,170 1,96 1,213 0,101 1,102 1,104 1,105 1,106 1,172 1,173 1,108 1,111 0,112 1,113 1,114 1,174 1,116 1,117 1,118 1,120 1,123 1,81 1,83 1,87 1,125 1,126 0,94 1,92 1,207 0,59 0,56 1,67 1,128 1,129 1,180 1,200 0,130 1,217 1,201 1,131 0,182 0,183 0,132 0,133 0,134 0,135 0,137 0,138 0,139 1,186 1,204 1
user_000558	143 1,0 1,15 1,2 1,4 1,16 1,5 1,12 1,6 1,7 1,152 1,18 1,146 0,19 1,188 1,23 1,148 1,149 1,150 1,151 1,28 1,29 1,30 1,31 1,32 1,33 0,34 1,35 0,36 1,37 1,38 1,39 1,189 1,41 1,42 1,157 1,206 1,45 1,159 1,47 1,48 1,58 1,49 1,59 1,51 1,52 1,60 0,53 1,61 1,57 1,64 1,74 1,65 1,66 1,68 1,69 1,71 1,72 1,73 1,75 1,160 1,161 1,76 1,83 1,84 1,191 0,88 0,166 1,168 0,89 1,209 1,169 1,195 1,196 1,90 1,91 1,197 1,92 1,170 1,171 1,99 1,101 1,102 1,104 1,106 1,198 1,107 1,173 1,109 1,199 1,116 1,118 1,119 1,120 1,121 1,176 1,177 1,178 1,124 1,77 1,83 1,125 1,214 1,94 1,92 1,207 1,42 1,52 1,67 1,73 1,219 1,179 1,129 0,180 1,200 1,181 1,183 0,132 1,133 1,215 1,136 1,185 1,137 1,138 0,186 1,202 0,142 1,203 1,216 1,204 0
user_000559	144 1,11 0,1 1,2 0,4 0,7 0,17 0,8 0,13 1,14 0,143 0,144 1,0 1,2 0,3 0,16 1,5 0,7 1,9 0,14 0,143 1,144 1,11 1,2 1,4 1,16 1,7 1,17 1,9 1,14 1,145 1,18 1,146 1,22 1,188 0,23 1,149 1,150 1,25 1,27 1,28 0,29 1,30 0,31 0,32 1,33 0,34 1,35 0,36 0,37 0,28 1,29 1,30 1,31 0,32 1,33 1,34 1,35 0,36 1,37 1,28 1,29 1,30 1,31 0,32 1,33 0,34 1,35 0,36 1,37 1,48 1,58 1,59 1,60 1,53 1,54 1,62 1,63 1,56 1,57 0,74 0,65 0,66 0,67 0,68 0,69 0,70 0,71 0,72 0,75 0,64 0,74 1,66 1,68 0,69 1,70 1,71 1,72 1,73 1,75 1,160 1,161 1,162 1,77 1,79 1,163 1,81 1,164 1,165 1,83 1,85 1,190 1,88 1,192 1,218 1,195 1,127 1,91 1,211 1,197 1,96 1,98 0,99 1,101 1,102 0,104 1,198 0,107 0,108 0,109 0,111 0,112 1,199 0,114 1,174 1,117 1,118 1,120 1,175 1,177 1,123 1,124 1,77 0,83 0,87 1,125 0,214 0,126 1,127 1,94 1,92 1,42 1,56 1,73 1,128 1,219 1,200 1,130 1,201 1,183 1,132 1,184 1,135 1,137 1,139 1,186 1,141 1,142 1,203 1,216 1
user_000560	10 1,0 0,11 0,15 0,2 0,16 0,5 0,6 1,7 0,14 1,143 0,144 0,15 1,3 1,4 0,16 0,6 1,17 0,8 0,9 0,152 1,146 1,19 1,21 1,22 1,148 1,24 1,149 1,26 1,151 1,28 0,29 1,30 1,31 0,32 1,33 0,34 1,35 1,36 1,37 1,28 1,29 1,30 1,31 1,32 0,33 1,34 1,35 1,36 1,37 1,28 1,29 1,30 1,31 1,32 1,33 1,34 1,35 1,36 1,37 1,39 1,207 0,40 1,41 0,42 1,43 1,157 0,158 0,46 1,47 1,205 1,40 1,155 1,189 1,42 1,157 1,45 1,158 1,159 1,47 1,58 1,49 1,50 1,51 0,52 0,61 1,54 0,62 1,55 1,56 1,64 1,66 0,67 1,68 1,69 1,70 0,71 1,72 1,73 1,75 0,160 1,161 1,162 1,77 0,80 1,84 1,85 1,190 0,88 0,192 0,166 1,167 1,168 1,214 1,210 1,196 1,90 1,212 0,171 1,94 1,96 1,98 1,99 1,100 1,102 1,103 1,105 1,172 1,198 1,107 1,173 1,112 1,113 1,115 1,116 1,118 1,119 1,177 0,122 1,178 1,124 1,81 1,125 1,126 1,127 1,92 1,42 1,59 1,52 1,56 1,67 1,73 1,219 1,180 1,130 1,181 1,201 1,131 1,184 1,215 1,135 1,185 1,137 1,139 1,186 1,202 1,142 1,216 1,204 0,187 1
user_000561	143 0,144 1,1 1,2 0,3 1,5 0,6 1,8 1,13 0,14 0,152 1,18 1,20 0,21 1,22 0,24 1,153 0,150 1,151 1,27 1,28 0,29 1,30 1,31 1,32 1,33 0,34 1,35 1,36 1,37 1,38 0,207 1,205 1,189 1,42 1,44 1,206 1,158 1,46 1,159 1,59 1,50 1,51 1,52 1,53 1,54 1,62 1,55 1,56 1,57 1,64 1,74 1,65 1,66 1,67 0,69 0,71 1,72 1,73 0,75 1,161 1,76 1,162 1,80 1,82 1,208 0,83 0,190 1,87 1,191 1,192 1,125 1,166 1,127 1,197 1,170 1,212 1,171 1,93 1,95 1,96 0,97 1,100 1,103 1,104 1,105 0,106 1,172 1,198 1,107 1,173 1,112 0,199 1,114 1,115 1,119 1,121 1,178 1,124 1,124 1,77 1,81 1,87 1,125 1,126 1,207 1,42 1,59 1,56 1,73 1,128 1,219 1,179 1,180 1,200 1,130 1,217 0,181 1,201 0,131 1,134 1,136 1,139 1,186 1,202 1,142 1,203 1,216 1,204 0,187 1
user_000562	145 1,18 1,20 1,21 0,22 0,24 1,149 1,25 1,26 1,27 1,28 1,29 1,30 1,31 1,32 0,33 1,34 1,35 0,36 1,37 1,28 1,29 1,30 1,31 1,32 1,33 1,34 1,35 1,36 1,37 1,207 1,154 1,40 0,155 0,42 1,43 1,45 1,158 1,46 1,47 1,48 1,58 1,59 1,50 1,52 1,60 0,53 1,55 1,63 1,57 1,74 1,65 1,66 1,67 1,68 0,69 1,71 1,72 1,73 1,75 1,160 1,161 1,76 1,79 1,80 1,208 1,84 1,190 1,88 0,125 1,168 1,89 1,193 1,214 1,169 1,210 1,197 1,212 1,171 1,95 1,96 0,97 1,99 1,100 1,213 0,101 0,102 1,103 1,110 0,199 1,116 1,118 1,119 1,120 1,175 1,177 1,122 1,123 1,178 1,124 1,77 1,125 1,214 1,126 1,127 1,94 1,92 1,207 1,42 1,67 1,73 1,128 1,219 1,179 1,180 1,181 1,131 1,182 1,183 1,133 1,134 1,135 1,136 1,139 1,186 1,202 1,141 1,216 1,204 1,187 1
user_000563	10 0,11 0,15 0,2 0,4 0,12 0,6 0,7 0,13 0,14 0,10 1,143 1,11 1,1 1,3 1,16 1,5 1,12 1,7 1,17 1,152 1,145 1,20 1,22 1,188 1,153 1,149 1,150 1,25 1,151 1,28 1,29 1,30 1,31 1,32 1,33 1,34 1,35 1,36 1,37 1,38 1,205 1,154 1,40 0,189 1,44 1,158 1,46 0,159 1,47 1,48 1,49 1,50 1,52 1,60 1,53 1,54 1,55 1,63 1,57 1,160 0,78 0,163 1,82 1,165 0,85 1,87 1,191 1,125 0,167 1,168 1,218 1,214 0,209 1,90 1,197 1,92 1,170 1,93 1,95 1,96 0,97 1,98 1,99 1,102 1,103 1,104 1,106 0,198 1,107 1,173 1,110 0,111 1,199 1,114 1,115 1,116 0,117 1,118 1,121 1,122 1,123 1,178 1,124 1,124 1,77 1,125 0,214 1,94 0,92 1,207 1,67 1,73 1,219 1,200 1,130 1,217 0,181 1,131 1,182 1,132 1,133 1,134 1,215 1,185 1,137 1,139 1,140 1,141 1,203 1
user_000564	10 1,0 1,11 0,15 1,3 1,6 0,7 1,17 1,8 0,13 1,144 1,0 1,1 1,3 1,4 0,16 1,5 1,6 0,7 1,9 0,144 1,0 1,15 1,1 1,3 1,16 1,12 1,6 1,7 1,17 1,152 1,145 1,146 1,20 0,147 1,23 0,148 0,150 0,26 1,151 1,145 1,19 1,20 1,22 1,188 1,148 1,153 1,149 1,26 1,151 1,28 1,29 1,30 1,31 1,32 1,33 1,34 1,35 1,36 1,37 1,38 1,39 1,40 1,41 1,42 1,44 0,156 1,157 1,206 1,159 1,39 1,207 1,154 0,155 1,189 1,43 0,44 0,157 1,206 1,47 1,64 0,74 1,65 1,67 0,68 0,69 0,70 1,71 0,72 1,73 1,64 1,74 1,65 1,67 0,68 1,69 1,71 1,72 1,73 1,75 1,76 1,78 1,164 1,165 1,83 1,84 1,85 1,88 0,192 1,89 0,218 1,193 1,209 1,169 1,210 1,197 1,92 1,212 0,93 1,94 1,97 1,98 1,99 1,100 1,101 1,106 1,198 1,111 1,113 1,114 1,174 1,116 1,118 1,119 1,120 1,121 1,175 1,176 1,177 1,122 1,123 1,178 1,124 1,77 0,81 0,87 1,214 1,126 1,52 1,67 1,73 1,128 1,179 1,129 1,180 1,217 1,201 1,131 1,134 1,135 1,185 1,137 1,138 1,139 1,140 1,186 1,142 1,203 1,216 1,187 1
user_000565	10 0,15 1,1 0,3 1,4 0,16 1,7 1,8 0,9 1,14 1,28 0,29 0,30 0,31 0,32 0,33 0,34 1,35 0,36 1,37 1,28 1,29 0,30 0,31 1,32 0,33 1,34 1,35 0,36 1,37 1,28 1,29 1,30 1,31 1,32 0,33 1,34 1,35 0,36 1,37 1,38 1,40 1,189 1,41 0,42 1,43 0,44 0,156 1,206 0,45 1,38 1,207 1,40 1,41 1,42 1,157 0,206 1,45 1,158 1,46 0,48 1,58 0,59 0,50 1,51 1,52 0,60 1,53 1,62 0,55 1,48 1,58 1,49 1,50 1,60 1,53 1,55 1,63 1,56 1,57 1,65 1,66 1,67 1,68 1,69 1,70 0,71 1,72 1,73 0,75 1,64 1,65 1,66 1,67 1,68 1,69 0,70 0,71 1,73 1,75 1,64 1,74 1,65 1,66 1,67 1,69 1,70 1,71 1,73 1,75 1,76 0,79 1,163 0,164 1,208 1,86 0,190 1,191 0,166 0,167 1,193 1,214 1,126 1,195 0,90 1,197 1,92 1,170 1,171 1,94 1,97 1,98 0,99 1,100 1,213 1,102 0,104 1,105 1,106 1,172 1,198 1,173 1,109 1,112 1,113 1,114 1,116 1,119 1,175 1,177 1,123 0,178 0,124 0,125 0,214 1,126 0,127 0,207 1,42 1,52 1,56 1,179 1,129 1,200 1,130 0,217 1,182 1,183 1,132 0,134 1,184 1,215 1,135 0,137 0,139 0,140 1,202 0,203 1,204 1,187 1
user_000566	10 1,143 0,11 1,2 1,4 0,16 1,6 1,7 1,17 1,8 0,28 1,29 1,30 1,31 1,32 0,33 1,34 1,35 1,36 1,37 1,38 1,207 1,154 1,40 1,189 1,156 1,157 1,206 1,46 0,47 1,74 0,65 1,66 0,67 1,68 0,69 1,70 0,71 1,72 1,75 1,64 1,74 1,66 0,67 1,68 0,69 1,70 1,71 1,73 1,75 1,76 1,79 1,82 1,208 1,165 1,83 1,87 0,191 0,125 0,167 1,193 0,194 1,169 1,126 1,196 1,90 1,170 1,171 1,93 1,94 1,98 1,100 1,101 1,102 1,103 1,104 1,106 1,107 1,173 1,110 0,111 1,112 1,116 1,117 1,119 1,120 0,121 1,175 1,176 1,177 0,122 1,178 1,77 1,87 1,125 0,94 1,92 1,42 0,59 1,56 1,219 1,179 1,129 1,180 1,200 1,130 1,181 1,201 1,131 1,183 1,135 1,136 1,138 1,139 1,140 1,186 1,142 0,203 1,204 1,187 1
user_000567	143 1,15 1,2 1,3 1,4 1,16 1,6 1,7 1,13 1,14 1,28 1,29 1,30 1,31 1,32 1,33 1,34 1,35 1,36 1,37 1,38 0,39 0,207 1,154 1,155 0,44 1,206 1,158 1,46 1,159 1,38 1,207 1,155 1,189 1,41 1,44 1,157 1,158 1,159 1,47 1,58 1,49 1,59 1,50 1,60 1,53 1,61 1,55 0,63 1,56 1,160 1,162 1,78 1,79 1,165 1,83 1,85 1,86 1,88 1,125 1,89 0,194 1,209 1,126 1,196 1,127 1,211 1,197 1,171 1,95 1,96 1,97 1,99 1,213 1,101 1,102 1,103 1,104 1,172 1,198 1,107 1,108 1,109 1,110 0,111 1,112 1,113 1,114 1,174 1,116 1,118 1,120 1,176 1,123 1,178 1,124 1,124 1,77 1,125 1,126 1,127 1,94 1,59 1,52 1,67 1,128 1,219 1,129 0,200 1,130 1,217 0,131 1,133 1,184 1,215 1,185 1,138 1,140 1,186 1,187 1
user_000568	10 1,11 0,15 0,2 0,4 0,12 1,8 0,13 1,9 1,14 1,28 1,29 1,30 1,31 1,32 1,33 1,34 1,35 1,36 1,37 1,38 1,207 1,205 1,40 1,155 1,43 1,156 1,206 1,158 1,47 1,48 1,59 1,50 1,51 1,52 1,53 1,55 1,63 1,56 1,57 1,64 0,74 1,65 1,66 1,67 1,69 1,70 0,71 1,73 1,75 1,76 1,162 1,78 1,208 1,165 1,84 1,87 1,88 1,166 1,193 0,194 1,209 1,195 1,210 1,127 1,91 1,212 1,93 1,94 1,95 1,97 1,98 1,101 1,102 1,103 1,172 1,107 1,173 1,108 1,109 1,113 1,114 1,174 0,115 1,117 1,120 1,121 1,175 1,123 1,178 1,124 1,77 1,81 1,83 1,87 1,125 0,214 1,94 1,42 1,56 1,73 1,219 1,129 1,180 1,200 1,181 1,201 1,182 1,183 1,132 1,215 1,135 1,136 1,185 1,137 1,139 1,142 1,203 1,216 0,187 1
user_000569	0 1,11 0,15 1,3 0,4 0,16 1,5 0,12 1,7 1,14 0,18 0,146 0,19 1,21 1,188 0,24 1,153 0,149 0,150 0,26 0,28 1,29 1,30 1,31 1,32 0,33 1,34 1,35 0,36 1,37 1,39 1,154 1,189 0,41 1,42 1,44 1,157 0,158 0,46 1,159 0,48 1,58 1,49 1,59 1,51 1,60 1,53 1,55 1,63 1,56 1,64 0,74 1,66 1,67 0,68 0,69 1,70 0,71 1,73 1,75 1,64 1,74 1,65 1,66 1,68 1,70 1,71 1,72 1,73 0,75 1,160 1,79 1,163 0,80 1,82 1,83 1,84 1,85 0,192 1,167 1,168 0,214 1,195 1,196 1,90 1,91 1,211 1,170 0,212 1,94 1,99 1,101 1,102 1,104 1,105 1,106 1,172 1,198 1,107 1,109 1,110 1,111 1,114 1,174 1,115 1,118 1,119 1,121 1,176 1,177 1,123 1,178 1,81 1,83 1,87 1,214 1,126 1,42 1,59 1,56 1,67 1,129 1,180 1,200 1,217 0,181 1,201 1,182 1,132 1,133 0,184 0,215 1,136 1,185 1,138 1,139 0,140 1,141 1,142 1,216 1
user_000570	143 1,0 1,11 1,15 1,4 1,16 1,17 1,8 0,9 1,14 1,28 1,29 1,30 1,31 1,32 1,33 0,34 0,35 0,36 1,37 1,28 1,29 1,30 1,31 1,32 0,33 0,34 1,35 0,36 1,37 1,28 1,29 1,30 1,31 1,32 1,33 1,34 1,35 1,36 1,37 1,207 1,154 1,40 1,189 1,42 1,43 1,157 1,46 0,159 1,47 1,48 0,58 1,59 1,51 1,53 1,61 1,54 1,55 0,63 1,57 1,48 1,58 1,50 1,52 1,61 1,62 1,55 1,63 1,56 1,57 1,74 1,65 1,66 1,67 1,68 1,69 1,70 1,71 1,73 1,75 1,160 1,161 1,162 1,163 1,81 1,165 0,85 1,86 0,192 1,125 0,168 1,89 1,218 1,126 1,196 1,127 1,91 1,197 1,171 1,94 1,97 1,98 1,99 1,100 1,101 1,105 1,107 1,173 1,109 1,110 1,111 0,112 1,113 1,174 1,115 1,117 0,118 1,120 1,175 1,176 0,177 1,122 0,123 1,178 1,124 1,83 1,214 1,127 0,92 1,207 1,42 0,52 1,56 1,67 1,73 1,179 1,129 1,180 1,201 1,131 1,182 1,132 1,134 1,135 1,185 1,139 1,140 1,141 0,142 1,216 1
user_000571	143 0,144 1,2 1,3 0,4 0,12 0,6 0,7 0,17 1,8 0,18 0,146 0,19 1,21 0,147 0,23 1,148 1,24 1,26 1,27 0,28 1,29 1,30 1,31 1,32 0,33 1,34 1,35 0,36 1,37 1,38 1,39 0,207 0,189 1,41 0,43 1,156 0,158 1,46 0,47 0,48 1,49 1,59 1,50 0,52 0,60 0,54 1,55 0,63 1,56 0,64 1,74 1,65 1,66 0,67 0,69 1,70 0,71 1,72 0,75 0,161 1,76 1,163 1,81 1,164 1,83 1,84 1,86 1,190 1,87 1,88 1,192 1,125 1,168 1,214 1,209 1,210 1,90 1,212 1,93 1,96 0,97 1,98 1,213 1,101 1,105 1,106 0,107 1,108 1,110 1,111 1,112 0,199 1,113 1,114 0,116 1,117 1,119 1,120 0,176 1,177 1,77 0,125 0,127 1,207 0,42 0,59 1,67 1,73 1,128 1,219 1,129 1,180 1,200 1,130 1,181 1,131 1,182 1,134 1,184 1,215 1,135 1,136 1,185 1,137 0,138 1,141 0,203 1,216 0,204 1
user_000572	10 0,143 0,11 0,3 1,4 0,16 1,5 0,12 1,7 1,13 1,10 0,143 1,144 1,11 1,3 1,12 1,6 1,7 1,17 1,13 1,143 1,144 1,0 1,15 1,2 1,16 1,5 1,6 1,13 1,9 1,152 1,145 1,146 1,147 1,188 1,23 1,148 1,25 1,26 1,151 1,28 0,29 1,30 1,31 1,32 0,33 0,34 1,35 1,36 1,37 1,28 1,29 1,30 1,31 1,32 1,33 1,34 1,35 1,36 1,37 1,58 1,49 1,59 1,50 1,51 1,60 1,61 1,54 1,55 1,56 1,64 0,74 1,65 1,66 1,68 1,69 1,70 1,72 1,73 1,75 1,77 1,79 0,82 1,190 1,191 1,88 1,192 1,125 1,168 0,218 0,193 0,194 1,214 1,209 1,210 1,196 1,127 1,92 1,170 0,93 1,96 0,97 1,98 1,99 1,102 1,103 1,104 1,198 1,108 1,199 1,113 1,114 1,115 1,117 1,118 1,120 1,176 0,122 1,123 1,178 1,124 1,124 1,77 1,81 1,83 1,87 1,214 1,94 1,42 1,56 0,179 1,180 1,200 1,130 1,217 0,181 1,201 1,131 1,182 1,133 0,134 1,184 1,215 1,136 1,137 1,140 0,186 0,142 1,203 1,204 1
user_000573	10 1,144 0,11 0,1 1,4 1,16 1,12 1,17 0,9 1,14 1,144 1,15 0,1 0,3 1,4 0,12 1,7 1,17 1,13 1,9 1,144 1,11 0,1 1,2 0,4 1,5 0,6 1,8 0,13 1,9 1,18 0,19 0,21 0,147 0,188 0,23 0,149 0,150 0,25 0,27 0,145 1,19 1,147 1,22 1,188 1,23 1,148 1,150 1,25 0,27 1,28 1,29 1,30 1,31 1,32 0,33 1,34 1,35 1,36 1,37 1,39 0,207 1,205 1,40 1,41 1,156 0,157 1,206 1,46 0,47 0,38 1,207 1,40 1,189 0,42 1,43 1,44 0,156 1,45 1,46 0,48 1,58 1,49 1,59 1,52 1,60 1,62 0,55 1,63 1,56 0,64 1,65 0,67 1,68 1,69 0,70 0,71 0,72 0,73 0,75 0,74 0,65 1,66 0,67 1,69 0,70 1,71 0,72 1,73 1,75 1,64 0,74 0,66 0,67 1,69 0,70 1,71 0,72 1,73 1,75 0,76 1,78 1,79 1,80 1,208 0,165 0,83 1,190 1,88 1,192 1,166 1,167 1,168 1,89 1,218 1,193 0,194 0,126 1,210 1,171 1,96 0,98 0,99 1,100 0,213 1,101 1,102 1,103 1,105 1,106 1,198 1,107 1,111 0,199 0,113 1,174 0,115 0,116 0,117 0,121 1,177 1,122 1,123 0,178 0,124 1,81 0,83 1,87 0,214 1,127 0,92 1,207 1,42 1,59 0,56 0,73 1,128 0,219 0,179 0,130 1,217 0,181 0,201 0,131 1,183 1,215 1,185 0,137 1,186 1,216 1
user_000574	0 1,15 1,2 1,3 1,4 1,16 1,7 1,17 1,13 1,9 0,145 1,146 1,20 1,22 1,188 1,23 1,153 1,25 1,151 1,27 1,28 1,29 1,30 1,31 1,32 1,33 1,34 1,35 1,36 1,37 1,38 1,205 1,155 1,189 1,41 1,43 1,156 1,45 1,46 1,47 1,48 1,58 1,49 1,59 1,50 1,51 1,53 1,62 1,56 1,57 1,74 1,65 1,66 1,68 1,69 1,70 1,71 1,72 1,73 1,75 1,160 1,161 1,76 1,162 1,77 1,208 1,84 1,85 1,86 1,87 1,166 1,167 1,168 1,193 1,214 1,126 1,91 1,211 1,170 1,95 1,96 1,97 1,99 1,100 1,101 1,102 0,104 0,172 0,108 0,109 0,110 0,111 0,199 0,114 0,115 0,117 0,118 0,175 0,122 0,124 0,81 0,83 0,127 0,92 0,207 0,42 0,56 0,219 0,179 0,129 0,180 0,130 0,217 0,182 0,183 0,133 0,134 0,184 0,215 0,135 0,136 0,185 0,137 0,138 0,139 0,140 0,202 0,203 0,204 0,187 0
user_000575	144 1,0 0,15 0,3 0,4 0,5 0,8 0,13 1,9 0,14 0,143 1,0 1,1 1,3 1,4 0,16 1,5 0,12 1,17 0,14 1,38 1,39 1,207 1,41 1,42 1,44 1,156 1,158 0,46 1,47 1,49 1,59 1,50 1,53 1,61 1,54 1,62 1,55 1,56 1,57 1,64 1,74 1,65 1,66 1,68 1,69 0,71 1,72 1,73 0,75 1,161 1,162 1,79 1,80 1,164 1,208 1,84 1,85 1,86 1,88 1,166 1,167 1,89 1,214 1,126 1,210 1,196 1,90 1,127 1,197 1,99 1,101 1,105 1,106 1,172 1,198 1,173 1,109 1,112 1,199 1,113 1,114 1,174 1,116 1,118 1,120 1,175 1,122 1,178 1,81 1,83 1,87 1,125 1,126 1,127 1,94 1,92 1,207 1,52 1,67 1,73 1,130 1,201 0,183 0,133 1,134 1,184 1,215 1,135 1,136 1,185 1,137 1,138 1,139 1,140 1,141 1,203 1,216 1,204 1,187 0
user_000576	10 1,144 1,1 0,2 0,3 0,16 0,7 1,8 0,13 1,14 1,143 0,0 1,1 0,2 0,3 1,5 0,12 0,6 0,8 0,9 1,28 1,29 0,30 1,31 0,32 0,33 1,34 0,35 0,36 1,37 1,48 1,49 1,59 1,50 1,52 1,54 1,62 1,55 1,63 1,57 1,64 1,74 1,65 1,66 1,67 0,68 1,69 1,70 0,71 1,75 1,160 1,78 1,79 1,82 1,164 1,165 1,83 1,86 1,191 1,192 1,166 1,168 1,194 1,126 1,91 1,212 1,171 1,93 1,94 1,95 1,96 0,97 1,98 1,99 1,102 1,103 0,104 1,105 1,198 1,107 1,108 1,109 1,110 1,174 1,115 1,116 1,117 1,121 1,175 1,177 1,124 1,124 1,77 1,83 1,125 1,214 1,126 1,127 1,94 1,92 1,42 1,52 1,73 1,219 1,179 1,180 1,200 1,130 1,217 0,181 1,201 1,182 1,183 1,133 0,215 1,139 1,186 1,202 0,141 1,142 1
user_000577	143 0,15 0,2 0,3 1,4 0,16 0,12 0,6 0,17 0,14 0,10 1,143 1,11 1,2 0,3 1,5 1,6 1,7 1,13 1,14 0,144 1,11 1,15 1,2 1,4 1,16 1,6 1,7 1,13 1,14 0,28 1,29 1,30 1,31 1,32 1,33 1,34 1,35 1,36 1,37 1,39 1,205 1,154 1,155 1,42 1,43 1,157 1,45 1,158 1,159 1,48 1,58 1,49 1,59 1,52 1,60 1,61 1,54 1,55 1,57 0,64 1,74 1,66 1,67 1,68 1,70 1,71 1,72 1,73 1,75 1,162 1,77 1,78 1,79 0,80 1,81 1,164 1,208 1,85 1,190 1,87 1,88 1,192 1,125 1,166 1,126 1,195 1,196 1,90 1,170 1,96 1,98 1,99 0,213 1,101 1,105 1,172 1,198 1,107 1,173 1,108 1,109 1,112 1,199 1,174 1,115 1,117 1,118 1,120 1,121 1,175 1,176 0,177 0,123 1,124 1,77 1,126 1,207 1,56 0,219 1,179 1,200 1,130 1,217 1,181 1,201 1,131 1,183 1,132 1,133 1,134 1,184 1,215 1,135 1,136 1,186 1,141 1,142 1,216 1,204 1
user_000578	58 0,49 0,50 1,51 1,52 1,60 1,61 1,54 1,55 1,63 1,64 1,74 1,65 1,67 1,68 1,69 1,71 1,72 1,73 1,75 1,160 1,161 1,162 1,79 0,80 1,81 1,208 1,165 0,83 1,85 1,86 1,191 1,167 1,194 0,210 1,90 1,91 1,197 1,212 1,94 1,97 1,99 1,100 1,101 1,103 1,104 1,173 1,111 1,112 1,199 1,113 1,114 1,174 1,117 1,119 1,120 1,121 1,176 1,122 1,124 1,124 1,77 1,87 1,214 1,94 1,92 1,67 1,73 1,128 1,219 1,179 1,180 1,200 1,130 1,217 1,181 1,201 1,182 1,183 1,132 1,133 1,184 1,137 1,138 1,140 1,186 1,141 1,142 1,216 1,187 1
user_000579	39 1,205 1,154 1,155 1,41 1,156 1,206 1,158 1,46 1,47 1,64 1,74 1,65 1,67 1,68 1,69 1,71 1,72 1,73 1,75 1,160 1,162 1,77 1,78 1,80 1,82 1,208 1,83 1,85 1,86 1,190 1,125 0,166 1,89 1,194 1,195 1,91 0,212 1,93 1,94 1,96 1,97 1,98 1,99 1,213 1,104 1,198 1,107 1,109 1,199 1,114 1,174 1,115 1,116 1,117 1,118 1,119 1,120 1,175 1,176 1,177 1,124 1,125 0,214 1,126 1,127 1,94 1,92 1,42 0,59 1,52 1,56 1,67 1,179 1,180 1,200 1,217 0,181 1,201 1,131 1,183 1,132 1,133 1,215 1,136 1,185 1,141 1,203 1,204 1,187 1
user_000580	10 1,143 1,15 1,1 0,4 0,16 0,5 1,12 1,8 0,9 0,10 1,144 1,1 0,3 0,4 0,16 0,5 0,17 0,8 0,9 0,143 1,11 0,15 1,1 0,4 0,5 1,6 1,7 1,8 1,13 1,152 0,18 1,146 1,19 0,22 0,148 0,24 0,150 1,25 1,151 0,145 0,146 1,19 1,147 1,188 0,148 0,24 0,25 1,26 0,151 1,152 0,18 0,19 0,21 0,147 1,24 0,25 1,26 0,151 1,27 1,28 1,29 1,30 1,31 1,32 1,33 1,34 1,35 1,36 1,37 1,39 0,207 0,154 0,155 0,189 0,44 1,156 0,206 0,158 0,159 1,38 1,207 0,155 0,189 0,41 0,43 1,44 1,156 1,45 0,158 0,38 0,39 1,207 1,205 1,155 1,43 1,157 0,206 1,46 0,47 0,48 0,49 0,50 0,51 1,60 0,61 0,54 0,62 0,55 0,56 0,58 0,50 0,51 0,52 0,53 0,54 1,62 0,55 1,63 0,56 0,48 1,58 1,59 0,50 0,51 1,52 0,53 0,62 1,63 0,56 0,74 0,65 1,67 0,68 1,69 0,70 1,71 0,72 0,73 0,75 1,162 1,78 1,80 1,81 1,208 0,87 1,191 1,88 0,192 0,125 0,89 1,195 1,210 1,196 1,90 1,197 1,170 1,212 0,94 1,95 1,97 0,98 0,101 0,102 1,103 0,105 1,198 1,108 1,109 1,110 1,111 1,112 0,199 1,117 1,118 1,119 1,122 0,123 1,77 0,81 0,83 0,87 1,92 1,42 1,59 1,52 1,56 0,67 0,73 1,219 1,179 1,129 1,180 1,200 1,130 1,217 1,201 1,131 1,133 1,134 1,184 1,215 1,135 1,185 1,137 1,139 1,186 1,202 1,204 1,187 1
user_000581	143 1,144 1,0 1,1 1,4 0,16 1,5 0,7 1,17 1,8 1,10 1,143 1,11 0,15 1,4 1,5 0,6 1,17 1,13 1,14 1,10 1,0 1,11 1,2 0,3 1,16 1,12 1,17 1,9 1,14 1,152 0,18 0,20 1,21 1,147 1,150 0,25 1,26 1,151 1,27 1,152 1,145 1,146 1,20 1,188 1,148 1,149 1,25 1,151 1,27 1,28 1,29 1,30 1,31 1,32 1,33 1,34 1,35 1,36 1,37 1,38 1,40 1,155 1,189 1,42 1,43 1,156 1,157 1,158 1,159 1,48 1,58 1,49 1,51 1,60 1,53 1,61 1,54 1,62 1,56 1,64 1,74 1,65 1,66 1,67 1,70 0,71 1,72 1,73 1,75 1,162 1,77 0,78 1,80 0,164 1,208 1,83 1,86 1,192 1,125 0,167 1,194 1,214 1,209 1,195 1,210 1,196 1,212 1,93 1,94 1,96 1,97 1,99 1,100 1,213 0,102 0,103 0,105 1,106 0,198 0,107 0,108 0,111 0,113 1,114 0,174 0,117 1,120 0,121 0,175 0,176 0,177 0,123 0,178 1,124 0,81 1,126 0,127 0,94 0,73 1,128 0,219 1,180 0,200 1,217 0,181 0,201 0,131 0,132 0,133 0,134 0,215 0,135 0,136 0,185 0,137 0,139 0,140 0,186 0,142 0
user_000582	10 0,143 1,144 1,11 0,2 0,16 1,5 1,8 0,13 0,9 0,143 1,144 1,15 0,3 1,4 1,16 1,17 0,13 1,9 0,14 1,152 1,146 1,21 1,147 1,188 1,148 1,153 1,26 1,151 1,27 1,28 1,29 1,30 1,31 1,32 1,33 1,34 1,35 1,36 1,37 1,38 1,39 1,207 1,155 1,42 1,156 1,157 1,206 1,45 1,47 1,64 1,74 1,65 1,66 1,67 1,68 1,69 1,71 1,73 1,75 1,162 1,79 1,81 1,208 1,84 1,86 1,190 1,192 1,125 1,167 1,168 1,89 1,194 1,209 0,126 1,196 1,211 1,170 1,93 1,94 1,97 1,98 1,99 1,100 1,101 1,103 1,104 1,105 1,106 1,172 1,198 1,107 1,108 1,109 0,111 1,112 0,114 1,115 1,175 1,178 1,77 1,87 1,125 1,214 1,126 1,127 1,42 1,59 1,52 1,56 1,67 1,219 1,179 1,129 0,180 1,217 0,131 1,132 0,184 1,215 1,136 1,137 1,138 0,140 1,186 1,202 0,141 1,203 1,216 1,204 0
user_000583	10 0,143 0,0 1,2 0,4 0,12 1,6 0,7 0,13 1,9 0,0 1,11 1,1 1,2 0,3 0,5 0,12 1,6 0,13 1,14 0,152 1,145 1,18 1,21 0,22 1,24 1,149 1,25 0,151 1,27 1,28 1,29 0,30 1,31 0,32 0,33 0,34 0,35 0,36 1,37 1,39 1,207 1,205 0,40 0,42 0,206 1,45 1,158 0,159 1,47 0,48 0,58 0,49 0,52 1,53 0,61 1,62 0,55 0,63 0,57 0,58 1,50 0,51 0,52 0,60 1,53 1,61 0,55 0,63 1,56 0,59 0,50 0,51 0,52 0,53 0,61 0,54 0,55 0,56 0,57 0,64 0,74 0,65 0,66 0,67 0,68 0,69 0,70 0,73 1,75 0,64 0,74 0,65 0,66 0,67 0,68 0,69 1,72 1,73 1,75 1,76 1,162 1,78 1,82 1,208 1,84 1,85 1,125 1,218 1,193 0,194 1,214 1,209 1,195 1,91 1,211 1,197 1,92 1,212 1,94 1,98 1,100 1,101 1,102 0,104 1,105 1,106 1,172 1,198 1,107 1,173 1,112 1,199 1,113 0,114 1,174 1,115 1,116 1,117 1,119 1,120 1,176 1,122 1,123 1,178 1,124 1,124 1,77 1,214 1,127 1,94 1,92 1,59 1,52 1,56 1,67 1,180 1,200 1,131 1,183 0,132 1,133 0,134 1,135 1,136 1,139 1,140 1,202 1,141 1,142 1
user_000584	10 1,143 1,11 0,15 1,3 1,16 1,12 1,7 1,8 1,9 1,152 0,18 0,146 1,147 1,188 1,148 1,24 1,149 1,150 1,25 1,152 1,18 1,19 1,20 1,188 0,24 1,153 1,26 1,151 1,27 1,152 1,19 1,20 1,21 1,147 1,23 1,149 1,150 1,25 1,27 1,28 1,29 1,30 1,31 1,32 1,33 0,34 1,35 0,36 1,37 1,28 1,29 1,30 1,31 0,32 1,33 0,34 1,35 0,36 1,37 1,28 1,29 1,30 1,31 1,32 1,33 1,34 1,35 0,36 1,37 1,39 1,207 1,154 1,189 1,41 1,43 1,157 1,206 0,45 1,46 0,39 1,207 1,205 1,155 0,42 1,43 0,44 0,156 1,206 0,45 1,38 1,39 1,154 0,41 0,42 1,43 0,44 0,158 0,46 1,159 0,48 1,58 1,59 0,51 1,52 0,60 0,53 1,61 1,54 1,62 1,49 1,59 0,51 1,52 0,61 1,54 0,62 1,55 0,56 1,57 1,48 1,59 0,50 0,60 1,61 1,54 0,62 1,63 1,56 1,57 1,64 1,74 1,65 1,66 1,67 1,68 1,71 1,72 0,73 1,75 1,160 1,76 0,162 0,77 0,82 1,164 0,208 0,165 0,85 0,86 0,191 1,166 1,218 1,194 1,195 0,210 1,90 1,212 0,171 1,95 0,97 1,99 1,213 1,101 1,102 1,103 1,104 1,105 0,172 1,198 1,107 1,110 1,112 1,199 1,113 1,114 1,116 1,117 0,118 1,121 0,176 1,177 1,123 1,124 1,125 0,127 1,42 1,59 1,52 0,73 1,219 1,130 1,217 1,201 1,131 1,182 0,133 1,134 1,135 1,136 1,185 1,137 1,138 1,140 0,186 1,202 1,141 1,142 1,204 1,187 1
user_000585	39 1,207 1,189 1,41 1,42 1,43 1,156 1,206 1,45 1,46 1,64 1,74 1,65 1,66 1,67 1,69 1,71 1,72 1,73 1,75 1,77 1,163 1,81 1,164 1,83 1,84 1,85 1,87 1,125 0,167 1,168 1,89 1,195 1,210 1,90 1,127 0,197 1,92 1,212 1,93 1,97 1,98 1,99 1,100 1,101 1,103 1,104 1,172 1,198 1,108 1,109 1,110 1,111 1,112 1,199 1,174 1,115 1,116 1,119 1,120 1,121 1,176 0,122 1,77 1,83 1,125 0,214 1,127 1,94 1,92 1,207 1,59 1,56 1,179 1,180 1,130 1,217 0,131 1,182 1,133 1,134 1,184 1,215 1,185 1,137 1,138 1,140 1,186 1,141 0,204 1
user_000586	10 0,0 1,11 0,15 0,2 0,12 0,7 0,17 1,13 1,9 0,143 1,144 1,2 0,3 0,4 0,16 0,5 1,7 1,17 0,13 0,152 0,145 1,18 0,146 1,22 0,23 1,24 1,153 0,26 1,27 1,28 1,29 1,30 1,31 1,32 1,33 1,34 1,35 1,36 1,37 1,38 1,39 1,154 0,41 0,42 0,44 0,206 0,45 0,158 0,47 1,39 1,205 0,154 0,41 0,42 1,156 0,157 0,46 0,159 0,47 1,38 0,205 0,40 0,155 0,189 1,156 0,45 1,158 1,46 0,159 1,49 1,59 1,50 1,52 0,60 1,53 1,61 1,62 1,63 1,56 0,64 0,74 0,67 1,68 1,69 1,70 0,71 1,72 1,73 1,75 1,64 0,65 1,66 0,67 1,68 0,69 0,70 1,71 1,72 1,75 1,64 1,65 0,66 0,67 1,68 0,69 1,71 1,72 1,73 1,75 1,160 1,78 1,80 1,81 1,164 1,165 0,85 0,87 1,88 0,167 1,194 1,214 1,209 1,195 1,210 1,90 1,127 0,91 1,171 1,94 1,96 1,98 1,100 1,213 1,101 1,103 0,198 1,173 1,109 1,110 0,112 1,113 0,114 1,174 1,115 1,117 1,118 0,120 0,175 1,122 1,123 1,178 1,124 1,81 0,83 0,126 1,127 1,92 1,59 1,52 0,56 0,128 1,219 0,129 1,180 1,201 1,131 1,182 1,132 1,134 1,184 0,215 1,136 1,138 1,139 1,186 1,203 1,216 1,204 1,187 1
user_000587	10 1,0 1,11 1,15 1,3 1,5 1,12 1,6 1,8 0,9 1,143 1,0 1,15 1,1 1,4 1,16 1,7 1,17 1,13 1,9 1,145 1,19 0,20 1,21 1,22 1,23 1,148 1,153 1,150 1,26 1,152 1,145 1,18 1,146 1,188 1,149 1,150 1,25 1,26 1,27 1,28 1,29 1,30 1,31 1,32 1,33 1,34 1,35 1,36 1,37 1,49 1,59 1,50 1,60 1,53 1,61 1,55 1,63 1,56 1,57 1,76 1,162 1,78 1,79 1,163 1,164 1,165 1,191 1,166 1,167 1,168 1,193 1,194 1,214 0,126 1,196 1,197 1,92 1,170 1,212 0,98 1,103 1,106 0,112 1,199 1,113 1,114 1,174 1,115 1,116 0,117 1,119 1,121 1,175 1,122 1,178 1,124 0,81 1,83 1,125 0,214 1,126 1,127 0,94 1,92 1,207 1,42 1,59 1,67 1,73 1,219 1,179 1,200 1,130 1,217 0,201 0,182 1,132 1,133 1,134 1,184 1,215 1,135 1,138 1,140 1,202 1,141 1,142 1,203 1,187 1
user_000588	10 1,143 0,11 0,15 1,2 1,16 0,5 1,6 0,8 0,13 0,10 1,0 1,11 0,2 1,4 0,12 0,8 1,13 1,9 1,14 1,10 0,143 1,11 0,15 1,4 1,12 0,7 1,17 0,13 1,14 1,145 0,146 0,19 1,21 0,147 1,23 1,148 0,153 0,149 1,26 1,28 1,29 1,30 1,31 0,32 1,33 0,34 1,35 1,36 1,37 1,38 0,39 1,40 1,155 1,189 0,43 1,44 1,156 1,157 1,206 1,48 0,58 0,50 1,51 1,60 0,61 0,54 1,62 0,56 0,57 0,48 1,49 0,59 0,50 0,51 0,52 0,61 0,55 0,63 1,56 0,58 0,59 0,51 1,52 0,60 0,53 0,61 1,54 1,55 1,56 1,64 1,66 1,67 1,68 1,69 1,70 0,71 1,72 0,73 0,75 0,64 0,74 0,66 0,67 0,68 0,70 0,71 0,72 0,73 0,75 0,64 0,74 0,65 0,66 1,68 1,69 1,70 1,71 1,72 1,75 1,78 0,79 1,163 1,81 1,164 1,208 0,83 0,84 1,85 1,86 0,190 0,88 1,125 0,166 1,193 0,209 1,169 1,127 1,170 1,212 0,96 1,97 1,100 0,213 1,101 0,102 0,104 0,105 1,106 1,107 1,108 1,110 1,113 1,114 0,115 0,117 1,118 0,121 1,122 1,178 0,124 1,77 0,83 1,87 1,214 0,126 0,127 1,94 0,92 1,56 1,73 1,179 1,180 0,130 0,217 0,181 1,131 0,182 0,183 0,133 1,215 1,136 0,185 1,138 1,140 1,202 1,141 0,216 1,204 1,187 0
user_000589	143 1,0 1,11 0,2 0,4 1,16 1,5 1,7 1,9 1,14 1,144 1,0 1,11 1,1 0,2 1,16 1,5 1,6 1,7 1,9 1,143 1,144 1,11 1,15 1,4 1,5 1,12 1,6 1,13 1,14 1,152 0,18 0,146 1,22 1,188 0,23 0,153 0,150 1,25 1,151 1,152 1,18 0,19 1,21 1,147 1,23 1,24 1,150 1,25 1,27 0,146 1,19 1,20 1,21 1,22 1,148 0,153 1,25 1,151 1,27 0,28 1,29 1,30 0,31 1,32 1,33 1,34 1,35 0,36 0,37 1,28 1,29 1,30 1,31 1,32 1,33 1,34 1,35 1,36 1,37 1,39 1,154 1,40 1,41 1,42 1,44 1,157 1,206 1,158 1,46 1,207 1,154 1,155 1,41 1,42 1,43 1,157 1,206 1,159 1,47 1,39 1,207 1,205 1,154 1,42 1,43 1,156 1,158 1,46 1,159 1,58 1,49 1,59 0,51 1,61 1,54 1,62 1,55 0,56 1,57 0,48 0,49 1,52 1,60 0,53 1,61 1,54 1,55 1,63 1,56 1,74 1,65 1,66 1,67 1,68 1,69 1,71 0,72 0,73 1,75 1,161 1,76 1,162 1,77 1,81 1,83 0,190 1,88 1,168 0,209 1,169 0,210 1,196 1,127 1,91 1,211 1,197 1,92 1,93 1,95 1,96 1,98 1,99 1,213 1,103 1,172 1,107 1,108 1,110 1,199 1,114 1,115 1,117 1,176 1,177 1,178 1,124 1,124 1,77 0,81 1,83 0,87 1,214 1,126 1,127 1,207 1,42 1,52 1,56 1,67 1,73 1,128 1,129 1,200 1,130 1,217 1,201 1,131 1,182 1,183 1,133 1,136 1,137 1,138 1,140 1,186 1,202 1,141 1,216 1,187 1
user_000590	10 0,143 1,0 1,15 1,3 0,16 1,5 0,7 1,17 1,8 1,10 1,143 1,1 1,2 0,4 1,6 1,7 1,13 1,9 1,14 0,10 1,144 1,0 1,15 1,3 0,12 1,6 1,17 1,8 0,9 1,152 0,145 1,21 1,147 0,22 1,23 1,153 1,149 1,150 0,151 1,145 1,18 1,21 1,22 1,188 1,23 1,153 1,149 1,151 1,27 1,28 1,29 1,30 1,31 0,32 0,33 1,34 1,35 0,36 1,37 1,28 1,29 1,30 1,31 1,32 1,33 1,34 1,35 0,36 1,37 1,28 1,29 1,30 1,31 1,32 1,33 1,34 1,35 1,36 1,37 1,38 1,39 1,205 0,154 1,41 1,43 1,44 1,156 1,157 1,45 1,38 1,207 0,154 1,40 1,189 1,44 1,156 1,45 1,158 1,159 1,38 1,39 1,207 1,205 1,155 1,43 1,156 1,45 1,158 1,159 1,48 0,58 1,59 1,52 1,61 0,54 1,62 1,55 1,63 0,57 0,48 1,49 1,50 1,52 1,60 1,53 1,62 1,55 1,63 1,56 0,48 1,58 1,49 1,59 1,50 1,52 1,60 1,54 1,56 1,57 1,64 1,74 1,65 1,66 1,67 1,69 1,70 1,71 1,72 1,75 1,160 1,76 1,78 1,81 1,165 1,84 1,85 0,166 1,168 1,193 1,209 1,169 1,126 1,195 1,210 1,196 1,90 1,211 1,197 1,94 1
user_000591	10 1,144 1,1 0,2 0,4 1,16 0,6 0,7 1,17 1,14 1,152 1,18 1,20 0,21 0,22 1,148 0,149 1,150 1,25 0,151 0,28 1,29 1,30 1,31 1,32 1,33 1,34 1,35 1,36 1,37 1,38 0,207 1,205 0,154 0,41 0,43 0,157 0,46 1,159 1,47 1,39 1,207 1,40 1,41 1,42 0,43 1,157 1,206 1,45 0,47 1,64 1,74 0,65 0,66 0,67 1,68 0,70 1,71 1,72 1,75 0,64 0,74 0,65 0,66 0,68 1,69 0,70 0,71 1,73 0,75 0,76 1,162 1,78 1,79 1,164 0,85 1,87 1,191 1,168 1,89 0,193 1,194 0,214 1,169 1,195 1,210 1,196 1,197 1,92 1,94 1,96 1,97 1,98 1,100 0,101 0,103 1,104 1,106 1,172 0,198 1,109 1,110 0,112 1,113 1,114 1,174 1,116 1,117 0,119 0,120 1,121 0,175 1,176 1,123 1,124 1,124 0,83 0,125 0,214 0,126 1,207 0,52 0,67 0,128 1,219 1,200 1,217 1,201 0,183 1,132 0,215 1,135 1,137 1,140 0,186 0,141 0,142 0,203 1,204 1,187 1
user_000592	143 1,144 1,0 1,15 1,3 1,16 1,12 1,7 1,8 0,14 1,145 1,18 0,20 0,21 0,22 0,153 1,150 0,25 0,26 0,27 1,18 1,19 0,21 1,147 0,188 0,148 1,24 1,149 1,26 0,27 1,152 0,18 1,20 1,22 1,188 0,148 1,153 1,26 0,151 0,27 1,28 0,29 0,30 0,31 1,32 1,33 0,34 0,35 0,36 0,37 1,28 1,29 0,30 0,31 0,32 1,33 1,34 1,35 0,36 1,37 1,28 1,29 1,30 1,31 1,32 1,33 1,34 1,35 1,36 1,37 1,207 1,154 1,40 1,155 1,42 1,44 1,206 1,45 1,158 1,159 1,48 1,49 1,51 1,52 1,60 1,53 1,54 1,62 1,63 1,57 1,64 1,74 1,65 0,66 1,67 0,68 1,70 1,71 1,73 1,75 1,64 1,74 1,65 1,66 1,67 1,68 1,69 1,70 1,71 1,75 1,160 1,162 1,163 1,80 1,82 1,208 1,83 1,84 1,86 1,87 1,192 1,167 1,89 1,218 1,214 1,169 1,91 1,197 1,170 1,93 1
user_000593	10 1,0 1,2 1,3 1,4 1,5 0,7 1,17 1,8 1,9 1,28 1,29 1,30 1,31 1,32 0,33 1,34 1,35 0,36 1,37 1,154 1,155 1,189 1,41 1,42 1,43 1,156 1,157 1,158 1,47 1,49 1,59 1,50 1,51 1,60 1,53 1,54 1,55 1,63 1,57 1,64 1,65 1,66 1,67 1,68 0,70 1,71 1,72 1,73 1,75 1,161 1,77 1,165 1,84 1,85 1,87 1,191 1,192 1,125 0,89 1,218 1,193 1,209 1,196 1,90 1,91 1,211 1,197 1,93 1,95 1,96 0,97 1,98 0,100 1,101 0,105 0,172 1,198 1,107 0,173 1,108 1,109 1,112 1,113 1,114 1,174 1,115 1,116 1,117 1,118 1,120 1,175 1,176 0,122 1,124 1,77 1,81 1,87 1,125 1,214 1,207 1,52 1,73 1,219 1,179 1,129 1,180 1,130 1,217 0,182 1,132 1,133 1,215 1,135 1,136 1,137 1,138 1,139 1,204 1,187 1
user_000594	10 1,0 1,11 1,15 1,4 0,12 1,7 1,17 1,13 1,9 1,28 1,29 1,30 1,31 1,32 0,33 1,34 1,35 1,36 1,37 1,207 1,205 1,154 1,40 1,42 1,43 1,206 0,45 1,46 1,159 1,64 1,74 1,65 1,67 1,68 1,69 1,70 1,71 1,72 1,73 1,160 1,161 1,79 1,80 1,81 1,165 0,83 1,84 1,86 1,190 1,87 1,88 1,192 1,166 1,194 1,209 1,126 1,197 1,92 1,95 1,97 1,100 1,101 0,104 1,105 1,106 0,172 1,107 1,173 1,110 1,111 1,112 1,199 0,113 0,114 1,115 1,117 1,175 1,176 0,122 1,123 1,178 1,124 1,77 1,81 1,83 1,125 0,94 0,92 1,207 0,56 0,67 1,219 1,129 1,180 1,200 1,130 1,182 1,133 1,184 1,135 1,185 1,138 1,139 1,186 1,202 1,141 1,142 1,203 1,204 1
user_000595	10 1,143 1,0 1,11 1,3 1,16 1,5 1,17 1,8 1,14 1,152 1,145 1,18 1,146 1,20 1,23 1,153 1,149 1,25 1,26 1,28 1,29 1,30 1,31 1,32 1,33 1,34 1,35 1,36 1,37 1,38 1,154 1,40 1,155 1,189 1,206 1,45 1,158 1,159 1,47 1,48 1,49 1,50 1,51 1,53 1,54 1,62 1,55 1,63 1,57 1,64 1,74 1,65 1,66 1,67 1,68 1,69 1,70 1,71 1,73 1,160 1,161 1,77 1,81 1,208 1,165 1,83 1,85 1,86 1,87 1,191 1,125 1,166 1,167 1,89 1,209 1,169 1,126 1,171 1,94 1
user_000596	143 1,15 1,1 1,2 0,3 1,5 1,6 0,7 0,17 1,9 1,0 1,15 1,1 1,3 1,4 0,5 1,12 1,7 0,17 1,14 0,28 1,29 1,30 0,31 1,32 0,33 1,34 1,35 1,36 1,37 1,207 1,205 0,154 1,41 0,42 0,44 1,157 1,206 1,45 1,158 1,49 1,59 1,50 1,60 1,53 1,54 0,62 1,55 0,63 1,56 0,48 1,49 1,59 1,52 0,60 1,53 1,54 1,62 0,63 1,57 1,64 1,74 1,65 1,66 0,67 0,69 1,71 1,72 1,73 1,75 1,76 0,77 0,81 1,82 1,208 1,84 0,190 1,87 1,167 1,168 1,218 1,193 0,209 1,126 1,210 1,196 1,197 1,170 1,212 0,93 1,96 1,98 1,99 1,101 1,103 1,104 1,198 1,107 1,173 1,108 1,111 1,112 1,174 1,116 1,117 1,118 0,176 1,123 1,178 1,124 1,124 1,81 1,83 1,87 1,125 1,126 1,127 1,42 1,52 1,219 1,179 1,180 1,200 1,217 1,181 1,201 1,182 1,183 1,134 1,184 1,215 1,135 1,136 1,137 0,138 1,139 1,186 0,202 1,203 1,216 1
user_000597	10 1,144 1,0 1,15 1,3 1,16 1,5 0,12 1,9 1,14 1,10 1,143 0,0 1,15 1,2 1,5 1,6 1,17 1,9 1,14 1,143 1,11 1,15 1,1 0,4 0,16 1,12 1,7 1,17 1,13 1,145 1,146 1,19 1,21 1,147 1,148 1,153 1,150 1,25 1,151 1,28 1,29 1,30 1,31 1,32 1,33 1,34 1,35 1,36 1,37 1,38 1,39 1,207 1,40 0,155 1,44 1,206 1,45 1,158 1,159 1,38 1,207 1,154 1,41 1,42 1,206 1,158 1,46 1,159 1,47 1,48 1,49 1,59 1,50 1,51 1,60 1,53 1,61 1,55 1,56 1,64 1,65 1,66 1,68 0,69 1,70 1,71 1,72 1,73 1,75 1,64 1,74 1,65 1,66 1,67 1,68 1,69 1,71 0,73 1,75 1,64 1,74 1,65 1,66 1,67 1,68 1,69 1,71 1,73 1,75 1,213 1,102 1,106 0,172 1,198 1,173 1,108 1,109 1,110 0,111 1,199 1,114 1,117 1,119 1,120 1,121 1,176 1,122 1,178 1,124 1,124 1,83 1,87 1,125 1,214 0,126 1,94 1,207 1,67 1,73 1,128 1,179 1,129 1,200 1,217 1,181 1,201 1,131 1,182 1,183 1,132 1,133 1,134 1,136 1,185 1,138 1,186 1,202 1,203 1,216 1
user_000598	10 0,0 0,11 0,2 1,3 1,16 1,6 1,7 0,17 1,13 1,10 0,143 0,0 0,15 0,2 1,5 1,6 1,13 1,9 1,14 1,144 0,0 0,15 0,1 1,3 1,16 1,6 1,7 0,8 0,9 1,38 1,39 1,205 1,155 1,189 1,156 1,206 1,45 1,158 1,46 1,64 1,65 1,66 1,67 1,68 0,69 1,70 1,71 1,72 1,73 1,64 1,74 1,65 1,66 1,67 1,68 0,69 1,71 0,72 1,73 1,78 1,79 1,80 1,164 1,208 1,84 1,85 1,190 1,87 1,191 0,88 1,167 1,168 1,193 1,210 1,196 1,91 1,171 1,93 1,94 1,96 1,98 1,99 1,101 0,102 0,103 1,104 1,198 1,109 1,111 1,112 1,113 1,114 1,174 1,116 1,117 1,118 1,121 1,177 1,122 1,123 1,178 1,124 1,124 1,81 1,83 1,125 0,214 1,126 1,207 0,42 0,52 1,56 1,67 0,73 1,180 1,200 1,130 1,217 1,181 1,131 1,182 1,183 1,133 1,135 0,136 1,137 0,138 1,141 0,203 1
user_000599	10 1,144 1,0 1,15 0,3 1,5 0,12 1,7 1,8 0,14 1,143 0,144 1,0 1,3 1,4 0,5 1,12 1,8 0,13 1,14 1,144 1,15 1,2 0,3 1,4 1,16 0,6 0,17 0,13 1,14 1,152 0,145 1,18 1,21 1,22 1,24 1,153 1,25 1,151 1,27 1,28 1,29 1,30 1,31 1,32 1,33 1,34 1,35 1,36 1,37 1,39 1,205 1,189 0,41 0,42 0,44 0,156 1,206 1,46 0,159 1,58 1,49 0,59 0,50 0,52 0,53 0,61 0,62 1,56 1,57 1,74 1,66 1,67 0,68 1,69 0,70 0,71 0,72 0,73 1,75 1,161 1,77 1,78 0,163 1,81 1,208 1,165 1,190 1,88 1,166 1,167 1,89 0,218 0,193 1,194 0,209 1,210 0,90 0,212 1,94 1,98 1,99 1,100 0,213 1,101 1,103 1,106 1,198 1,107 1,109 1,110 0,111 1,113 1,116 1,120 0,122 1,123 1,124 0,83 1,125 1,214 0,127 0,94 1,42 0,59 0,52 1,56 1,67 0,128 1,219 1,129 1,200 1,130 0,201 1,131 0,183 1,132 0,133 1,134 0,215 1,136 0,185 1,137 1,139 1,140 0,186 1,141 0,142 0,216 1,187 1
user_000600	10 0,11 0,1 1,2 1,3 1,16 1,5 1,7 1,17 1,14 1,161 0,162 1,77 0,163 1,80 1,82 1,208 1,83 1,84 1,168 1,218 0,193 1,214 1,209 1,169 1,210 1,211 1,92 1,170 1,93 1,96 0,98 1,100 1,101 1,102 1,104 1,105 1,106 0,107 1,173 1,108 1,110 1,112 1,199 1,113 1,174 1,115 1,116 1,117 1,119 1,120 1,176 1,177 1,178 1,77 1,83 1,87 1,125 0,214 1,42 1,52 1,56 1,67 1,128 1,179 1,200 1,130 1,217 0,201 1,183 1,132 1,215 1,135 1,136 1,185 1,138 1,202 1,142 1,204 1,187 1
user_000601	10 1,143 0,144 1,2 0,3 1,12 0,6 0,7 0,17 1,13 1,143 1,0 1,11 0,2 0,3 1,12 1,6 1,17 1,13 1,9 1,143 1,144 1,0 1,1 1,4 1,5 1,12 1,17 1,13 1,9 1,146 1,19 1,21 1,147 1,188 1,148 1,153 1,25 1,151 1,27 1,28 1,29 1,30 1,31 1,32 1,33 1,34 1,35 1,36 1,37 1,48 1,49 1,51 1,60 1,53 1,61 1,62 1,55 1,63 1,56 1,64 0,74 1,65 1,66 1,67 1,69 1,70 1,71 1,72 1,73 1,65 1,66 1,67 1,68 1,69 1,70 1,71 1,72 1,73 1,75 1,213 1,101 0,102 1,104 1,106 1,172 1,107 1,173 1,108 1,110 1,112 1,113 1,114 1,174 1,116 0,117 1,119 1,175 1,123 1,178 1,77 1,81 1,127 1,94 1,92 1,207 1,42 1,56 1,67 1,179 1,180 1,200 1,130 1,181 1,201 1,131 1,182 1,132 1,133 1,215 1,135 1,185 1,137 1,140 1,186 1,202 1,141 1,203 1,216 1,187 1
user_000602	143 1,0 1,11 1,1 1,4 1,7 0,17 1,13 1,9 1,14 1,18 1,146 1,20 1,147 1,188 1,24 1,149 1,25 1,26 1,27 1,28 1,29 1,30 1,31 1,32 0,33 1,34 1,35 1,36 1,37 1,48 1,58 1,49 1,51 1,52 1,60 1,61 1,62 1,55 1,56 1,64 1,74 1,66 1,67 1,68 1,69 1,70 1,71 1,73 1,75 1,97 1,98 1,99 1,100 1,213 1,101 1,103 1,104 1,105 1,172 1,108 1,109 1,110 1,111 1,174 1,115 1,116 0,118 1,119 1,121 1,122 1,178 1,124 1,124 1,81 1,83 1,87 1,125 1,214 1,127 1,94 0,56 1,67 1,73 1,128 1,219 1,200 0,201 1,131 1,182 1,183 1,133 1,134 1,184 1,215 1,138 1,202 1,141 0,142 1,204 1
user_000603	10 1,143 1,144 1,2 0,4 0,16 0,12 1,7 0,8 1,9 1,144 1,0 1,1 0,2 1,4 1,5 1,6 1,17 1,13 1,14 0,160 1,79 1,81 1,165 1,84 1,85 1,86 1,190 1,87 1,191 1,125 1,167 1,218 1,169 1,195 1,196 1,90 1,212 1,93 1,94 1,96 0,99 1,213 1,101 1,102 1,106 0,172 1,107 1,109 1,113 1,114 1,174 1,115 1,117 1,118 1,119 1,175 1,176 1,177 1,178 1,124 1,124 1,77 1,81 1,125 1,127 1,94 1,207 1,42 1,52 1,56 1,73 1,219 1,129 1,180 1,200 1,130 1,181 1,131 1,183 1,132 1,184 1,215 1,185 1,137 1,138 1,186 1,142 1,203 1,216 1
user_000604	10 0,144 0,15 0,3 0,4 0,5 0,12 1,17 0,13 1,9 1,145 1,146 0,19 1,20 0,147 0,148 1,153 1,149 1,25 0,27 1,152 1,145 1,21 1,147 0,22 1,23 0,153 1,149 1,150 0,27 1,38 0,39 0,207 0,154 1,42 0,44 1,156 1,157 1,159 1,47 1,207 1,205 1,155 0,189 0,42 1,44 1,156 1,206 0,158 1,47 1,64 1,65 0,66 0,67 1,68 0,70 0,71 0,72 0,73 0,75 0,64 1,74 0,65 0,66 0,67 0,68 0,70 1,71 0,72 1,73 0,64 1,74 1,65 1,66 1,67 1,68 0,71 1,72 1,73 1,75 0,160 1,162 1,77 1,163 1,164 1,86 0,190 0,192 1,125 0,166 0,167 1,168 0,194 1,169 1,127 0,92 0,212 1,171 1,93 1,94 1,96 0,97 1,213 1,101 1,102 1,103 1,106 0,109 1,110 1,111 1,112 1,114 1,116 0,117 1,177 1,122 1,178 1,124 1,124 1,77 1,87 1,125 0,214 1,127 1,94 1,92 1,207 1,56 1,67 1,73 1,180 1,200 1,217 0,181 1,201 1,182 1,132 1,134 1,184 1,215 1,136 1,137 1,138 1,186 1,202 1,141 1,142 1,203 1,216 1,204 1
user_000605	143 0,144 1,11 1,15 0,1 1,16 0,5 1,13 1,9 0,14 1,143 1,144 1,0 1,11 0,3 1,5 0,12 1,7 1,9 0,14 1,145 1,18 0,21 1,22 1,188 0,23 1,148 1,24 1,153 0,149 0,28 1,29 0,30 1,31 0,32 0,33 0,34 0,35 0,36 1,37 1,28 1,29 0,30 1,31 1,32 1,33 1,34 1,35 0,36 1,37 1,48 1,58 0,59 1,50 1,51 1,53 1,61 0,54 1,63 1,57 1,64 1,74 1,65 1,66 1,67 0,68 1,69 1,70 0,73 1,75 1,98 1,99 1,100 1,101 1,102 1,105 1,198 1,107 1,173 1,110 1,199 1,113 1,114 0,174 1,115 1,118 1,119 1,121 1,176 1,177 1,122 1,178 1,83 1,127 1,92 1,52 1,67 1,128 1,129 1,130 1,217 1,181 1,201 1,182 1,132 1,134 1,184 1,215 1,135 1,136 1,185 1,138 0,140 1,186 1,202 1,142 1,203 1,216 1,204 1,187 1
user_000606	10 1,144 1,0 1,2 0,4 1,16 0,8 1,13 1,9 0,14 1,161 1,78 1,80 1,81 1,83 1,84 1,85 1,190 1,191 1,88 1,125 1,166 0,214 1,210 1,127 1,91 1,211 1,197 1,92 1,212 1,96 0,97 1,98 1,99 1,213 1,102 1,104 1,105 1,106 1,110 0,111 1,112 1,113 1,114 1,115 1,116 0,118 1,119 1,120 1,121 1,175 1,122 1,123 1,178 1,124 1,81 1,87 1,125 1,126 1,127 1,94 0,92 1,42 1,56 1,67 1,219 1,129 0,180 1,200 1,130 1,131 1,183 1,132 1,136 1,137 1,139 1,140 1,202 1,142 1,216 1
user_000607	144 1,0 1,11 1,2 1,3 1,7 1,17 1,8 1,13 1,9 1,152 1,18 1,146 1,21 1,188 1,148 1,153 1,149 1,26 1,151 1,28 1,29 1,30 1,31 1,32 1,33 1,34 1,35 1,36 1,37 1,38 1,155 1,189 1,41 1,42 1,156 1,206 1,158 1,159 1,47 1,48 1,58 1,59 1,50 1,52 1,60 1,54 1,62 1,63 1,56 1,64 1,74 1,66 1,67 1,68 1,69 1,70 1,72 1,73 1,75 1,99 1,101 1,102 1,172 1,198 1,173 1,109 1,111 1,174 1,119 1,120 1,121 1,175 1,176 1,123 1,178 1,124 1,124 1,81 1,125 1,126 1,127 1,94 1,92 1,42 1,52 1,128 1,219 1,179 1,180 1,130 1,217 0,181 1,201 1,131 1,182 1,133 1,184 1,215 1,136 1,185 1,138 1,139 1,140 0,186 1,142 1,203 1,216 1,204 1,187 1
user_000608	143 1,144 1,0 1,3 1,4 1,16 1,5 1,7 1,8 1,13 1,152 1,146 1,19 1,147 1,188 0,23 1,153 0,149 1,150 1,27 1,145 1,18 0,146 1,21 1,22 1,23 1,148 1,150 1,25 1,26 1,28 1,29 1,30 1,31 1,32 1,33 1,34 1,35 1,36 1,37 1,205 1,154 1,189 1,41 1,42 1,44 1,157 1,45 1,159 1,47 1,48 1,49 1,50 1,51 1,53 1,61 1,54 1,62 1,55 1,57 1,160 1,161 1,76 1,79 1,163 1,80 1,82 1,165 1,87 1,88 1,166 1,194 1,169 1,195 1,210 1,91 1,211 1,92 1,171 1,95 1
user_000609	143 1,0 1,11 1,15 0,3 0,16 1,6 1,17 1,9 1,14 1,18 0,146 1,21 1,147 0,22 1,148 1,149 1,150 1,25 1,26 1,207 1,205 1,40 1,41 1,42 1,43 1,44 1,156 1,206 1,158 1,48 1,58 1,59 1,51 1,60 1,61 1,54 1,62 1,55 1,56 1,64 1,74 1,65 1,66 1,67 1,68 1,69 1,71 1,72 1,73 1,160 1,76 1,78 1,163 1,80 1,164 1,84 1,86 1,87 1,191 1,88 1,125 1,168 1,193 1,210 1,91 1,211 1,92 1,170 1,95 1
user_000610	10 1,143 1,0 0,11 1,3 1,5 1,12 1,7 1,17 0,14 1,145 1,18 1,146 1,21 1,147 1,153 1,150 1,25 1,26 1,27 1,28 1,29 1,30 1,31 1,32 1,33 1,34 1,35 1,36 1,37 1,39 1,207 1,154 0,155 1,41 1,206 1,45 1,158 1,159 1,47 1,58 1,59 1,50 1,51 1,52 1,53 1,54 1,62 1,63 0,57 1,64 0,65 1,66 1,68 1,69 1,70 1,71 1,72 1,73 1,75 1,96 1,97 1,98 1,100 1,101 1,103 1,104 1,105 1,172 1,173 1,108 1,111 1,112 1,114 1,115 1,116 1,118 1,119 1,175 1,122 1,123 0,124 1,77 1,87 1,127 1,94 1,207 0,42 1,59 1,52 1,73 1,179 1,200 1,217 0,201 0,131 1,182 1,132 0,134 1,184 1,215 1,136 1,138 1,139 1,140 1,186 1,202 0,141 1,142 1,203 1
user_000611	28 1,29 1,30 1,31 1,32 0,33 1,34 1,35 1,36 1,37 1,28 0,29 0,30 0,31 0,32 0,33 0,34 0,35 0,36 0,37 0,64 1,74 1,65 0,66 1,67 1,68 1,69 0,70 1,71 1,72 1,161 1,79 1,163 1,81 1,164 0,208 0,83 1,86 1,191 1,88 1,166 1,167 1,218 1,193 0,194 1,195 1,91 1,92 0,93 1,94 1,99 1,213 1,102 1,104 1,172 1,198 1,107 0,108 1,109 1,111 0,199 1,114 1,174 1,115 1,118 1,120 1,121 1,176 1,177 1,178 0,124 1,81 1,214 1,126 1,127 1,94 1,92 0,207 1,52 0,56 1,67 1,128 0,219 1,179 1,180 1,200 1,131 0,183 0,132 0,133 0,184 1,215 1,136 1,137 0,139 1,186 1,142 1,216 1,204 0,187 1
user_000612	152 0,146 1,20 1,21 0,22 1,153 1,149 1,26 0,151 0,27 1,152 0,18 0,146 1,19 1,21 0,24 0,153 1,150 1,25 0,27 1,28 1,29 1,30 1,31 0,32 0,33 1,34 1,35 0,36 1,37 1,28 1,29 1,30 1,31 1,32 1,33 1,34 1,35 0,36 1,37 1,38 1,207 1,205 1,154 1,41 1,44 1,156 1,206 1,159 1,47 1,48 1,49 1,59 1,50 1,51 1,52 1,53 1,54 1,55 1,56 1,64 1,74 1,65 1,66 1,68 1,69 1,70 1,71 1,72 1,75 1,160 1,161 1,163 1,80 1,82 1,208 1,84 1,85 1,191 1,88 1,166 1,89 1,193 1,214 1,209 1,195 1,91 1,197 1,212 1,93 1
user_000613	205 0,154 0,155 1,189 1,42 1,156 1,157 1,45 1,158 1,159 1,38 1,205 1,154 1,189 1,42 1,43 1,156 1,157 1,46 1,159 1,207 1,154 1,40 1,155 1,189 1,156 1,45 1,158 1,159 1,47 1,48 1,50 1,51 1,52 1,60 1,61 1,62 1,55 1,63 1,57 1,48 1,49 1,59 0,52 1,60 1,53 1,61 1,54 1,63 1,57 1,59 0,52 1,60 1,61 1,54 1,62 1,55 0,63 1,56 1,57 1,64 1,74 0,65 1,66 1,67 0,69 1,71 1,72 1,73 1,75 1,64 1,74 1,65 1,66 1,67 0,68 1,69 1,70 1,72 1,73 1,64 1,74 1,65 1,67 1,68 1,69 1,70 1,72 1,73 1,75 1,77 1,79 1,163 1,80 1,165 1,84 1,85 1,86 1,191 1,88 1,192 1,167 1,218 1,214 1,169 1,195 0,211 1,92 1,171 1,93 1,96 1,97 1,98 1,99 1,213 1,102 1,103 1,105 1,106 1,172 1,107 1,108 1,110 1,199 1,174 1,115 1,120 1,121 1,175 1,176 1,177 1,123 1,124 1,77 1,87 1,125 1,126 0,127 0,207 0,73 0,128 0,180 0,200 0,130 0,217 0,181 0,201 0,131 0,182 0,132 0,134 0,215 0,135 0,136 0,138 0,186 0,142 0,216 0,204 0,187 0
user_000614	10 1,143 1,0 1,1 1,4 0,5 0,12 1,17 1,8 1,13 1,144 1,1 1,2 0,3 1,4 1,12 1,6 1,7 0,13 1,14 0,18 1,146 1,19 1,20 1,22 1,148 1,149 1,150 1,26 1,27 1,28 1,29 1,30 1,31 1,32 1,33 1,34 1,35 1,36 1,37 1,38 1,207 1,154 1,40 1,41 1,43 1,156 1,158 1,159 1,47 1,48 1,59 1,50 1,52 1,61 1,54 1,62 1,55 1,56 1,57 1,64 0,74 1,65 1,66 0,68 1,69 1,70 1,71 1,72 1,73 1,162 1,77 1,80 1,84 1,190 1,87 1,88 1,166 1,168 1,89 1,193 1,194 1,214 1,209 1,127 1,197 1,92 1,212 1,94 1,95 1
user_000615	10 1,143 1,0 1,11 1,15 1,16 1,12 1,6 1,7 1,9 1,152 0,18 0,146 1,21 0,188 0,23 0,24 1,153 0,26 1,27 1,28 1,29 1,30 1,31 1,32 1,33 1,34 1,35 1,36 1,37 1,48 0,50 0,51 1,53 1,61 1,54 0,62 1,55 0,63 0,57 1,64 0,74 0,66 0,67 0,68 0,69 0,71 0,72 0,73 0,75 0,64 0,65 1,66 1,67 1,68 1,69 1,71 1,72 0,73 0,75 1,98 1,213 1,101 1,104 1,106 1,172 1,198 1,108 1,109 1,110 1,113 1,114 1,117 1,119 1,121 1,176 1,177 1,123 1,178 1,124 1,77 1,83 1,214 1,126 1,127 1,207 1,42 1,59 1,52 1,73 1,219 1,179 0,180 1,200 0,130 1,181 1,131 1,183 0,132 0,133 1,134 1,184 1,135 1,136 1,138 1,139 1,202 1,142 1,216 1,204 1
user_000616	10 1,143 1,2 1,3 1,4 0,12 1,7 1,17 1,8 1,14 0,152 0,18 1,19 1,21 1,188 1,148 1,149 1,25 0,151 0,27 1,145 1,18 0,20 1,21 1,147 1,148 1,24 1,149 1,150 1,26 0,28 1,29 1,30 1,31 1,32 0,33 1,34 1,35 0,36 1,37 1,28 0,29 0,30 0,31 0,32 0,33 0,34 0,35 0,36 0,37 0,205 1,40 0,155 1,189 0,41 0,156 0,157 0,206 0,158 0,46 0,39 1,205 1,40 1,189 0,41 0,43 0,44 0,46 1,159 1,47 0,38 1,207 0,189 1,41 1,42 0,43 1,44 1,156 0,206 1,159 1,64 0,65 1,67 1,68 1,69 0,70 1,71 1,72 1,73 1,75 1,97 1,98 1,213 1,101 0,106 0,172 1,198 1,173 1,108 1,109 1,112 0,199 1,115 1,117 1,118 1,119 1,120 1,121 0,175 1,177 0,122 1,123 0,77 1,81 1,83 1,214 1,94 1,59 1,52 1,56 1,67 1,73 1,129 1,180 1,200 1,130 1,131 1,182 1,183 1,132 1,133 0,215 1,138 0,139 1,140 1,186 1,142 1,203 1,204 1,187 1
user_000617	160 1,161 1,76 1,77 0,79 0,81 1,83 1,84 1,85 1,86 1,190 1,191 1,88 0,89 1,218 1,214 1,169 1,195 1,92 1,170 1,97 1,213 1,101 1,104 1,106 1,173 0,108 1,109 1,110 1,111 1,199 1,114 1,174 1,115 1,118 0,121 1,175 1,122 1,123 1,77 0,81 0,125 0,214 1,126 1,94 0,92 0,207 1,42 1,59 1,52 1,67 0,73 1,219 1,180 1,200 1,130 1,217 0,181 1,182 1,185 1,137 1,138 1,139 1,140 1,186 1,202 1,141 1,216 1,204 0,187 0
user_000618	38 1,205 1,154 1,40 1,41 0,43 1,156 1,206 1,158 0,159 1,162 1,77 0,78 1,79 1,83 1,84 1,86 1,190 0,87 1,191 1,88 0,192 1,125 0,167 1,194 0,214 1,169 0,170 0,171 1,93 1,99 0,100 1,213 1,102 1,103 0,104 1,105 1,106 1,107 1,173 1,108 1,110 0,199 1,113 1,174 1,118 1,175 1,177 1,122 1,77 0,87 1,127 1,92 1,207 1,42 1,56 0,73 1,128 1,219 1,179 1,180 1,200 1,130 1,201 1,182 1,132 1,133 1,134 1,135 1,136 1,185 0,138 1,139 1,140 1,186 1,202 1,141 1,142 1,216 1,204 1
user_000619	10 1,143 1,144 0,15 1,2 1,5 1,6 1,17 1,8 1,14 1,11 1,15 1,1 1,3 1,4 1,5 1,12 1,6 1,7 1,17 1,152 1,18 1,19 0,21 1,188 1,24 1,150 1,26 1,151 1,27 1,28 1,29 1,30 1,31 1,32 1,33 1,34 1,35 1,36 1,37 1,49 1,59 1,50 1,51 1,52 1,53 1,61 1,54 1,62 1,63 1,64 1,74 1,66 1,67 1,68 1,69 1,70 1,71 1,72 1,73 1,99 1,100 1,101 1,104 1,106 1,173 1,110 1,111 1,112 1,174 1,117 1,120 1,121 1,176 1,177 1,178 1,124 1,81 1,83 1,87 1,214 1,126 0,94 1,42 1,56 1,67 1,128 1,219 1,179 1,129 1,130 1,181 1,201 1,182 1,183 1,133 1,134 1,184 1,215 1,136 1,137 1,138 1,139 1,140 1,186 1,202 1,142 1,216 1,204 1,187 1
user_000620	10 1,0 1,11 0,1 0,2 1,16 1,12 1,6 0,7 1,14 0,143 1,144 0,0 0,15 0,2 0,5 0,6 0,7 0,17 0,13 0,145 0,19 0,147 1,22 1,188 0,148 0,153 0,25 0,151 0,27 0,152 0,145 1,146 0,19 0,22 0,23 0,150 0,25 0,151 0,27 1,145 1,18 1,146 1,19 1,147 1,148 1,24 1,26 1,151 1,27 1,28 1,29 1,30 1,31 0,32 1,33 1,34 1,35 0,36 1,37 1,39 0,207 0,154 0,189 1,42 0,157 1,206 0,45 0,46 1,47 1,38 0,39 0,40 0,41 0,42 0,157 0,206 1,45 1,46 0,47 0,48 0,58 1,49 1,59 1,60 1,53 1,61 0,54 0,62 0,56 0,58 0,49 0,51 0,52 0,60 0,61 0,54 0,62 0,55 0,57 1,64 0,74 0,66 1,67 0,68 1,69 0,70 0,71 0,72 0,75 0,64 0,65 0,66 0,67 1,68 0,70 0,71 1,72 0,73 1,75 0,160 0,162 0,78 0,79 0,163 0,80 0,164 0,208 0,84 0,86 0,190 0,191 0,166 0,169 0,126 0,210 0,197 0,170 0,93 0,95 0,96 0,97 1,98 1,100 1,102 1,106 1,172 1,198 1,173 1,111 1,199 0,113 1,114 1,115 1,119 1,120 1,175 1,176 1,122 0,123 1,178 1,124 1,77 1,81 1,83 1,87 1,126 0,127 1,207 1,42 1,59 1,52 1,128 0,219 1,129 0,130 1,201 1,183 0,132 0,134 1,185 0,137 1,138 0,140 1,186 1,202 0,141 1,142 1,203 1,187 1
user_000621	10 1,11 1,15 0,2 0,4 1,16 0,12 1,6 1,17 0,9 1,152 1,18 0,20 0,21 0,22 1,148 1,149 1,26 0,151 0,27 1,28 1,29 1,30 1,31 0,32 0,33 1,34 1,35 0,36 1,37 1,39 1,207 0,154 0,189 1,42 0,44 0,156 1,157 0,45 0,47 0,64 0,74 0,65 0,66 0,67 0,68 0,69 1,71 0,72 0,75 0,96 1,97 1,98 0,100 1,101 1,102 1,103 0,198 1,173 1,113 1,114 1,115 1,116 1,117 1,119 1,121 1,175 1,176 1,178 1,77 0,81 0,87 1,214 1,126 1,127 1,207 1,52 1,56 0,67 1,73 1,128 1,179 1,200 1,181 1,201 0,131 0,182 1,183 1,134 1,215 1,138 1,140 1,186 1,202 1,141 1,142 1,203 1,216 1,204 1,187 0
user_000622	0 1,11 0,15 1,2 1,3 1,16 1,17 0,8 0,13 1,14 1,145 1,18 0,20 0,147 0,22 0,148 1,24 0,153 1,25 1,27 1,28 0,29 1,30 1,31 0,32 1,33 1,34 1,35 1,36 1,37 1,207 0,40 0,155 1,189 0,42 1,43 1,44 1,156 1,158 0,47 1,39 0,40 0,155 0,189 0,41 0,206 0,45 0,158 1,159 0,47 0,48 0,58 0,59 0,50 1,51 1,52 1,61 0,55 1,56 1,57 0,64 0,74 0,65 0,66 1,68 0,69 0,71 0,72 1,73 1,75 1,79 1,80 1,81 1,164 1,208 1,84 1,85 1,86 1,191 1,88 0,194 0,214 0,209 1,126 1,210 1,196 1,211 1,92 1,212 1,95 1
user_000623	10 1,143 1,2 0,3 1,4 1,16 1,12 1,8 0,13 1,14 1,10 1,144 1,15 1,3 1,4 1,16 1,5 1,6 1,17 1,9 1,145 1,18 1,146 1,21 1,188 1,148 0,153 1,149 1,25 1,27 1,18 1,19 0,20 1,147 0,188 1,23 1,148 1,24 1,153 1,150 1,152 1,145 1,20 1,21 1,147 1,23 1,24 1,150 1,25 1,27 1,38 1,207 1,205 1,189 1,41 1,156 1,45 1,46 1,159 1,47 1,58 1,49 1,59 1,51 1,60 1,53 1,54 1,62 0,63 0,57 1,58 0,59 1,51 1,52 1,60 1,53 1,54 1,55 1,63 0,56 1,48 1,49 1,59 1,50 1,53 1,54 1,62 1,55 1,56 1,57 1,65 1,66 1,67 0,68 1,69 1,70 1,71 1,72 1,73 0,75 1,64 0,74 1,65 1,67 1,68 1,69 1,70 1,72 1,73 1,75 1,64 1,74 1,65 1,67 1,68 1,69 1,70 1,71 1,72 1,75 1,96 1,97 0,98 1,99 1,100 1,213 1,101 0,106 1,198 0,173 1,108 1,112 1,199 1,113 1,114 1,174 1,115 1,116 1,118 1,119 1,120 1,121 1,175 1,122 1,124 1,77 1,87 0,214 1,127 1,92 1,207 1,42 1,52 0,56 1,67 1,128 1,219 1,129 1,180 1,181 1,201 1,131 1,182 1,132 1,135 1,185 1,140 1,202 1,142 1,216 0
user_000624	0 1,15 1,1 1,2 1,3 1,5 0,6 1,13 1,9 1,14 1,152 0,18 0,146 0,20 1,147 1,23 1,24 1,153 1,26 0,27 1,28 1,29 1,30 0,31 0,32 0,33 0,34 1,35 0,36 1,37 0,28 1,29 0,30 0,31 0,32 0,33 0,34 1,35 1,36 1,37 1,28 1,29 1,30 1,31 1,32 1,33 1,34 1,35 1,36 1,37 1,38 0,207 0,154 1,155 1,41 1,43 1,44 1,156 1,45 1,46 0,205 1,154 0,40 1,41 1,42 1,44 1,206 1,158 1,46 1,47 1,38 0,39 1,205 0,189 0,42 0,43 1,157 0,206 0,158 0,46 0,48 1,58 1,49 0,59 0,51 1,52 1,60 1,61 1,55 0,63 1,48 1,58 1,59 1,51 1,52 1,60 1,53 0,62 0,55 0,57 1,48 1,58 1,49 1,51 1,52 1,60 1,53 1,55 1,63 1,57 0,160 1,76 0,78 0,163 1,80 1,164 1,208 1,165 0,85 1,87 1,88 0,192 1,125 1,194 1,214 1,126 1,210 0,196 1,127 1,93 1
user_000625	143 1,0 0,11 0,2 1,4 0,16 1,5 1,6 1,7 1,13 1,145 1,18 0,20 1,21 0,22 1,24 1,153 1,150 1,151 0,27 1,28 1,29 1,30 1,31 1,32 1,33 1,34 1,35 1,36 1,37 1,48 1,59 1,50 1,52 1,53 1,61 1,54 1,62 1,55 1,56 1,64 0,74 0,65 0,66 1,67 0,68 1,70 1,71 1,73 1,75 1,97 1,98 0,99 0,100 0,102 0,103 0,105 1,106 1,198 1,173 1,108 1,110 1,199 1,174 1,115 1,117 1,176 1,177 1,122 0,123 1,178 1,124 1,77 0,81 0,83 0,214 1,126 1,94 1,92 1,59 1,52 0,73 1,128 0,179 1,129 1,180 1,217 1,181 1,131 1,182 1,133 1,134 1,184 1,136 1,137 1,138 1,140 1,216 1,204 1,187 1
user_000626	10 1,144 0,0 0,1 1,4 1,5 0,6 0,17 1,8 0,13 1,152 0,19 1,20 1,21 0,22 1,148 1,24 1,153 1,149 1,151 0,39 1,207 0,154 0,189 1,41 0,44 1,157 1,45 1,158 0,159 0,48 1,58 1,49 1,59 1,52 1,53 0,61 1,54 0,55 1,56 0,162 1,78 1,82 1,208 1,83 1,84 1,85 1,86 1,191 1,88 0,192 1,166 1,214 0,126 1,210 1,196 1,90 1,211 1,92 1,171 1
user_000627	152 0,146 0,19 0,20 0,21 0,149 1,150 0,25 1,26 0,151 0,152 0,18 0,19 0,21 0,22 0,24 1,149 1,150 0,26 0,27 0,28 1,29 1,30 1,31 1,32 1,33 1,34 1,35 1,36 1,37 1,38 0,205 1,40 0,189 1,41 1,43 1,44 0,156 1,206 1,46 1,48 0,58 1,49 1,59 1,52 0,60 0,54 0,55 1,56 0,57 1,160 1,76 1,162 0,80 1,81 1,165 1,85 1,86 1,190 1,166 1,168 1,89 1,169 1,195 1,90 1,127 1,211 1,212 1,171 1,94 1
user_000628	143 1,144 1,11 1,2 1,3 1,5 1,12 1,7 1,17 1,14 1,152 0,18 0,147 1,22 1,188 1,153 1,150 0,25 0,26 0,27 1,19 0,20 1,21 1,147 1,188 1,150 1,25 1,26 1,151 1,27 1,64 0,66 1,67 0,68 0,69 0,70 1,71 0,72 0,73 0,75 0,64 1,74 0,66 1,67 1,69 1,70 1,71 1,72 1,73 1,75 1,96 1,99 1,102 1,103 0,106 1,198 1,109 1,111 1,199 1,113 1,114 1,174 1,115 1,116 1,118 1,119 1,120 1,177 1,124 1,77 0,83 0,214 1,127 1,94 0,92 0,207 1,42 1,59 1,56 0,67 0,73 1,128 1,219 1,179 1,200 1,130 1,181 1,201 1,131 1,182 1,132 1,135 1,136 1,137 1,138 1,186 1,141 1,203 1,216 1,204 1
user_000629	145 1,18 0,19 1,20 1,188 1,149 1,150 1,25 1,151 1,27 1,207 1,205 1,154 1,40 0,189 1,156 1,157 1,206 0,158 1,159 0,38 1,39 0,205 1,41 1,42 1,44 1,206 1,158 1,159 1,47 1,76 1,77 1,78 1,82 1,164 1,83 0,87 1,125 1,166 1,168 1,193 1,214 1,209 1,126 1,90 1,197 1,170 1,171 0,94 1,95 1
user_000630	10 0,144 0,0 0,2 1,4 0,12 1,7 1,17 0,8 0,13 1,144 1,11 0,15 0,1 1,2 1,5 0,7 1,8 0,13 1,14 1,64 0,65 0,67 0,68 0,69 1,70 0,71 0,72 0,73 0,75 1,64 0,65 0,66 1,67 0,69 1,70 1,71 0,72 0,73 1,75 1,96 1,98 1,213 1,101 1,102 1,103 1,172 1,198 1,173 0,108 1,109 1,199 1,113 1,117 1,118 1,121 1,175 1,176 1,177 1,122 1,123 1,178 1,124 0,77 0,126 1,127 1,94 1,42 1,52 1,56 0,67 1,73 1,219 1,179 1,130 1,181 1,182 1,132 1,134 1,184 1,215 1,135 1,137 1,139 1,140 1,186 1,141 1,203 1,216 1,187 0
user_000631	143 0,144 0,0 1,15 1,4 0,12 0,8 0,13 0,9 0,14 0,10 1,143 0,0 1,15 1,1 0,5 1,12 0,7 1,13 1,14 0,160 1,76 1,79 1,80 1,81 1,82 1,208 0,190 1,87 1,191 1,166 1,168 1,214 1,195 1,210 1,90 1,91 1,197 1,93 1,94 1
user_000632	161 1,79 1,163 1,82 1,208 1,85 1,87 1,192 1,125 1,167 1,168 1,194 1,214 1,169 1,210 1,90 1,92 1,170 1,94 1,95 1,96 0,97 0,100 0,101 0,104 0,105 0,106 0,172 0,198 0,173 0,108 0,110 0,111 0,199 0,118 0,121 0,175 0,176 0,177 0,122 0,178 0,124 0,81 0,83 0,87 0,125 0,92 0,207 0,52 0,67 0,73 0,128 0,219 0,179 0,129 0,217 0,181 0,131 0,183 0,133 0,134 0,184 0,136 0,137 0,140 0,186 0,141 0,142 0,203 0,204 0
user_000633	161 1,76 1,78 1,80 1,82 1,84 1,86 1,190 1,191 1,88 1,167 1,193 1,209 1,126 1,196 1,90 1,91 1,212 1,93 1,95 1
user_000634	161 1,162 1,78 1,81 1,82 1,164 1,208 1,83 1,86 1,87 1,191 1,125 1,193 1,196 1,211 1,197 1,92 1,171 1,93 1,94 1
user_000635	160 1,161 1,80 1,208 1,85 1,86 1,190 1,87 1,125 1,89 1,193 1,194 1,169 1,126 1,195 1,210 1,127 1,212 1,93 1,94 1
user_000636	160 1,161 1,76 1,162 1,80 1,81 1,82 1,164 1,85 1,86 1,192 1,89 1,218 1,194 1,209 1,169 1,195 1,210 1,90 1,92 1
user_000637	160 1,76 1,163 1,81 1,165 1,83 1,85 1,86 1,87 1,191 1,194 1,169 1,195 1,210 1,90 1,127 1,211 1,92 1,170 1,94 1
user_000638	160 1,161 1,77 1,79 1,163 1,165 0,86 1,191 1,88 1,192 1,166 1,89 1,169 1,195 1,196 1,90 1,127 1,91 1,170 1,93 1
user_000639	162 1,79 1,163 1,165 1,85 1,86 1,190 1,192 1,166 1,167 1,168 1,89 0,218 1,126 1,90 1,91 1,92 1,171 1,93 1,95 1
user_000640	160 1,79 1,82 1,208 1,165 1,86 1,190 1,88 1,166 1,167 1,168 1,194 1,169 1,126 0,90 1,127 1,92 1,93 1,94 1,95 1
user_000641	143 0,0 1,11 0,1 1,3 1,5 1,6 0,7 1,9 0,14 0,144 1,0 1,11 0,15 0,4 0,12 1,7 1,17 0,9 0,14 1,10 1,15 1,1 1,2 1,4 1,12 1,6 0,7 1,8 0,9 0,207 1,154 1,40 0,189 0,41 0,44 1,157 1,45 1,159 0,47 0,64 0,74 0,65 0,66 1,67 0,68 0,69 0,70 0,71 1,75 0,64 0,74 0,65 0,66 0,67 0,68 0,69 1,71 1,72 1,73 1,64 1,74 1,65 0,66 1,68 1,69 1,70 0,71 1,73 1,75 0,161 1,76 0,77 0,78 1,79 1,163 0,208 1,83 0,84 0,86 0,190 0,87 1,192 0,89 0,218 0,210 0,90 0,91 0,211 1,212 1,99 1,213 0,101 1,102 1,103 0,172 0,107 0,173 1,108 0,112 1,199 0,113 1,115 0,116 0,117 1,118 0,119 0,175 0,176 1,123 0,178 0,81 1,87 0,214 0,127 1,94 0,92 0,207 0,42 1,59 0,56 0,67 0,73 1,128 0,179 0,217 1,181 0,131 0,132 0,133 1,134 0,215 1,185 1,137 0,138 0,139 0,140 1,142 0,216 1,187 1
user_000642	76 1,77 1,163 1,81 1,82 1,164 1,83 1,88 0,125 1,168 1,209 1,169 1,126 1,195 1,127 1,91 0,170 1,171 1,93 1,94 1
user_000643	160 1,76 1,162 1,163 1,80 1,164 1,208 1,165 1,84 1,86 1,87 1,88 0,125 1,167 1,168 1,218 0,126 1,196 1,91 1,197 1
user_000644	160 1,81 1,82 1,208 1,190 1,87 1,191 1,88 0,192 1,125 1,166 1,168 1,218 0,214 1,210 1,90 1,127 1,211 1,92 1,94 1
user_000645	143 1,144 0,0 1,15 1,1 0,5 0,6 0,7 0,8 0,13 0,144 1,0 1,15 1,2 0,4 1,6 0,17 1,8 0,13 0,9 1,143 0,144 1,15 1,2 1,4 1,16 1,5 1,6 1,8 1,13 1,145 1,146 1,147 1,22 1,188 0,148 1,24 1,149 1,26 1,27 1,28 1,29 1,30 1,31 1,32 1,33 1,34 1,35 1,36 1,37 1,48 1,58 0,50 0,51 1,60 1,53 0,61 0,54 1,62 1,57 0
user_000646	143 0,144 1,1 0,2 0,4 0,7 1,17 1,8 0,13 1,14 1,10 1,11 0,15 1,1 0,3 0,5 1,17 1,13 1,9 0,14 1,143 1,0 1,11 1,1 0,3 1,5 0,12 1,17 1,8 0,14 1,152 0,18 1,20 1,147 1,188 1,24 0,149 0,26 1,151 1,27 1,18 1,146 1,20 1,21 1,22 1,148 1,153 1,149 1,150 1,27 1,28 0,29 1,30 1,31 1,32 0,33 0,34 1,35 1,36 1,37 1,28 1,29 1,30 1,31 1,32 1,33 1,34 1,35 1,36 1,37 1,28 0,29 0,30 0,31 0,32 0,33 0,34 0,35 0,36 0,37 0,48 0,58 1,49 0,50 1,60 0,53 1,54 0,62 1,55 1,63 1,58 1,49 1,59 1,51 1,60 1,53 1,54 1,55 1,63 1,56 1,64 1,74 1,65 1,67 1,68 1,69 1,70 1,71 1,72 1,73 1,96 1,97 0,98 1,100 1,213 1,103 1,104 0,105 0,106 0,172 0,173 0,108 0,111 0,112 0,113 0,114 0,174 0,116 0,117 0,119 0,120 0,121 0,175 0,177 0,178 0,124 0,77 0,87 0,125 0,214 0,126 0,207 0,42 0,67 0,73 0,200 0,201 0,183 0,133 0,134 0,215 0,136 0,185 0,137 0,139 0,140 0,186 0,202 0,216 0,204 0
user_000647	10 1,143 1,0 1,2 1,3 1,16 0,5 0,17 1,13 1,9 1,10 1,11 1,15 1,2 1,4 1,16 0,5 0,7 1,13 1,14 1,10 1,143 1,15 1,2 1,4 1,5 1,12 1,6 1,9 1,14 1,18 1,20 1,21 1,147 1,22 1,148 1,150 1,26 1,151 1,27 1,145 1,19 1,21 1,147 1,22 1,24 1,149 1,150 1,151 1,27 1,28 1,29 1,30 1,31 1,32 1,33 1,34 1,35 1,36 1,37 1,28 1,29 1,30 1,31 1,32 1,33 1,34 1,35 1,36 1,37 1,28 1,29 1,30 1,31 1,32 1,33 1,34 1,35 1,36 1,37 1,38 1,205 1,154 1,155 1,42 1,44 1,157 1,158 1,46 1,47 1,160 0,161 0,76 0,80 0,208 0,165 0,83 0,86 0,87 0,88 0,125 0,167 0,193 0,209 0,169 0,126 0,195 0,196 0,90 0,91 0
user_000648	143 1,144 1,0 1,3 1,4 1,16 0,6 1,8 0,13 0,9 1,10 1,144 1,1 1,2 0,4 1,16 0,5 0,6 1,7 0,9 1,28 0,29 0,30 0,31 0,32 0,33 0,34 0,35 0,36 0,37 0,81 1,164 1,208 1,83 0,84 1,85 1,86 1,190 1,194 1,214 0,209 0,195 0,210 0,90 1,127 1,91 0,211 0,197 0,170 1,171 0
user_000649	143 1,144 1,11 0,1 1,2 0,16 1,12 1,6 0,8 0,13 1,144 1,0 1,11 1,1 1,2 1,16 1,5 1,17 1,9 0,14 1,10 1,144 1,11 1,15 1,1 1,16 1,12 1,17 1,13 1,9 0,152 1,19 0,20 1,21 0,147 1,24 0,149 1,25 0,26 1,151 0,28 1,29 1,30 1,31 1,32 1,33 1,34 1,35 1,36 1,37 1,28 1,29 1,30 1,31 1,32 1,33 1,34 1,35 1,36 1,37 1,28 1,29 1,30 1,31 1,32 1,33 1,34 1,35 1,36 1,37 1
user_000650	160 1,76 1,78 0,82 1,83 1,192 1,125 1,166 1,167 1,168 0,89 1,194 0,214 0,209 0,196 0,197 0,170 0,171 0,93 0,95 0
user_000651	39 0,40 0,155 0,41 0,42 0,44 1,206 1,158 0,159 0,47 0,48 0,58 1,59 0,51 0,60 0,54 0,62 0,63 0,56 1,57 0
user_000652	161 1,162 1,79 1,163 1,83 1,84 1,85 1,86 1,191 0,166 0,89 0,194 0,214 0,169 0,90 0,91 0,197 0,92 0,170 0,94 0
user_000653	64 0,65 0,66 1,67 1,68 0,69 0,71 1,72 1,73 0,75 0
user_000654	143 1,11 1,15 0,2 0,4 0,16 1,5 1,12 1,13 1,9 1
user_000655	98 0,100 1,213 0,101 1,103 0,105 1,106 0,173 0,108 1,111 1,112 0,199 0,113 0,114 0,115 1,119 0,121 1,175 1,176 0,123 0,178 0,124 0,77 0,87 0,214 0,126 0,127 1,94 0,207 1,42 0,59 0,219 0,180 0,217 0,201 1,131 1,182 0,134 1,184 0,215 0,136 0,185 0,138 0,139 0,186 1,141 1,203 0,216 1,204 0,187 0
user_000656	18 0,146 1,19 1,147 1,188 1,23 1,148 1,24 1,153 0,150 1,28 1,29 1,30 1,31 1,32 1,33 0,34 0,35 0,36 1,37 1,28 1,29 1,30 1,31 1,32 1,33 1,34 1,35 1,36 1,37 1,38 1,207 0,155 0,189 1,42 0,43 1,156 1,45 0,46 1,47 1,39 1,207 1,205 1,40 1,42 1,43 1,44 1,156 1,157 1,46 1,154 1,40 1,155 1,41 1,42 1,44 1,157 1,206 1,46 1,159 1,48 1,59 1,50 1,51 1,60 1,53 1,54 0,55 1,63 0,56 1,96 0,97 0,100 0,101 0,105 0,172 0,107 0,108 0,109 0,111 0,113 0,114 0,174 0,115 0,116 0,118 0,119 0,121 0,175 0,176 0,177 0,178 0,124 0,81 0,87 0,214 0,126 0,94 0,92 0,59 0,52 0,73 0,219 0,180 0,130 0,181 0,201 0,183 0,132 0,133 0,135 0,136 0,185 0,137 0,138 0,139 0,140 0,141 0,216 0,187 0
user_000657	161 1,76 1,163 1,82 0,165 0,83 0,86 0,87 0,191 0,88 0,89 0,218 0,126 0,90 0,127 1,91 1,212 0,171 0,94 1,95 0
user_000658	162 1,77 0,79 0,82 1,164 1,208 1,165 0,86 0,88 0,167 0,193 1,214 0,209 0,169 0,196 0,127 0,92 0,171 0,94 0,95 0,96 0,98 0,101 0,102 0,103 0,172 0,198 0,107 0,110 0,111 0,112 0,199 0,113 0,174 0,116 0,117 0,119 0,120 0,177 0,123 0,178 0,124 0,77 0,81 0,87 0,127 0,94 0,207 0,42 0,52 0,56 0,67 0,219 0,179 0,129 0,180 0,130 0,181 0,131 0,182 0,183 0,132 0,215 0,138 0,140 0,202 0,141 0,142 0,216 0,204 0
user_000659	145 0,18 0,146 0,19 0,21 0,23 0,150 0,26 0,151 0,27 0,28 0,29 1,30 1,31 1,32 1,33 1,34 1,35 1,36 1,37 1
user_000660	160 0,163 0,164 0,208 0,165 0,84 0,190 0,87 0,191 0,125 0,167 0,214 0,169 1,195 1,90 0,127 0,91 0,211 1,197 1,170 0
user_000661	144 0,0 0,15 0,2 0,3 0,5 0,12 0,6 0,13 0,14 0,143 0,144 0,0 0,2 0,3 0,5 0,6 0,7 0,13 0,14 0,152 1,145 1,20 0,22 0,188 0,23 1,148 1,24 1,26 1,151 0,152 0,145 1,146 0,19 1,147 0,23 0,150 0,25 0,151 0,27 1,39 1,207 0,154 1,41 0,42 0,43 0,44 1,156 1,206 0,46 1,39 1,207 0,205 1,189 1,42 1,43 1,44 1,156 1,157 1,159 1,39 0,207 0,155 0,189 0,41 0,157 0,45 0,158 0,159 0,47 0,48 0,51 0,52 0,60 1,54 0,62 1,55 0,63 1,56 0,57 0,48 0,58 0,49 0,50 0,52 0,53 0,61 0,62 1,63 1,56 1,48 1,50 0,52 0,60 1,61 0,54 0,62 1,55 1,63 1,57 1,160 0,161 0,77 0,80 0,82 0,164 0,87 0,88 0,166 0,167 0,194 0,209 0,169 0,126 0,196 0,91 0,92 0,170 0,171 0,94 0
user_000662	162 1,77 0,81 1,84 0,85 1,190 0,192 0,166 0,167 0,168 0,89 0,218 0,214 0,209 0,126 0,210 0,92 0,170 0,94 0,95 0
user_000663	10 1,144 1,0 1,11 0,1 1,16 1,5 1,12 1,17 1,9 1,28 1,29 0,30 1,31 1,32 1,33 0,34 1,35 1,36 1,37 0,28 1,29 1,30 1,31 1,32 1,33 0,34 1,35 0,36 1,37 0
user_000664	0 1,11 1,15 1,3 1,4 1,5 1,12 1,7 1,17 1,9 1
user_000665	10 1,144 1,0 1,11 1,3 1,16 1,12 1,17 1,13 1,9 1
user_000666	10 0,144 0,11 0,15 0,2 0,16 0,6 0,7 0,17 0,14 0,10 1,143 1,0 1,15 1,1 1,5 1,12 1,6 1,13 1,14 1
user_000667	143 1,0 1,15 1,2 0,4 1,6 0,7 0,17 1,8 0,9 0,11 1,15 1,1 0,3 1,4 1,16 1,12 1,6 1,8 1,14 1
user_000668	58 0,59 0,50 0,53 0,61 0,54 0,62 0,55 0,63 0,57 0,49 0,59 0,50 0,51 0,52 0,60 0,53 0,54 0,62 0,63 0,48 0,58 0,49 0,59 0,50 0,51 0,60 0,61 0,56 0,57 0,64 0,74 0,65 0,66 0,67 0,68 0,70 0,71 0,72 0,75 0
user_000669	143 1,11 1,1 1,3 0,4 0,12 1,6 0,17 1,8 0,14 1,0 1,11 1,15 1,3 1,4 1,5 1,12 1,6 0,8 0,13 0,28 0,29 0,30 0,31 0,32 0,33 0,34 0,35 0,36 0,37 0
user_000670	143 1,144 1,0 1,15 1,2 1,16 1,6 1,7 1,8 1,9 1
user_000671	0 0,11 0,15 0,1 0,4 0,16 0,6 0,17 0,13 0,9 0,28 1,29 1,30 1,31 1,32 1,33 1,34 1,35 1,36 1,37 1
user_000672	28 0,29 1,30 1,31 0,32 0,33 0,34 1,35 1,36 1,37 1,28 0,29 0,30 0,31 0,32 0,33 0,34 0,35 0,36 0,37 0
user_000673	205 1,40 1,155 1,189 1,42 1,45 1,158 1,46 0,159 1,47 1,207 0,205 0,40 0,155 0,189 0,43 0,206 0,45 0,158 0,47 0,96 0,99 0,213 0,101 0,103 0,104 0,106 0,172 0,107 0,173 0,108 0,109 0,110 0,111 0,112 0,113 0,114 0,117 0,121 0,175 0,176 0,122 0,123 0,124 0,124 0,83 0,125 0,214 0,126 0,127 0,42 0,56 0,67 0,73 0,219 0,181 0,201 0,131 0,183 0,133 0,134 0,184 0,215 0,135 0,136 0,185 0,137 0,139 0,202 0,142 0
user_000674	10 1,143 0,144 1,0 1,15 1,16 1,6 1,7 1,9 1,14 1
user_000675	10 1,144 1,0 1,11 1,2 1,16 0,12 0,7 1,13 1,14 1
user_000676	28 0,29 0,30 0,31 0,32 0,33 0,34 0,35 0,36 0,37 0,39 0,154 0,155 0,41 0,42 0,43 0,157 0,45 0,46 0,159 0,49 1,50 0,51 0,52 0,60 0,53 0,62 0,55 0,56 1,57 1,58 0,49 1,59 0,51 0,52 0,60 0,53 0,62 1,55 1,63 0,59 0,50 0,51 0,52 0,60 0,61 0,62 1,63 0,56 0,57 0,161 0,163 0,81 0,86 0,190 0,87 0,191 0,125 0,167 0,89 0,218 0,214 0,209 0,126 0,195 0,196 0,92 0,170 0,212 0,171 0
user_000677	10 1,143 1,0 1,15 1,1 1,6 0,7 0,13 1,9 0,14 0
user_000678	10 1,0 1,11 0,15 1,3 0,5 1,6 1,8 0,9 0,14 1
user_000679	10 1,144 1,0 1,15 1,3 0,16 1,5 1,6 0,13 0,9 0,143 0,144 0,0 0,3 0,4 0,5 0,7 0,17 0,13 0,14 0,143 0,0 0,1 0,3 0,4 0,5 0,6 0,17 0,8 0,13 0
user_000680	64 1,74 0,65 0,66 0,68 0,69 0,70 0,71 0,72 0,75 0
user_000681	28 0,29 0,30 0,31 0,32 1,33 0,34 0,35 0,36 0,37 0,28 1,29 0,30 1,31 1,32 1,33 1,34 0,35 0,36 0,37 0,28 0,29 0,30 0,31 0,32 0,33 0,34 0,35 0,36 0,37 0
user_000682	207 0,154 1,40 1,155 0,41 0,43 1,44 0,157 1,158 0,46 1
user_000683	0 0,11 1,15 0,2 1,3 1,16 1,12 0,6 0,7 0,13 0,143 0,0 0,11 1,1 1,3 0,6 0,7 0,17 0,8 0,13 0,144 1,11 0,1 1,2 0,4 0,16 1,5 0,6 1,17 1,8 0
user_000684	97 0,98 1,99 1,101 0,102 0,104 0,106 0,198 0,108 0,109 0,110 0,111 0,174 0,115 0,116 0,117 0,118 0,120 0,121 0,122 0,124 0,77 0,81 0,87 0,125 0,126 0,94 0,42 0,59 0,56 0,67 0,219 0,179 0,180 0,130 0,181 0,131 0,182 0,132 0,134 0,215 0,185 0,138 0,139 0,140 0,186 0,141 0,142 0,216 0,187 0
user_000685	144 1,0 0,11 0,1 0,2 0,16 0,17 1,13 0,9 0,14 0
user_000686	64 1,65 1,66 0,67 0,69 1,70 1,71 0,72 0,73 0,75 0
user_000687	10 1,144 0,15 1,1 1,2 1,16 0,5 0,7 0,8 0,14 0
user_000688	144 1,1 1,2 0,3 0,4 0,6 0,7 0,8 0,9 0,14 1,10 0,143 0,15 0,3 0,4 0,5 0,12 0,6 0,13 0,9 0
user_000689	97 1,98 0,99 0,213 0,101 0,102 0,103 0,106 0,172 0,198 0,173 0,108 0,109 0,111 0,199 0,116 0,118 0,120 0,121 0,175 0,176 0,178 0,124 0,77 0,81 0,83 0,125 0,126 0,92 0,59 0,128 0,219 0,179 0,129 0,180 0,200 0,217 0,181 0,133 0,134 0,215 0,135 0,185 0,137 0,138 0,140 0,202 0,141 0,142 0,203 0
user_000690	98 0,99 1,100 0,213 0,102 0,104 0,198 0,107 0,173 0,109 0,111 0,199 0,113 0,115 0,118 0,120 0,121 0,176 0,177 0,124 0,124 0,77 0,81 0,87 0,214 0,94 0,92 0,59 0,52 0,73 0,129 0,180 0,200 0,130 0,217 0,201 0,182 0,183 0,133 0,134 0,184 0,135 0,138 0,139 0,140 0,202 0,142 0,216 0,204 0,187 0
user_000691	96 1,213 0,104 0,105 0,106 0,172 0,198 0,109 0,110 0,199 0,113 0,114 0,118 0,120 0,121 0,175 0,176 0,122 0,123 0,124 0,124 0,77 0,81 0,83 0,87 0,214 0,127 0,94 0,92 0,52 0,56 0,73 0,128 0,219 0,180 0,200 0,130 0,217 0,201 0,182 0,183 0,134 0,136 0,139 0,140 0,186 0,142 0,203 0,216 0,204 0
user_000692	98 1,99 0,102 0,103 0,104 0,172 0,107 0,173 0,108 0,109 0,110 0,111 0,112 0,199 0,174 0,115 0,117 0,119 0,120 0,121 0,122 0,178 0,124 0,77 0,81 0,83 0,125 0,126 0,94 0,92 0,207 0,67 0,73 0,128 0,180 0,130 0,217 0,181 0,182 0,183 0,132 0,134 0,215 0,135 0,137 0,139 0,140 0,203 0,216 0,187 0
user_000693	48 0,58 1,51 0,52 0,60 0,61 0,54 0,55 0,63 0,56 0
user_000694	143 0,11 0,1 0,3 0,4 0,12 0,7 0,17 0,13 1,9 0
user_000695	28 0,29 0,30 0,31 0,32 0,33 0,34 0,35 0,36 0,37 0
user_000696	38 0,39 0,207 0,205 0,189 0,44 0,156 0,45 0,46 0,47 0
user_000697	161 0,76 0,162 0,79 0,81 0,82 0,208 0,84 0,192 0,166 0,168 0,89 0,218 0,194 0,214 0,209 0,210 0,196 0,91 0,171 0
user_000698	152 0,18 0,146 0,19 0,22 0,149 0,150 0,25 0,26 0,27 0,65 0,66 0,67 0,68 0,69 0,70 0,71 0,72 0,73 0,75 0
user_000699	160 0,78 0,81 0,165 0,83 0,84 0,86 0,190 0,191 0,192 0,166 0,193 0,214 0,209 0,90 0,91 0,211 0,197 0,92 0,95 0,96 0,98 0,100 0,213 0,105 0,107 0,173 0,110 0,111 0,112 0,199 0,113 0,114 0,115 0,117 0,121 0,176 0,177 0,122 0,123 0,178 0,124 0,124 0,77 0,81 0,87 0,125 0,126 0,127 0,92 0,59 0,67 0,179 0,180 0,200 0,217 0,201 0,131 0,182 0,183 0,133 0,215 0,185 0,139 0,140 0,186 0,202 0,142 0,204 0,187 0
user_000700	96 0,97 0,99 0,101 0,102 0,103 0,104 0,105 0,106 0,172 0,108 0,112 0,199 0,115 0,116 0,117 0,118 0,119 0,121 0,175 0,176 0,177 0,122 0,124 0,124 0,77 0,126 0,42 0,52 0,56 0,67 0,128 0,180 0,130 0,181 0,201 0,131 0,133 0,134 0,215 0,135 0,136 0,185 0,139 0,140 0,202 0,141 0,142 0,203 0,204 0
user_000701	10 0,11 0,15 0,1 0,4 0,5 0,7 0,17 0,9 0,14 0
user_000702	160 0,161 0,76 0,77 0,163 0,81 0,83 0,85 0,190 0,191 0,167 0,168 0,193 0,194 0,196 0,90 0,211 0,171 0,94 0,95 0,96 0,97 0,100 0,213 0,102 0,103 0,198 0,108 0,110 0,111 0,112 0,113 0,174 0,115 0,116 0,117 0,118 0,120 0,121 0,175 0,176 0,122 0,123 0,178 0,124 0,77 0,81 0,87 0,125 0,126 0,59 0,52 0,56 0,219 0,179 0,180 0,200 0,217 0,181 0,182 0,183 0,133 0,134 0,215 0,185 0,140 0,186 0,202 0,203 0,187 0
user_000703	96 0,100 0,213 0,101 0,102 0,104 0,105 0,106 0,173 0,109 0,110 0,111 0,114 0,174 0,115 0,118 0,119 0,176 0,122 0,178 0,124 0,77 0,81 0,83 0,87 0,125 0,214 0,126 0,127 0,94 0,92 0,59 0,52 0,56 0,73 0,129 0,200 0,217 0,131 0,182 0,183 0,133 0,135 0,136 0,185 0,138 0,186 0,202 0,203 0,187 0
user_000704	10 0,143 0,11 0,3 0,4 0,5 0,12 0,7 0,17 0,13 0
user_000705	28 0,29 0,30 0,31 0,32 0,33 0,34 0,35 0,36 0,37 0,28 0,29 0,30 0,31 0,32 0,33 0,34 0,35 0,36 0,37 0
user_000706	10 0,11 0,15 0,1 0,2 0,5 0,17 0,8 0,13 0,9 0,10 0,11 0,1 0,2 0,4 0,16 0,12 0,8 0,9 0,14 0
user_000707	144 0,0 0,15 0,1 0,3 0,5 0,12 0,6 0,7 0,9 0
